Date,BA,EADSY
2015-01-02,113.65721130371094,10.608044624328613
2015-01-05,112.87005615234375,10.616584777832031
2015-01-06,111.54061889648438,10.795948028564453
2015-01-07,113.27238464355469,11.111968040466309
2015-01-08,115.2752456665039,11.410906791687012
2015-01-09,115.04785919189453,11.274249076843262
2015-01-12,114.46186065673828,11.334036827087402
2015-01-13,114.72425842285156,11.351119995117188
2015-01-14,114.03330993652344,11.410906791687012
2015-01-15,113.82340240478516,11.445070266723633
2015-01-16,114.3831558227539,11.479235649108887
2015-01-20,114.76799774169922,11.641517639160156
2015-01-21,115.80879211425781,11.56464672088623
2015-01-22,118.63382720947266,11.598812103271484
2015-01-23,117.74169158935547,11.820878028869629
2015-01-26,117.26066589355469,12.094193458557129
2015-01-27,115.87001037597656,11.957537651062012
2015-01-28,122.13232421875,11.667139053344727
2015-01-29,129.2517547607422,11.88066577911377
2015-01-30,127.14390563964844,11.385282516479492
2015-02-02,127.92231750488281,11.436530113220215
2015-02-03,128.86692810058594,11.641517639160156
2015-02-04,128.76193237304688,11.445070266723633
2015-02-05,129.9689178466797,11.795256614685059
2015-02-06,129.44418334960938,11.56464672088623
2015-02-09,129.0768280029297,11.5817289352417
2015-02-10,129.47914123535156,12.000242233276367
2015-02-11,130.17434692382812,11.957537651062012
2015-02-12,130.32400512695312,12.15398120880127
2015-02-13,131.76719665527344,12.128358840942383
2015-02-17,131.93443298339844,12.358970642089844
2015-02-18,133.03445434570312,12.51270866394043
2015-02-19,135.30494689941406,12.589577674865723
2015-02-20,139.31787109375,12.837270736694336
2015-02-23,136.17617797851562,12.78602409362793
2015-02-24,135.859375,12.563955307006836
2015-02-25,134.6537322998047,12.384592056274414
2015-02-26,133.52725219726562,12.256474494934082
2015-02-27,132.7528839111328,13.093502044677734
2015-03-02,135.34893798828125,13.315572738647461
2015-03-03,136.90658569335938,13.221619606018066
2015-03-04,135.83299255371094,13.38390064239502
2015-03-05,135.93858337402344,13.896366119384766
2015-03-06,134.75051879882812,13.674297332763672
2015-03-09,136.1849822998047,13.665757179260254
2015-03-10,134.13450622558594,13.43514633178711
2015-03-11,133.03445434570312,13.785331726074219
2015-03-12,133.8000946044922,14.058646202087402
2015-03-13,133.38650512695312,14.212388038635254
2015-03-16,135.23452758789062,14.434453964233398
2015-03-17,135.9738006591797,13.828038215637207
2015-03-18,137.04742431640625,14.092811584472656
2015-03-19,135.6217498779297,13.870741844177246
2015-03-20,135.9649658203125,14.178221702575684
2015-03-23,134.4777069091797,14.01594066619873
2015-03-24,133.45687866210938,13.947612762451172
2015-03-25,130.44712829589844,13.725543975830078
2015-03-26,130.39434814453125,13.96469497680664
2015-03-27,130.9927978515625,14.0501070022583
2015-03-30,134.38087463378906,14.10135269165039
2015-03-31,132.07522583007812,13.845118522644043
2015-04-01,130.80796813964844,14.007399559020996
2015-04-02,131.37120056152344,14.01594066619873
2015-04-06,132.82327270507812,14.3063383102417
2015-04-07,134.04653930664062,13.887825965881348
2015-04-08,134.9617156982422,13.828038215637207
2015-04-09,135.0145263671875,13.91344928741455
2015-04-10,135.859375,13.98177719116211
2015-04-13,134.8561248779297,14.067187309265137
2015-04-14,134.8297119140625,13.896366119384766
2015-04-15,134.14329528808594,14.34050464630127
2015-04-16,133.73854064941406,14.690688133239746
2015-04-17,131.65284729003906,14.3063383102417
2015-04-20,134.35450744628906,14.434453964233398
2015-04-21,134.9353485107422,14.767559051513672
2015-04-22,133.05209350585938,15.057955741882324
2015-04-23,131.89039611816406,15.16044807434082
2015-04-24,130.59678649902344,15.06649398803711
2015-04-27,130.06875610351562,15.168990135192871
2015-04-28,129.8135528564453,14.724853515625
2015-04-29,128.61669921875,14.417373657226562
2015-04-30,126.14380645751953,14.759018898010254
2015-05-01,127.31425476074219,14.861512184143066
2015-05-04,126.74224090576172,14.656525611877441
2015-05-05,125.76538848876953,14.289257049560547
2015-05-06,124.9151840209961,14.545491218566895
2015-05-07,125.31371307373047,14.468620300292969
2015-05-08,128.82981872558594,15.16044807434082
2015-05-11,129.2106170654297,14.784639358520508
2015-05-12,128.8032684326172,14.58819580078125
2015-05-13,128.97154235839844,14.571112632751465
2015-05-14,131.0440216064453,14.83588695526123
2015-05-15,130.08746337890625,14.861512184143066
2015-05-18,129.9369354248047,14.870050430297852
2015-05-19,130.23805236816406,14.904216766357422
2015-05-20,129.68006896972656,15.00671100616455
2015-05-21,130.50375366210938,15.18606948852539
2015-05-22,128.254150390625,14.93837833404541
2015-05-26,126.47394561767578,14.77609920501709
2015-05-27,126.65105438232422,15.265789985656738
2015-05-28,126.05768585205078,15.12637710571289
2015-05-29,124.45464324951172,14.655852317810059
2015-06-01,125.10115051269531,14.734274864196777
2015-06-02,126.8724594116211,14.899829864501953
2015-06-03,127.36845397949219,15.056670188903809
2015-06-04,125.04800415039062,14.751701354980469
2015-06-05,124.64059448242188,14.464159965515137
2015-06-08,124.56085205078125,14.446734428405762
2015-06-09,124.08262634277344,14.464159965515137
2015-06-10,125.42886352539062,14.89111328125
2015-06-11,126.61565399169922,15.056670188903809
2015-06-12,126.47394561767578,14.812695503234863
2015-06-15,126.02223205566406,14.560007095336914
2015-06-16,126.06652069091797,14.455448150634766
2015-06-17,127.03193664550781,14.29860782623291
2015-06-18,128.7589569091797,14.202760696411133
2015-06-19,128.5375213623047,14.507726669311523
2015-06-22,129.04237365722656,14.882402420043945
2015-06-23,127.9175796508789,14.978248596191406
2015-06-24,126.65105438232422,14.934679985046387
2015-06-25,126.16393280029297,14.960822105407715
2015-06-26,126.19053649902344,14.917255401611328
2015-06-29,122.86923217773438,14.403167724609375
2015-06-30,122.86040496826172,14.176621437072754
2015-07-01,124.64059448242188,14.499014854431152
2015-07-02,124.18006896972656,14.368315696716309
2015-07-06,124.45464324951172,14.011067390441895
2015-07-07,126.78392028808594,13.889080047607422
2015-07-08,125.6945571899414,13.636393547058105
2015-07-09,126.47394561767578,14.019781112670898
2015-07-10,127.96186828613281,14.760416984558105
2015-07-13,129.85720825195312,14.89111328125
2015-07-14,130.85801696777344,15.039241790771484
2015-07-15,130.0963134765625,15.065382957458496
2015-07-16,131.51344299316406,15.379064559936523
2015-07-17,130.05201721191406,15.213509559631348
2015-07-20,129.94578552246094,15.230935096740723
2015-07-21,128.4224090576172,15.213509559631348
2015-07-22,129.72439575195312,15.039241790771484
2015-07-23,129.40548706054688,15.004388809204102
2015-07-24,127.5898666381836,14.934679985046387
2015-07-27,124.90631103515625,14.516440391540527
2015-07-28,125.59712982177734,14.734274864196777
2015-07-29,127.66077423095703,14.925969123840332
2015-07-30,126.65991973876953,14.812695503234863
2015-07-31,127.6872787475586,15.431343078613281
2015-08-03,127.26219177246094,15.596896171569824
2015-08-04,127.12933349609375,15.379064559936523
2015-08-05,129.19717407226562,15.771162033081055
2015-08-06,128.19003295898438,15.945428848266602
2015-08-07,126.94216918945312,15.840871810913086
2015-08-10,130.00830078125,15.823440551757812
2015-08-11,128.39503479003906,15.483623504638672
2015-08-12,126.95108795166016,14.969534873962402
2015-08-13,129.0723876953125,15.12637710571289
2015-08-14,129.32199096679688,15.100237846374512
2015-08-17,128.7425994873047,15.248363494873047
2015-08-18,128.88522338867188,15.065382957458496
2015-08-19,127.20953369140625,15.004388809204102
2015-08-20,122.12903594970703,14.507726669311523
2015-08-21,117.39610290527344,14.054632186889648
2015-08-24,113.3672866821289,13.932646751403809
2015-08-25,111.85204315185547,13.714813232421875
2015-08-26,115.28366088867188,14.089487075805664
2015-08-27,117.5386962890625,14.220187187194824
2015-08-28,118.75982666015625,14.141768455505371
2015-08-31,116.47801971435547,14.141768455505371
2015-09-01,113.59014129638672,13.845512390136719
2015-09-02,116.43345642089844,13.636393547058105
2015-09-03,116.78107452392578,13.810661315917969
2015-09-04,115.65798950195312,13.435985565185547
2015-09-08,119.27679443359375,13.610252380371094
2015-09-09,118.23392486572266,13.793231964111328
2015-09-10,119.0361328125,13.906506538391113
2015-09-11,120.0344009399414,13.749666213989258
2015-09-14,119.8204574584961,13.409845352172852
2015-09-15,121.48725891113281,13.523119926452637
2015-09-16,122.28944396972656,13.636393547058105
2015-09-17,122.51226806640625,13.889080047607422
2015-09-18,121.30007934570312,13.322711944580078
2015-09-21,121.2376708984375,13.348852157592773
2015-09-22,119.42830657958984,12.921897888183594
2015-09-23,117.36043548583984,12.895756721496582
2015-09-24,115.64909362792969,12.799910545349121
2015-09-25,116.77214813232422,13.07873821258545
2015-09-28,114.20516967773438,12.738917350769043
2015-09-29,114.75777435302734,12.808625221252441
2015-09-30,116.71870422363281,12.791196823120117
2015-10-01,116.41564178466797,13.07873821258545
2015-10-02,118.1537094116211,13.44469928741455
2015-10-05,119.45503234863281,13.854226112365723
2015-10-06,119.99874877929688,13.91522216796875
2015-10-07,122.12903594970703,13.984925270080566
2015-10-08,123.92947387695312,14.124340057373047
2015-10-09,124.51774597167969,14.220187187194824
2015-10-12,125.39124298095703,13.862939834594727
2015-10-13,125.04365539550781,13.941360473632812
2015-10-14,119.6333236694336,13.880367279052734
2015-10-15,122.45878601074219,13.566683769226074
2015-10-16,122.64598846435547,13.723527908325195
2015-10-19,123.37688446044922,13.627679824829102
2015-10-20,123.786865234375,13.592825889587402
2015-10-21,125.84585571289062,13.801945686340332
2015-10-22,130.4093780517578,13.967501640319824
2015-10-23,130.7570037841797,14.481588363647461
2015-10-26,130.7570037841797,14.438020706176758
2015-10-27,132.3257293701172,14.21147346496582
2015-10-28,131.8087921142578,14.281181335449219
2015-10-29,131.18482971191406,14.507726669311523
2015-10-30,131.9781494140625,15.065382957458496
2015-11-02,132.2722625732422,15.2919282913208
2015-11-03,131.99595642089844,15.143800735473633
2015-11-04,132.90176391601562,15.065382957458496
2015-11-05,132.70443725585938,15.309356689453125
2015-11-06,132.67755126953125,15.483623504638672
2015-11-09,130.9197235107422,15.370347023010254
2015-11-10,130.17538452148438,15.405204772949219
2015-11-11,130.03192138671875,15.562044143676758
2015-11-12,127.83464050292969,14.978248596191406
2015-11-13,127.87948608398438,14.786555290222168
2015-11-16,129.5207061767578,14.917255401611328
2015-11-17,131.0094451904297,15.230935096740723
2015-11-18,132.98248291015625,15.257078170776367
2015-11-19,133.8434600830078,15.370347023010254
2015-11-20,133.9868927001953,15.370347023010254
2015-11-23,133.0363006591797,15.33549690246582
2015-11-24,133.3142852783203,15.265789985656738
2015-11-25,132.2201690673828,15.509763717651367
2015-11-27,131.78968811035156,15.649174690246582
2015-11-30,130.4444122314453,15.701455116271973
2015-12-01,132.4982147216797,15.55333137512207
2015-12-02,131.79864501953125,15.431343078613281
2015-12-03,130.54306030273438,15.039241790771484
2015-12-04,133.1797637939453,15.28321647644043
2015-12-07,133.13490295410156,15.623034477233887
2015-12-08,130.03192138671875,15.352926254272461
2015-12-09,129.35928344726562,15.100237846374512
2015-12-10,131.3053741455078,15.257078170776367
2015-12-11,129.70004272460938,14.76912784576416
2015-12-14,128.2471923828125,14.830122947692871
2015-12-15,131.41302490234375,14.925969123840332
2015-12-16,132.83001708984375,15.544618606567383
2015-12-17,130.54306030273438,15.3267822265625
2015-12-18,125.18001556396484,14.838836669921875
2015-12-21,126.36384582519531,14.734274864196777
2015-12-22,127.69116973876953,14.777839660644531
2015-12-23,129.1978302001953,14.812695503234863
2015-12-24,128.72251892089844,14.786555290222168
2015-12-28,129.62831115722656,14.777839660644531
2015-12-29,132.14842224121094,14.969534873962402
2015-12-30,131.3053741455078,14.864974021911621
2015-12-31,129.6731414794922,14.673282623291016
2016-01-04,126.0051040649414,14.455448150634766
2016-01-05,126.51631927490234,14.525155067443848
2016-01-06,124.50740051269531,14.246328353881836
2016-01-07,119.28779602050781,13.99363899230957
2016-01-08,116.57939910888672,13.758378982543945
2016-01-11,116.77668762207031,13.749666213989258
2016-01-12,118.31026458740234,13.984925270080566
2016-01-13,114.90229797363281,13.706098556518555
2016-01-14,115.87088012695312,13.81937313079834
2016-01-15,112.66918182373047,13.253005981445312
2016-01-19,113.0548324584961,13.357564926147461
2016-01-20,109.53923034667969,12.982890129089355
2016-01-21,110.66925048828125,13.07873821258545
2016-01-22,111.7544174194336,13.462124824523926
2016-01-25,111.21633911132812,13.418558120727539
2016-01-26,114.80365753173828,13.584114074707031
2016-01-27,104.55284118652344,13.00031852722168
2016-01-28,105.8353271484375,13.165872573852539
2016-01-29,107.73661041259766,13.679960250854492
2016-02-01,109.01908874511719,13.697385787963867
2016-02-02,105.3958740234375,13.00031852722168
2016-02-03,109.29710388183594,13.157159805297852
2016-02-04,110.85758209228516,13.05259895324707
2016-02-05,109.91590881347656,13.07873821258545
2016-02-08,107.14469909667969,12.5385103225708
2016-02-09,106.6155776977539,12.486230850219727
2016-02-10,105.32122039794922,12.747631072998047
2016-02-11,98.152587890625,12.372956275939941
2016-02-12,98.32455444335938,12.52979850769043
2016-02-16,101.91792297363281,13.131017684936523
2016-02-17,105.30313110351562,13.331424713134766
2016-02-18,106.41644287109375,13.418558120727539
2016-02-19,104.2350845336914,13.392419815063477
2016-02-22,106.2535171508789,13.401131629943848
2016-02-23,105.80999755859375,13.253005981445312
2016-02-24,104.62428283691406,13.305285453796387
2016-02-25,105.73758697509766,13.784520149230957
2016-02-26,106.9504623413086,13.575400352478027
2016-02-29,106.96856689453125,14.00235366821289
2016-03-01,108.57969665527344,14.438020706176758
2016-03-02,108.29912567138672,14.324748992919922
2016-03-03,108.26290893554688,14.560007095336914
2016-03-04,109.58441162109375,14.734274864196777
2016-03-07,111.24079132080078,14.742988586425781
2016-03-08,110.74295806884766,14.499014854431152
2016-03-09,111.20458984375,14.42930793762207
2016-03-10,111.27700805664062,14.150480270385742
2016-03-11,112.8066635131836,14.551294326782227
2016-03-14,114.35444641113281,14.542581558227539
2016-03-15,114.37255096435547,14.586149215698242
2016-03-16,115.46776580810547,14.786555290222168
2016-03-17,118.30081939697266,14.594860076904297
2016-03-18,121.25157165527344,14.90854263305664
2016-03-21,122.97128295898438,14.89111328125
2016-03-22,122.3014907836914,14.917255401611328
2016-03-23,120.25591278076172,14.821407318115234
2016-03-24,119.58612823486328,14.551294326782227
2016-03-28,118.8348617553711,14.594860076904297
2016-03-29,118.46373748779297,14.786555290222168
2016-03-30,116.38195037841797,14.725560188293457
2016-03-31,114.89753723144531,14.420594215393066
2016-04-01,114.9156265258789,14.124340057373047
2016-04-04,114.35444641113281,14.159193992614746
2016-04-05,114.97898864746094,13.897791862487793
2016-04-06,115.79360961914062,14.08077335357666
2016-04-07,114.95184326171875,13.99363899230957
2016-04-08,115.74834442138672,14.176621437072754
2016-04-11,115.77549743652344,13.941360473632812
2016-04-12,117.1875228881836,13.862939834594727
2016-04-13,118.69908905029297,14.115628242492676
2016-04-14,118.43660736083984,13.87165355682373
2016-04-15,118.6900405883789,13.854226112365723
2016-04-18,119.4503402709961,13.984925270080566
2016-04-19,120.0929946899414,14.194048881530762
2016-04-20,118.18316650390625,14.115628242492676
2016-04-21,118.33702087402344,14.29860782623291
2016-04-22,118.61764526367188,14.272466659545898
2016-04-25,118.3460922241211,14.350887298583984
2016-04-26,120.59988403320312,14.333462715148926
2016-04-27,124.0755844116211,14.463571548461914
2016-04-28,122.01188659667969,13.813021659851074
2016-04-29,122.01188659667969,13.697171211242676
2016-05-02,121.29679870605469,13.911048889160156
2016-05-03,119.92100524902344,13.714994430541992
2016-05-04,118.4728012084961,13.545672416687012
2016-05-05,119.5499038696289,13.661523818969727
2016-05-06,120.61795806884766,13.70608139038086
2016-05-09,119.5680160522461,13.750640869140625
2016-05-10,121.93943786621094,14.044723510742188
2016-05-11,121.36456298828125,14.107104301452637
2016-05-12,122.66033172607422,13.991254806518555
2016-05-13,120.56157684326172,13.768463134765625
2016-05-16,122.40485382080078,13.866493225097656
2016-05-17,120.96306610107422,13.554585456848145
2016-05-18,119.53042602539062,13.278322219848633
2016-05-19,116.875,13.313969612121582
2016-05-20,116.245361328125,13.518938064575195
2016-05-23,116.41873931884766,13.536761283874512
2016-05-24,116.34574890136719,13.902138710021973
2016-05-25,117.58674621582031,13.875401496887207
2016-05-26,117.99739074707031,13.902138710021973
2016-05-27,117.91527557373047,13.857579231262207
2016-05-31,115.11385345458984,13.795197486877441
2016-06-01,115.35108947753906,13.937785148620605
2016-06-02,115.75261688232422,13.714994430541992
2016-06-03,116.2362289428711,13.465468406677246
2016-06-06,120.36082458496094,13.420909881591797
2016-06-07,120.38817596435547,13.438735008239746
2016-06-08,121.36456298828125,13.563496589660645
2016-06-09,121.45584106445312,13.385263442993164
2016-06-10,119.66729736328125,13.100091934204102
2016-06-13,118.55403137207031,12.752538681030273
2016-06-14,119.08329010009766,12.752538681030273
2016-06-15,118.77304077148438,12.877300262451172
2016-06-16,118.0521469116211,12.806008338928223
2016-06-17,118.46279907226562,12.814919471740723
2016-06-20,121.13645935058594,13.278322219848633
2016-06-21,120.01405334472656,13.590230941772461
2016-06-22,120.24217987060547,13.625877380371094
2016-06-23,121.86647033691406,14.169486045837402
2016-06-24,115.45146942138672,12.654509544372559
2016-06-27,111.96566009521484,12.333690643310547
2016-06-28,113.05155944824219,12.574305534362793
2016-06-29,115.88036346435547,12.77927303314209
2016-06-30,118.50841522216797,12.850565910339355
2016-07-01,118.34414672851562,12.663421630859375
2016-07-05,115.86210632324219,12.208930015563965
2016-07-06,115.85297393798828,12.039608001708984
2016-07-07,116.04461669921875,12.021783828735352
2016-07-08,118.70915222167969,12.021783828735352
2016-07-11,120.48857116699219,12.289132118225098
2016-07-12,119.36614990234375,12.77927303314209
2016-07-13,118.72740936279297,13.100091934204102
2016-07-14,120.04141998291016,13.17138385772705
2016-07-15,120.80792999267578,12.939682960510254
2016-07-18,121.7569580078125,12.77036190032959
2016-07-19,122.8793716430664,12.743627548217773
2016-07-20,122.93408203125,12.886211395263672
2016-07-21,121.84819793701172,12.699068069458008
2016-07-22,121.79344940185547,12.59212875366211
2016-07-25,121.30984497070312,12.422807693481445
2016-07-26,123.05271911621094,12.609952926635742
2016-07-27,124.06559753417969,13.242677688598633
2016-07-28,121.3736801147461,13.224854469299316
2016-07-29,121.96683502197266,13.019886016845703
2016-08-01,121.55619049072266,12.859478950500488
2016-08-02,120.08706665039062,12.77927303314209
2016-08-03,120.33343505859375,12.511924743652344
2016-08-04,119.7311782836914,12.520835876464844
2016-08-05,120.20567321777344,12.538658142089844
2016-08-08,120.62545013427734,12.351513862609863
2016-08-09,121.01781463623047,12.538658142089844
2016-08-10,121.7078857421875,12.681243896484375
2016-08-11,122.37031555175781,12.814919471740723
2016-08-12,122.46235656738281,12.859478950500488
2016-08-15,123.8976821899414,12.930769920349121
2016-08-16,124.21049499511719,12.859478950500488
2016-08-17,123.95284271240234,12.78818416595459
2016-08-18,124.21049499511719,12.574305534362793
2016-08-19,123.69523620605469,12.556483268737793
2016-08-22,124.20130920410156,12.601040840148926
2016-08-23,123.41922760009766,12.699068069458008
2016-08-24,122.63716888427734,12.77036190032959
2016-08-25,122.3519515991211,12.609952926635742
2016-08-26,121.6618881225586,12.574305534362793
2016-08-29,122.2783203125,12.73471450805664
2016-08-30,120.35535430908203,12.752538681030273
2016-08-31,119.10405731201172,12.939682960510254
2016-09-01,119.5180892944336,12.948593139648438
2016-09-02,120.6773910522461,13.251588821411133
2016-09-06,122.36116027832031,13.608054161071777
2016-09-07,122.03910827636719,13.643699645996094
2016-09-08,122.2783203125,13.857579231262207
2016-09-09,118.2575912475586,13.750640869140625
2016-09-12,119.72051239013672,13.750640869140625
2016-09-13,118.46920013427734,13.403087615966797
2016-09-14,117.46630859375,13.224854469299316
2016-09-15,117.55831909179688,13.1981201171875
2016-09-16,116.57384490966797,13.046622276306152
2016-09-19,117.29151153564453,13.055533409118652
2016-09-20,117.57672882080078,13.046622276306152
2016-09-21,120.1253433227539,13.189207077026367
2016-09-22,121.33065032958984,13.376351356506348
2016-09-23,121.2478256225586,13.429821014404297
2016-09-26,120.13455963134766,13.109003067016602
2016-09-27,120.8246078491211,13.037710189819336
2016-09-28,121.6618881225586,13.1981201171875
2016-09-29,120.55777740478516,13.207032203674316
2016-09-30,121.21106719970703,13.456558227539062
2016-10-03,121.79988861083984,13.358527183532715
2016-10-04,121.6802749633789,13.492203712463379
2016-10-05,123.8976821899414,13.670435905456543
2016-10-06,123.67682647705078,13.518938064575195
2016-10-07,123.15240478515625,13.26050090789795
2016-10-10,124.98335266113281,13.429821014404297
2016-10-11,123.05118560791016,12.993151664733887
2016-10-12,122.51752471923828,12.895125389099121
2016-10-13,122.71998596191406,12.904035568237305
2016-10-14,122.83036804199219,12.886211395263672
2016-10-17,123.29039764404297,12.895125389099121
2016-10-18,124.30250549316406,13.117915153503418
2016-10-19,125.29619598388672,13.242677688598633
2016-10-20,124.98335266113281,13.224854469299316
2016-10-21,124.7901382446289,13.117915153503418
2016-10-24,126.46468353271484,13.233765602111816
2016-10-25,127.90919494628906,12.939682960510254
2016-10-26,133.90809631347656,13.385263442993164
2016-10-27,131.8563232421875,13.429821014404297
2016-10-28,131.580322265625,13.349617004394531
2016-10-31,131.04666137695312,13.2159423828125
2016-11-01,131.0282745361328,13.064444541931152
2016-11-02,129.50096130371094,13.01097583770752
2016-11-03,128.82928466796875,12.868389129638672
2016-11-04,128.38763427734375,12.716891288757324
2016-11-07,131.59869384765625,13.064444541931152
2016-11-08,131.8397674560547,13.019886016845703
2016-11-09,134.5192108154297,13.082267761230469
2016-11-10,136.9297637939453,13.429821014404297
2016-11-11,137.69931030273438,13.233765602111816
2016-11-14,139.0622100830078,13.438735008239746
2016-11-15,137.31919860839844,13.527850151062012
2016-11-16,135.7708282470703,13.037710189819336
2016-11-17,134.74172973632812,13.16247272491455
2016-11-18,135.68740844726562,12.984240531921387
2016-11-21,136.30862426757812,13.625877380371094
2016-11-22,138.62648010253906,13.839756965637207
2016-11-23,138.83042907714844,14.026900291442871
2016-11-25,139.10855102539062,14.187310218811035
2016-11-28,138.85826110839844,14.116016387939453
2016-11-29,140.5919952392578,14.294251441955566
2016-11-30,139.59068298339844,14.196222305297852
2016-12-01,141.28733825683594,14.169486045837402
2016-12-02,141.1575469970703,13.937785148620605
2016-12-05,141.07411193847656,14.3477201461792
2016-12-06,141.14828491210938,14.205132484436035
2016-12-07,142.90985107421875,14.133840560913086
2016-12-08,144.06878662109375,13.973430633544922
2016-12-09,145.0886688232422,14.009077072143555
2016-12-12,145.7098388671875,14.2496919631958
2016-12-13,145.24627685546875,14.78438949584961
2016-12-14,143.21580505371094,14.552685737609863
2016-12-15,142.5668182373047,14.80221176147461
2016-12-16,143.2436065673828,14.882417678833008
2016-12-19,144.8011932373047,14.597244262695312
2016-12-20,144.99594116210938,14.722007751464844
2016-12-21,146.0065155029297,14.579422950744629
2016-12-22,145.9879608154297,14.552685737609863
2016-12-23,146.31243896484375,14.641801834106445
2016-12-27,146.0065155029297,14.623979568481445
2016-12-28,144.72708129882812,14.454657554626465
2016-12-29,144.34693908691406,14.543774604797363
2016-12-30,144.337646484375,14.632891654968262
2017-01-03,145.53369140625,14.722007751464844
2017-01-04,147.06344604492188,14.900238990783691
2017-01-05,147.14691162109375,15.229969024658203
2017-01-06,147.5084686279297,15.221059799194336
2017-01-09,146.7853240966797,15.301262855529785
2017-01-10,147.48068237304688,15.265617370605469
2017-01-11,147.78662109375,15.390381813049316
2017-01-12,146.75747680664062,15.34582233428955
2017-01-13,147.25816345214844,15.452759742736816
2017-01-17,146.1826629638672,15.532965660095215
2017-01-18,146.7853240966797,15.327998161315918
2017-01-19,147.41578674316406,15.46167278289795
2017-01-20,147.90716552734375,15.506233215332031
2017-01-23,146.3402862548828,15.63099479675293
2017-01-24,148.8528594970703,15.729022026062012
2017-01-25,155.1666717529297,15.604260444641113
2017-01-26,156.79847717285156,15.38146686553955
2017-01-27,155.48191833496094,15.408204078674316
2017-01-30,153.50711059570312,15.042826652526855
2017-01-31,151.51370239257812,15.105207443237305
2017-02-01,152.02366638183594,15.105207443237305
2017-02-02,150.438232421875,15.033915519714355
2017-02-03,150.56808471679688,15.087384223937988
2017-02-06,152.03292846679688,15.069561004638672
2017-02-07,154.3693389892578,14.94479751586914
2017-02-08,153.18174743652344,14.94479751586914
2017-02-09,153.62127685546875,15.194323539733887
2017-02-10,155.4447021484375,15.247794151306152
2017-02-13,157.12796020507812,15.541876792907715
2017-02-14,157.56744384765625,15.577522277832031
2017-02-15,158.31553649902344,15.613170623779297
2017-02-16,159.72756958007812,15.622081756591797
2017-02-17,161.5043182373047,15.452759742736816
2017-02-21,164.16937255859375,15.809226989746094
2017-02-22,163.9823760986328,15.675551414489746
2017-02-23,165.38502502441406,16.210248947143555
2017-02-24,165.92739868164062,16.05875015258789
2017-02-27,167.78829956054688,16.085485458374023
2017-02-28,168.536376953125,16.30827522277832
2017-03-01,171.9776153564453,16.709299087524414
2017-03-02,171.1173095703125,16.727123260498047
2017-03-03,170.35986328125,16.825151443481445
2017-03-06,169.1909942626953,16.771678924560547
2017-03-07,170.2102508544922,16.50433349609375
2017-03-08,169.94845581054688,16.48651123046875
2017-03-09,168.85435485839844,16.49542236328125
2017-03-10,167.1056671142578,16.664743423461914
2017-03-13,167.43295288085938,16.61127281188965
2017-03-14,167.1337127685547,16.61127281188965
2017-03-15,167.11500549316406,16.842975616455078
2017-03-16,166.62875366210938,16.58453941345215
2017-03-17,168.4148406982422,16.70038604736328
2017-03-20,167.7509002685547,16.869709014892578
2017-03-21,164.54344177246094,16.691476821899414
2017-03-22,165.49725341796875,16.531068801879883
2017-03-23,165.7591094970703,16.71821403503418
2017-03-24,164.41250610351562,16.860797882080078
2017-03-27,164.67434692382812,16.771678924560547
2017-03-28,165.85260009765625,17.021207809448242
2017-03-29,166.10507202148438,17.12814712524414
2017-03-30,166.432373046875,17.021207809448242
2017-03-31,165.38502502441406,16.97665023803711
2017-04-03,165.1886749267578,16.967735290527344
2017-04-04,167.1056671142578,17.039030075073242
2017-04-05,165.59075927734375,16.91426658630371
2017-04-06,165.8619384765625,17.11032485961914
2017-04-07,167.24595642089844,17.065765380859375
2017-04-10,166.0396270751953,16.816240310668945
2017-04-11,166.9840850830078,17.012296676635742
2017-04-12,164.6276092529297,17.045913696289062
2017-04-13,164.22549438476562,16.90962028503418
2017-04-17,167.4049072265625,17.00048065185547
2017-04-18,166.31080627441406,16.936880111694336
2017-04-19,166.82510375976562,16.955053329467773
2017-04-20,167.66673278808594,17.56383514404297
2017-04-21,168.67669677734375,17.427541732788086
2017-04-24,170.24766540527344,18.1907901763916
2017-04-25,171.60357666015625,18.372512817382812
2017-04-26,169.92037963867188,18.22713279724121
2017-04-27,171.3323974609375,18.490638732910156
2017-04-28,172.8379364013672,18.327083587646484
2017-05-01,170.55624389648438,18.3997745513916
2017-05-02,171.5381317138672,18.490638732910156
2017-05-03,171.4913330078125,18.272565841674805
2017-05-04,171.19212341308594,18.68144989013672
2017-05-05,173.00625610351562,18.935867309570312
2017-05-08,173.95074462890625,18.654193878173828
2017-05-09,174.78298950195312,18.554241180419922
2017-05-10,172.60633850097656,18.599674224853516
2017-05-11,173.32249450683594,18.254392623901367
2017-05-12,172.6722869873047,18.46337890625
2017-05-15,171.86195373535156,18.490638732910156
2017-05-16,172.15402221679688,18.654193878173828
2017-05-17,168.46031188964844,18.299823760986328
2017-05-18,167.1599578857422,18.481552124023438
2017-05-19,170.32601928710938,18.726882934570312
2017-05-22,173.0680694580078,18.51789665222168
2017-05-23,172.8984375,18.3997745513916
2017-05-24,174.55685424804688,18.436120986938477
2017-05-25,176.2718048095703,18.572416305541992
2017-05-26,175.8195037841797,18.745054244995117
2017-05-30,176.09275817871094,18.599674224853516
2017-05-31,176.79945373535156,18.67236328125
2017-06-01,176.5073699951172,19.21754264831543
2017-06-02,179.2493896484375,19.390182495117188
2017-06-05,178.0432586669922,19.05398941040039
2017-06-06,175.9702606201172,19.09942054748535
2017-06-07,177.2423553466797,18.82682991027832
2017-06-08,178.96670532226562,18.799571990966797
2017-06-09,179.06094360351562,19.044902801513672
2017-06-12,179.0326385498047,18.845003128051758
2017-06-13,180.0597381591797,19.044902801513672
2017-06-14,181.2752685546875,19.11759376525879
2017-06-15,184.16806030273438,18.490638732910156
2017-06-16,185.10092163085938,19.00855827331543
2017-06-19,187.5885009765625,19.299318313598633
2017-06-20,186.8818359375,19.11759376525879
2017-06-21,187.67332458496094,18.96312713623047
2017-06-22,187.92776489257812,18.899520874023438
2017-06-23,190.55670166015625,19.172109603881836
2017-06-26,188.43658447265625,19.26297378540039
2017-06-27,187.4095001220703,19.035816192626953
2017-06-28,188.0973358154297,19.06307601928711
2017-06-29,186.06207275390625,18.68144989013672
2017-06-30,186.3352813720703,18.78139877319336
2017-07-03,187.1268310546875,18.790485382080078
2017-07-05,190.16094970703125,19.06307601928711
2017-07-06,189.84999084472656,19.15393829345703
2017-07-07,190.68862915039062,19.235715866088867
2017-07-10,192.18687438964844,19.281145095825195
2017-07-11,194.36349487304688,19.42652702331543
2017-07-12,194.52371215820312,19.335664749145508
2017-07-13,194.3258056640625,19.42652702331543
2017-07-14,196.4741973876953,19.444698333740234
2017-07-17,196.93592834472656,19.135765075683594
2017-07-18,196.2198028564453,19.035816192626953
2017-07-19,198.70738220214844,19.253887176513672
2017-07-20,198.1420135498047,19.05398941040039
2017-07-21,199.8946533203125,18.981298446655273
2017-07-24,199.932373046875,18.981298446655273
2017-07-25,200.19622802734375,19.190284729003906
2017-07-26,219.97457885742188,19.726375579833984
2017-07-27,227.0887908935547,19.044902801513672
2017-07-28,227.3431854248047,19.26297378540039
2017-07-31,228.46450805664062,18.94495391845703
2017-08-01,225.61880493164062,19.272058486938477
2017-08-02,224.21484375,19.135765075683594
2017-08-03,224.49752807617188,19.235715866088867
2017-08-04,223.98870849609375,19.535564422607422
2017-08-07,226.3632354736328,19.353836059570312
2017-08-08,225.6753692626953,19.135765075683594
2017-08-09,222.10179138183594,19.044902801513672
2017-08-10,220.74630737304688,18.90860939025879
2017-08-11,222.64210510253906,18.94495391845703
2017-08-14,224.79380798339844,19.11759376525879
2017-08-15,226.7085723876953,19.253887176513672
2017-08-16,225.21087646484375,19.399267196655273
2017-08-17,223.31509399414062,19.072162628173828
2017-08-18,223.48573303222656,18.990385055541992
2017-08-21,223.40040588378906,18.981298446655273
2017-08-22,227.2583465576172,18.990385055541992
2017-08-23,225.68482971191406,18.981298446655273
2017-08-24,226.30099487304688,18.799571990966797
2017-08-25,223.59947204589844,19.144851684570312
2017-08-28,224.82225036621094,19.026729583740234
2017-08-29,227.9597930908203,18.745054244995117
2017-08-30,227.93141174316406,18.899520874023438
2017-08-31,227.1730499267578,19.144851684570312
2017-09-01,227.80813598632812,19.21754264831543
2017-09-05,224.65162658691406,19.16302490234375
2017-09-06,222.39564514160156,19.353836059570312
2017-09-07,223.99758911132812,19.235715866088867
2017-09-08,226.33888244628906,19.190284729003906
2017-09-11,228.05458068847656,19.26297378540039
2017-09-12,228.04510498046875,19.172109603881836
2017-09-13,229.32476806640625,19.11759376525879
2017-09-14,232.4528350830078,19.20845603942871
2017-09-15,236.0264129638672,19.48104476928711
2017-09-18,239.89382934570312,19.899015426635742
2017-09-19,239.30615234375,20.17160415649414
2017-09-20,242.1498260498047,20.253381729125977
2017-09-21,242.69960021972656,20.962112426757812
2017-09-22,243.0882568359375,20.953025817871094
2017-09-25,241.06919860839844,20.916683197021484
2017-09-26,240.48153686523438,20.998462677001953
2017-09-27,241.9792022705078,21.516380310058594
2017-09-28,241.02182006835938,21.389169692993164
2017-09-29,240.96495056152344,21.52546501159668
2017-10-02,242.6521759033203,21.452774047851562
2017-10-03,242.1498260498047,21.770793914794922
2017-10-04,242.43418884277344,21.90709114074707
2017-10-05,245.401123046875,21.77988052368164
2017-10-06,245.1072540283203,21.46186065673828
2017-10-09,244.9271697998047,21.089323043823242
2017-10-10,247.3348388671875,21.134754180908203
2017-10-11,247.8182373046875,20.943941116333008
2017-10-12,248.26380920410156,20.998462677001953
2017-10-13,247.1547088623047,20.734954833984375
2017-10-16,246.21627807617188,20.67135238647461
2017-10-17,245.14517211914062,21.607242584228516
2017-10-18,246.4912109375,21.73444938659668
2017-10-19,245.54331970214844,21.716276168823242
2017-10-20,250.95578002929688,21.589069366455078
2017-10-23,248.65240478515625,21.652673721313477
2017-10-24,252.14065551757812,22.22511100769043
2017-10-25,244.9556121826172,22.47952651977539
2017-10-26,245.76129150390625,22.752117156982422
2017-10-27,243.09771728515625,22.779373168945312
2017-10-30,245.74232482910156,22.415922164916992
2017-10-31,244.5385284423828,23.324554443359375
2017-11-01,245.0314178466797,23.061050415039062
2017-11-02,248.94622802734375,22.97927474975586
2017-11-03,248.1121063232422,22.99744415283203
2017-11-06,250.31124877929688,22.879323959350586
2017-11-07,252.26385498046875,22.70668601989746
2017-11-08,251.73304748535156,22.497699737548828
2017-11-09,250.3512420654297,22.27054214477539
2017-11-10,248.58819580078125,22.197853088378906
2017-11-13,250.0844268798828,22.025211334228516
2017-11-14,249.45541381835938,22.343233108520508
2017-11-15,250.50369262695312,22.897497177124023
2017-11-16,251.30421447753906,22.85206413269043
2017-11-17,249.93190002441406,22.70668601989746
2017-11-20,252.19053649902344,22.70668601989746
2017-11-21,254.43954467773438,22.924753189086914
2017-11-22,252.68603515625,22.933839797973633
2017-11-24,253.3817596435547,23.2246036529541
2017-11-27,253.0958709716797,23.170085906982422
2017-11-28,255.39256286621094,23.369985580444336
2017-11-29,256.6409912109375,23.533538818359375
2017-11-30,263.7884216308594,23.551712036132812
2017-12-01,258.6232604980469,23.170085906982422
2017-12-04,264.9034423828125,23.524452209472656
2017-12-05,262.58770751953125,23.715267181396484
2017-12-06,265.1893310546875,23.76978302001953
2017-12-07,268.7153625488281,23.50627899169922
2017-12-08,272.4606628417969,23.533538818359375
2017-12-11,269.8494567871094,23.00653076171875
2017-12-12,276.3107604980469,23.206432342529297
2017-12-13,278.1214294433594,23.76978302001953
2017-12-14,280.0655517578125,22.761201858520508
2017-12-15,280.12274169921875,22.643081665039062
2017-12-18,282.21929931640625,23.13374137878418
2017-12-19,283.277099609375,23.042877197265625
2017-12-20,283.8965759277344,22.797548294067383
2017-12-21,281.16143798828125,22.8702392578125
2017-12-22,281.2281494140625,22.761201858520508
2017-12-26,281.4759216308594,22.81572151184082
2017-12-27,281.7237854003906,23.051963806152344
2017-12-28,282.41943359375,22.779373168945312
2017-12-29,281.0470886230469,22.515872955322266
2018-01-02,282.88641357421875,22.543132781982422
2018-01-03,283.8012390136719,22.924753189086914
2018-01-04,282.7243957519531,23.4971923828125
2018-01-05,294.3222961425781,23.442676544189453
2018-01-08,295.57073974609375,23.57897186279297
2018-01-09,303.4615173339844,23.56988525390625
2018-01-10,305.2054748535156,24.423995971679688
2018-01-11,312.69598388671875,24.669328689575195
2018-01-12,320.4056701660156,25.014606475830078
2018-01-16,319.4051208496094,24.860139846801758
2018-01-17,334.5100402832031,24.987348556518555
2018-01-18,324.1700439453125,25.150903701782227
2018-01-19,321.85430908203125,25.83237648010254
2018-01-22,322.11163330078125,25.98684310913086
2018-01-23,319.8148498535156,25.65064811706543
2018-01-24,318.9571838378906,25.514352798461914
2018-01-25,326.9813537597656,24.7511043548584
2018-01-26,327.08624267578125,25.559783935546875
2018-01-29,324.799072265625,25.341712951660156
2018-01-30,321.835205078125,25.214506149291992
2018-01-31,337.71209716796875,26.086790084838867
2018-02-01,340.16131591796875,25.85963249206543
2018-02-02,332.5087890625,24.74201774597168
2018-02-05,313.4202880859375,23.56079864501953
2018-02-06,324.88482666015625,24.442167282104492
2018-02-07,331.755859375,24.36039161682129
2018-02-08,315.7144470214844,23.606231689453125
2018-02-09,318.75030517578125,23.197345733642578
2018-02-12,329.25628662109375,23.160999298095703
2018-02-13,328.64337158203125,23.40633201599121
2018-02-14,330.2618408203125,23.88790512084961
2018-02-15,341.3807373046875,26.40481185913086
2018-02-16,340.02081298828125,26.886388778686523
2018-02-20,338.4023132324219,26.959077835083008
2018-02-21,337.4637451171875,27.049942016601562
2018-02-22,340.86358642578125,27.186235427856445
2018-02-23,341.5722961425781,27.49517059326172
2018-02-26,348.10382080078125,27.713239669799805
2018-02-27,349.2147216796875,27.28618621826172
2018-02-28,346.887451171875,27.077198028564453
2018-03-01,334.8971252441406,26.68648910522461
2018-03-02,330.0894775390625,26.541105270385742
2018-03-05,337.82769775390625,26.813695907592773
2018-03-06,334.15972900390625,27.040855407714844
2018-03-07,332.3592529296875,27.031768798828125
2018-03-08,333.9777526855469,27.15897560119629
2018-03-09,339.5227966308594,27.458824157714844
2018-03-12,329.6297607421875,26.804609298706055
2018-03-13,324.34332275390625,26.65922737121582
2018-03-14,316.2890319824219,26.840953826904297
2018-03-15,316.0209045410156,27.086286544799805
2018-03-16,316.49017333984375,26.74100685119629
2018-03-19,317.7256164550781,26.422985076904297
2018-03-20,323.34735107421875,26.877302169799805
2018-03-21,322.8397521972656,26.604711532592773
2018-03-22,306.089599609375,26.232173919677734
2018-03-23,307.4207458496094,25.841463088989258
2018-03-26,315.05364990234375,26.51384735107422
2018-03-27,307.53570556640625,26.3593807220459
2018-03-28,306.48223876953125,26.323034286499023
2018-03-29,314.009765625,26.204914093017578
2018-04-02,308.7999267578125,25.54161262512207
2018-04-03,316.82537841796875,26.03227424621582
2018-04-04,313.58837890625,26.195829391479492
2018-04-05,322.1693115234375,26.313949584960938
2018-04-06,312.32421875,26.159482955932617
2018-04-09,308.8381652832031,26.250343322753906
2018-04-10,320.6657409667969,26.66831398010254
2018-04-11,313.51177978515625,25.941408157348633
2018-04-12,323.20361328125,25.941410064697266
2018-04-13,315.35052490234375,25.627416610717773
2018-04-16,317.7351989746094,25.775178909301758
2018-04-17,322.4757385253906,26.45857810974121
2018-04-18,326.57476806640625,27.040390014648438
2018-04-19,326.22998046875,26.883394241333008
2018-04-20,324.34332275390625,26.65251350402832
2018-04-23,324.506103515625,27.10503387451172
2018-04-24,315.1397705078125,27.031152725219727
2018-04-25,328.3560791015625,26.62480926513672
2018-04-26,328.2890319824219,26.744863510131836
2018-04-27,326.4598388671875,27.05885887145996
2018-04-30,319.449462890625,26.957273483276367
2018-05-01,315.59954833984375,26.938800811767578
2018-05-02,310.475830078125,26.920331954956055
2018-05-03,316.7008972167969,27.225088119506836
2018-05-04,320.2826232910156,27.29897117614746
2018-05-07,326.0288391113281,27.529850006103516
2018-05-08,324.0559997558594,27.400556564331055
2018-05-09,329.92669677734375,27.169679641723633
2018-05-10,331.1585998535156,27.446731567382812
2018-05-11,329.6090393066406,27.363616943359375
2018-05-14,331.65911865234375,26.70792579650879
2018-05-15,329.2817687988281,26.190757751464844
2018-05-16,328.1750183105469,26.273874282836914
2018-05-17,331.22601318359375,26.6617488861084
2018-05-18,338.0499572753906,26.45857810974121
2018-05-21,350.2637939453125,27.409793853759766
2018-05-22,341.6977233886719,27.326675415039062
2018-05-23,345.7304992675781,26.78180503845215
2018-05-24,345.5283508300781,26.60633659362793
2018-05-25,346.5774841308594,26.4216365814209
2018-05-29,339.2530212402344,25.802885055541992
2018-05-30,344.7487487792969,26.024526596069336
2018-05-31,338.9450378417969,26.393932342529297
2018-06-01,343.3339538574219,26.763334274291992
2018-06-04,347.1935119628906,26.827980041503906
2018-06-05,346.5871276855469,26.726396560668945
2018-06-06,357.6170654296875,27.29897117614746
2018-06-07,354.70074462890625,27.10503387451172
2018-06-08,355.6343994140625,27.474437713623047
2018-06-11,357.0202941894531,27.492908477783203
2018-06-12,356.7123107910156,27.206621170043945
2018-06-13,350.1963806152344,27.14197540283203
2018-06-14,348.8200378417969,28.000839233398438
2018-06-15,344.450439453125,27.853076934814453
2018-06-18,341.4281921386719,27.30820655822754
2018-06-19,328.3193359375,26.984975814819336
2018-06-20,329.8304443359375,26.698688507080078
2018-06-21,324.9891662597656,26.4493408203125
2018-06-22,326.1922607421875,27.003448486328125
2018-06-25,318.7716064453125,26.153820037841797
2018-06-26,318.8678283691406,26.015291213989258
2018-06-27,317.4433898925781,26.29234504699707
2018-06-28,322.09210205078125,26.24616813659668
2018-06-29,322.91986083984375,26.87415885925293
2018-07-02,323.46844482421875,26.347755432128906
2018-07-03,320.4366455078125,26.172286987304688
2018-07-05,320.6772766113281,26.4216365814209
2018-07-06,322.08251953125,26.689455032348633
2018-07-09,329.0893249511719,26.957273483276367
2018-07-10,334.1326599121094,27.954666137695312
2018-07-11,327.8188781738281,27.779197692871094
2018-07-12,333.0450744628906,28.31483268737793
2018-07-13,337.62652587890625,28.942821502685547
2018-07-16,342.7371826171875,28.924348831176758
2018-07-17,343.4879150390625,29.062875747680664
2018-07-18,346.71221923828125,28.748882293701172
2018-07-19,341.99609375,28.656532287597656
2018-07-20,341.582275390625,28.54570960998535
2018-07-23,340.0133972167969,28.43488883972168
2018-07-24,344.8257751464844,28.536476135253906
2018-07-25,342.5639343261719,28.739646911621094
2018-07-26,345.8363342285156,29.367633819580078
2018-07-27,347.1164245605469,29.16446304321289
2018-07-30,337.8863220214844,28.79505729675293
2018-07-31,342.9297180175781,28.55494499206543
2018-08-01,339.5225524902344,28.72117805480957
2018-08-02,336.60626220703125,28.656532287597656
2018-08-03,335.3646545410156,28.9058780670166
2018-08-06,333.5647888183594,28.77659034729004
2018-08-07,337.59759521484375,29.192169189453125
2018-08-08,334.7294006347656,28.887409210205078
2018-08-09,332.4564514160156,28.878175735473633
2018-08-10,328.28765869140625,28.287128448486328
2018-08-13,327.2720642089844,28.388713836669922
2018-08-14,328.0265197753906,28.407182693481445
2018-08-15,320.8883361816406,27.622201919555664
2018-08-16,334.64239501953125,28.13936424255371
2018-08-17,335.0486145019531,28.51800537109375
2018-08-20,339.2463684082031,28.4256534576416
2018-08-21,342.17706298828125,28.684236526489258
2018-08-22,338.5596618652344,28.72117805480957
2018-08-23,336.0932312011719,28.656532287597656
2018-08-24,337.9309387207031,28.79505729675293
2018-08-27,342.1480712890625,29.109054565429688
2018-08-28,339.700927734375,29.339929580688477
2018-08-29,338.7144470214844,29.783214569091797
2018-08-30,335.5321960449219,29.229106903076172
2018-08-31,331.5569152832031,28.416419982910156
2018-09-04,334.9035339355469,28.074718475341797
2018-09-05,335.3194274902344,27.65913963317871
2018-09-06,339.7590026855469,28.10242462158203
2018-09-07,337.8341979980469,27.779197692871094
2018-09-10,330.6573486328125,28.074718475341797
2018-09-11,333.936279296875,28.59188461303711
2018-09-12,341.82891845703125,28.47182846069336
2018-09-13,343.81170654296875,28.508769989013672
2018-09-14,348.0094909667969,28.407182693481445
2018-09-17,344.2952880859375,28.527240753173828
2018-09-18,351.66558837890625,28.296361923217773
2018-09-19,353.2518310546875,28.6103572845459
2018-09-20,355.41845703125,28.97052574157715
2018-09-21,360.0321960449219,28.924348831176758
2018-09-24,355.9311218261719,28.71194076538086
2018-09-25,355.19598388671875,28.499534606933594
2018-09-26,353.0680847167969,29.40457534790039
2018-09-27,355.35076904296875,29.15522575378418
2018-09-28,359.7129821777344,28.887409210205078
2018-10-01,369.76251220703125,28.619592666625977
2018-10-02,373.7087707519531,28.1855411529541
2018-10-03,379.4444580078125,28.4256534576416
2018-10-04,377.2101745605469,27.90848731994629
2018-10-05,373.8055114746094,27.566789627075195
2018-10-08,373.12847900390625,27.566789627075195
2018-10-09,372.8092956542969,27.02191734313965
2018-10-10,355.42816162109375,25.950645446777344
2018-10-11,346.37481689453125,25.922941207885742
2018-10-12,348.309326171875,26.864919662475586
2018-10-15,347.1196594238281,26.172286987304688
2018-10-16,356.1825866699219,27.243560791015625
2018-10-17,353.5227355957031,26.864919662475586
2018-10-18,347.5742492675781,26.08917236328125
2018-10-19,344.58551025390625,26.042997360229492
2018-10-22,344.3146667480469,25.57200813293457
2018-10-23,338.5790100097656,25.2764835357666
2018-10-24,343.0282287597656,24.79625701904297
2018-10-25,351.849365234375,25.636653900146484
2018-10-26,347.49688720703125,25.211835861206055
2018-10-29,324.59283447265625,24.91631507873535
2018-10-30,338.443603515625,24.64849853515625
2018-10-31,343.2313537597656,25.470420837402344
2018-11-01,351.1723327636719,25.451948165893555
2018-11-02,346.02667236328125,25.174898147583008
2018-11-05,350.1180419921875,25.248777389526367
2018-11-06,354.46087646484375,25.32265853881836
2018-11-07,359.82904052734375,25.479656219482422
2018-11-08,360.2760314941406,25.073312759399414
2018-11-09,358.886474609375,24.768552780151367
2018-11-12,346.9248962402344,24.4730281829834
2018-11-13,339.6177673339844,24.897844314575195
2018-11-14,334.96331787109375,24.934783935546875
2018-11-15,331.9024658203125,24.71314239501953
2018-11-16,326.4415588378906,24.50996971130371
2018-11-19,311.8563537597656,24.34373664855957
2018-11-20,308.70806884765625,23.854276657104492
2018-11-21,308.3388671875,24.334505081176758
2018-11-23,303.4803771972656,24.39914894104004
2018-11-26,307.406005859375,24.519203186035156
2018-11-27,309.02874755859375,24.491500854492188
2018-11-28,324.0608825683594,24.79625701904297
2018-11-29,332.86444091796875,24.980960845947266
2018-11-30,336.9455871582031,24.75008201599121
2018-12-03,349.7720031738281,25.101016998291016
2018-12-04,332.80615234375,24.23291778564453
2018-12-06,322.5061340332031,23.660343170166016
2018-12-07,314.07183837890625,23.337112426757812
2018-12-10,317.1132507324219,23.170881271362305
2018-12-11,312.91552734375,23.13393783569336
2018-12-12,317.44366455078125,23.91892433166504
2018-12-13,316.2581787109375,23.540283203125
2018-12-14,309.72833251953125,22.940004348754883
2018-12-17,307.18255615234375,22.755298614501953
2018-12-18,318.7748718261719,23.309404373168945
2018-12-19,310.50567626953125,22.552127838134766
2018-12-20,304.1896667480469,21.905668258666992
2018-12-21,295.9302673339844,21.545499801635742
2018-12-24,285.83428955078125,21.194568634033203
2018-12-26,305.0447998046875,21.665555953979492
2018-12-27,308.1639404296875,21.8040828704834
2018-12-28,307.4254150390625,21.979549407958984
2018-12-31,313.3722229003906,21.96108055114746
2019-01-02,314.6451416015625,22.062665939331055
2019-01-03,302.1005554199219,21.37003517150879
2019-01-04,317.8226013183594,22.459775924682617
2019-01-07,318.8233947753906,22.275075912475586
2019-01-08,330.8919372558594,22.940004348754883
2019-01-09,334.0985107421875,23.8080997467041
2019-01-10,342.6300048828125,23.835805892944336
2019-01-11,342.91180419921875,23.309404373168945
2019-01-14,340.44366455078125,23.724985122680664
2019-01-15,342.2704772949219,24.325267791748047
2019-01-16,342.09564208984375,24.35297393798828
2019-01-17,348.9266357421875,24.177505493164062
2019-01-18,354.406982421875,24.528438568115234
2019-01-22,347.7702941894531,24.59308433532715
2019-01-23,348.4601745605469,24.602317810058594
2019-01-24,348.12982177734375,24.95325469970703
2019-01-25,353.8919982910156,25.387306213378906
2019-01-28,352.69677734375,25.19336700439453
2019-01-29,354.5818786621094,25.248777389526367
2019-01-30,376.7462463378906,26.273874282836914
2019-01-31,374.70574951171875,26.49551773071289
2019-02-01,376.4644775390625,26.634044647216797
2019-02-04,385.7636413574219,26.81874656677246
2019-02-05,398.5705871582031,26.827980041503906
2019-02-06,399.4742431640625,26.726396560668945
2019-02-07,395.6802673339844,26.107643127441406
2019-02-08,395.4263610839844,26.273874282836914
2019-02-11,394.48883056640625,26.504751205444336
2019-02-12,401.10028076171875,26.85568618774414
2019-02-13,400.9635314941406,27.206621170043945
2019-02-14,400.22137451171875,27.96390151977539
2019-02-15,408.18048095703125,28.93358612060547
2019-02-19,406.51055908203125,29.109054565429688
2019-02-20,411.6766357421875,29.062875747680664
2019-02-21,407.79962158203125,29.20140266418457
2019-02-22,414.1180725097656,29.690866470336914
2019-02-25,416.8720397949219,29.635452270507812
2019-02-26,416.77435302734375,29.635452270507812
2019-02-27,425.2413024902344,29.866329193115234
2019-02-28,429.65545654296875,29.700098037719727
2019-03-01,430.2999572753906,29.930978775024414
2019-03-04,422.55572509765625,29.755510330200195
2019-03-05,420.0458984375,29.41381072998047
2019-03-06,414.5184631347656,29.64468765258789
2019-03-07,412.6629943847656,28.96129035949707
2019-03-08,412.6434631347656,28.979759216308594
2019-03-11,390.6411437988281,29.349166870117188
2019-03-12,366.6173095703125,29.875564575195312
2019-03-13,368.3067932128906,30.706724166870117
2019-03-14,364.5567321777344,30.448143005371094
2019-03-15,370.11346435546875,30.7713680267334
2019-03-18,363.56060791015625,30.919130325317383
2019-03-19,364.6836853027344,31.076129913330078
2019-03-20,367.3497314453125,31.18695068359375
2019-03-21,363.97076416015625,31.13153839111328
2019-03-22,353.6874084472656,29.838626861572266
2019-03-25,361.78326416015625,30.041793823242188
2019-03-26,361.70513916015625,30.198795318603516
2019-03-27,365.4454040527344,30.106441497802734
2019-03-28,365.6700134277344,30.226499557495117
2019-03-29,372.486572265625,30.577434539794922
2019-04-01,382.3695373535156,30.51279067993164
2019-04-02,381.5980529785156,30.374258041381836
2019-04-03,375.728759765625,30.725196838378906
2019-04-04,386.5882873535156,30.540491104125977
2019-04-05,382.7503662109375,30.799074172973633
2019-04-08,365.7481384277344,31.380887985229492
2019-04-09,360.3965148925781,30.799074172973633
2019-04-10,356.3925476074219,30.429672241210938
2019-04-11,361.4902648925781,30.097209930419922
2019-04-12,370.74822998046875,30.41120147705078
2019-04-15,366.6661376953125,30.55896759033203
2019-04-16,372.779541015625,30.697492599487305
2019-04-17,368.6778564453125,30.98377799987793
2019-04-18,371.1681823730469,31.168479919433594
2019-04-22,366.3829345703125,31.270065307617188
2019-04-23,365.2598571777344,31.777996063232422
2019-04-24,366.6661376953125,31.500944137573242
2019-04-25,373.8341979980469,31.316242218017578
2019-04-26,371.871337890625,31.325477600097656
2019-04-29,370.17205810546875,31.7872314453125
2019-04-30,368.8438720703125,31.630233764648438
2019-05-01,367.9747619628906,31.454771041870117
2019-05-02,366.9981689453125,30.882192611694336
2019-05-03,367.6427001953125,30.891427993774414
2019-05-06,362.89654541015625,30.993017196655273
2019-05-07,348.86309814453125,30.189558029174805
2019-05-08,351.3240661621094,30.669782638549805
2019-05-09,347.82257080078125,30.429672241210938
2019-05-10,348.35296630859375,30.84525489807129
2019-05-13,331.361083984375,29.884801864624023
2019-05-14,336.93011474609375,30.68825340270996
2019-05-15,339.4837951660156,31.316242218017578
2019-05-16,347.5082702636719,31.40859031677246
2019-05-17,348.6966857910156,31.039194107055664
2019-05-20,346.5064392089844,30.715959548950195
2019-05-21,352.36029052734375,30.41120147705078
2019-05-22,346.4966125488281,30.355789184570312
2019-05-23,344.3063049316406,29.792448043823242
2019-05-24,348.5788879394531,30.217266082763672
2019-05-28,348.5592041015625,29.700098037719727
2019-05-29,342.58746337890625,29.423046112060547
2019-05-30,343.638427734375,29.64468765258789
2019-05-31,335.5255432128906,29.57080841064453
2019-06-03,332.8540344238281,30.06026840209961
2019-06-04,338.4819641113281,30.799074172973633
2019-06-05,342.53839111328125,30.74366569519043
2019-06-06,344.3947448730469,30.660551071166992
2019-06-07,347.4002380371094,31.611764907836914
2019-06-10,347.4984130859375,31.48247528076172
2019-06-11,343.1080322265625,32.2120475769043
2019-06-12,340.8490295410156,31.85188102722168
2019-06-13,342.64642333984375,31.824172973632812
2019-06-14,340.9766845703125,31.657941818237305
2019-06-17,348.5788879394531,32.405982971191406
2019-06-18,367.29937744140625,32.313636779785156
2019-06-19,361.9955749511719,31.971935272216797
2019-06-20,368.2029724121094,32.23051834106445
2019-06-21,365.2171325683594,32.12893295288086
2019-06-24,367.3288269042969,32.285926818847656
2019-06-25,362.74200439453125,32.7476806640625
2019-06-26,368.2619323730469,32.913909912109375
2019-06-27,357.5364074707031,32.599918365478516
2019-06-28,357.526611328125,32.65533447265625
2019-07-01,350.111083984375,32.44292449951172
2019-07-02,347.85205078125,32.341339111328125
2019-07-03,348.1565246582031,32.7476806640625
2019-07-05,349.521728515625,32.322872161865234
2019-07-08,344.8662109375,32.07352066040039
2019-07-09,346.80108642578125,32.2120475769043
2019-07-10,346.025146484375,32.729209899902344
2019-07-11,352.6058349609375,32.729209899902344
2019-07-12,358.8230895996094,33.154029846191406
2019-07-15,355.1693115234375,33.67119598388672
2019-07-16,356.2890319824219,33.91130828857422
2019-07-17,362.9384765625,34.022125244140625
2019-07-18,354.67822265625,34.409996032714844
2019-07-19,370.6388244628906,33.98518753051758
2019-07-22,366.7690124511719,33.80048751831055
2019-07-23,366.42523193359375,34.22529983520508
2019-07-24,354.9925537109375,34.077537536621094
2019-07-25,341.89013671875,33.53266525268555
2019-07-26,338.85516357421875,33.62501907348633
2019-07-29,334.1505126953125,33.50496292114258
2019-07-30,341.2713623046875,32.923152923583984
2019-07-31,335.10321044921875,32.65533447265625
2019-08-01,328.3359680175781,32.78462600708008
2019-08-02,333.5120849609375,31.861114501953125
2019-08-05,325.1634521484375,31.113069534301758
2019-08-06,326.5287170410156,31.380887985229492
2019-08-07,325.477783203125,31.7872314453125
2019-08-08,332.42071533203125,32.68303680419922
2019-08-09,333.606689453125,32.5352783203125
2019-08-12,329.050537109375,32.2120475769043
2019-08-13,328.9714660644531,32.65533447265625
2019-08-14,316.6767883300781,31.214656829833984
2019-08-15,324.1682434082031,31.371658325195312
2019-08-16,326.58966064453125,31.528648376464844
2019-08-19,329.8807067871094,31.824172973632812
2019-08-20,327.87445068359375,32.156639099121094
2019-08-21,336.0181884765625,32.70151138305664
2019-08-22,350.26971435546875,31.83340835571289
2019-08-23,351.8510437011719,31.288537979125977
2019-08-26,354.84564208984375,31.454771041870117
2019-08-27,350.58599853515625,31.168479919433594
2019-08-28,355.7647705078125,31.066892623901367
2019-08-29,358.5024108886719,31.953466415405273
2019-08-30,359.8366394042969,31.7872314453125
2019-09-03,350.2796325683594,31.59329605102539
2019-09-04,352.3649597167969,32.16587448120117
2019-09-05,356.09088134765625,32.276695251464844
2019-09-06,358.7593688964844,32.17510986328125
2019-09-09,354.5886535644531,32.35057067871094
2019-09-10,365.17352294921875,31.13153839111328
2019-09-11,378.4664306640625,31.40859031677246
2019-09-12,371.2418212890625,31.814937591552734
2019-09-13,375.3235778808594,31.999643325805664
2019-09-16,374.4241943359375,30.780607223510742
2019-09-17,379.7117004394531,31.12230682373047
2019-09-18,381.8959045410156,31.260828018188477
2019-09-19,379.94891357421875,31.5194149017334
2019-09-20,374.9579162597656,30.39273452758789
2019-09-23,372.6254577636719,30.3465576171875
2019-09-24,377.1914978027344,30.097209930419922
2019-09-25,381.6883544921875,30.725196838378906
2019-09-26,382.37030029296875,30.106441497802734
2019-09-27,378.3873596191406,29.857099533081055
2019-09-30,376.0252685546875,29.986387252807617
2019-10-01,370.55987548828125,29.459983825683594
2019-10-02,363.06842041015625,28.942821502685547
2019-10-03,367.7234191894531,30.39273452758789
2019-10-04,371.31103515625,29.986387252807617
2019-10-07,372.1412048339844,30.06026840209961
2019-10-08,369.7297058105469,29.690866470336914
2019-10-09,370.57965087890625,29.65392303466797
2019-10-10,366.6659240722656,29.820154190063477
2019-10-11,370.5401306152344,30.208024978637695
2019-10-14,368.8204345703125,30.272674560546875
2019-10-15,366.6263732910156,30.39273452758789
2019-10-16,368.0792236328125,30.420433044433594
2019-10-17,364.74859619140625,30.81754493713379
2019-10-18,339.9813537597656,31.279300689697266
2019-10-21,327.1924743652344,31.42706298828125
2019-10-22,333.0631103515625,31.15924835205078
2019-10-23,336.522216796875,30.93760108947754
2019-10-24,340.52490234375,31.288537979125977
2019-10-25,335.86004638671875,31.611764907836914
2019-10-28,336.89776611328125,31.907289505004883
2019-10-29,344.8537292480469,32.33209991455078
2019-10-30,342.01727294921875,33.486488342285156
2019-10-31,335.9391174316406,33.154029846191406
2019-11-01,341.1574401855469,33.541900634765625
2019-11-04,346.9884948730469,33.523433685302734
2019-11-05,354.1044006347656,33.20020294189453
2019-11-06,350.05230712890625,33.421844482421875
2019-11-07,355.1966857910156,33.55113983154297
2019-11-08,348.92401123046875,33.80048751831055
2019-11-11,364.78961181640625,33.78201675415039
2019-11-12,360.7337341308594,34.123714447021484
2019-11-13,360.3559875488281,34.345359802246094
2019-11-14,365.26678466796875,34.548526763916016
2019-11-15,369.481689453125,34.66858673095703
2019-11-18,367.2748107910156,34.38229751586914
2019-11-19,364.8293762207031,34.57623291015625
2019-11-20,368.71624755859375,34.409996032714844
2019-11-21,364.2726745605469,34.234535217285156
2019-11-22,369.1437072753906,34.01289749145508
2019-11-25,370.9231262207031,34.15142059326172
2019-11-26,371.3008728027344,34.44694137573242
2019-11-27,365.8234558105469,34.022125244140625
2019-11-29,364.01422119140625,33.93901062011719
2019-12-02,353.07928466796875,33.26484680175781
2019-12-03,349.99761962890625,31.999643325805664
2019-12-04,346.7767639160156,32.7476806640625
2019-12-05,343.6354675292969,32.66456985473633
2019-12-06,351.9957275390625,32.46139907836914
2019-12-09,349.13275146484375,31.83340835571289
2019-12-10,345.84234619140625,31.870349884033203
2019-12-11,347.929931640625,31.8426456451416
2019-12-12,344.24188232421875,31.898054122924805
2019-12-13,339.6492004394531,32.2674560546875
2019-12-16,325.0659484863281,33.57884216308594
2019-12-17,325.0659484863281,33.828189849853516
2019-12-18,328.72418212890625,33.46802520751953
2019-12-19,331.5274963378906,33.50496292114258
2019-12-20,326.0600280761719,33.67119598388672
2019-12-23,335.5535583496094,34.05906677246094
2019-12-24,331.03045654296875,34.04983139038086
2019-12-26,327.96868896484375,34.234535217285156
2019-12-27,328.1874084472656,34.27147674560547
2019-12-30,324.4695129394531,33.63425064086914
2019-12-31,323.83331298828125,33.93901062011719
2020-01-02,331.34857177734375,34.50235366821289
2020-01-03,330.7919006347656,34.39153289794922
2020-01-06,331.7660827636719,34.51158905029297
2020-01-07,335.28515625,33.92053985595703
2020-01-08,329.41009521484375,34.61317443847656
2020-01-09,334.3507080078125,34.742462158203125
2020-01-10,327.96868896484375,34.603939056396484
2020-01-13,328.26690673828125,34.723995208740234
2020-01-14,330.3843078613281,34.825584411621094
2020-01-15,327.8493957519531,34.49311447143555
2020-01-16,330.036376953125,34.409996032714844
2020-01-17,322.2328186035156,35.204219818115234
2020-01-21,311.5165710449219,35.21345520019531
2020-01-22,307.17242431640625,35.3612174987793
2020-01-23,315.9104309082031,34.844051361083984
2020-01-24,321.1393127441406,35.12110137939453
2020-01-27,314.72747802734375,34.068302154541016
2020-01-28,314.6877136230469,34.37306213378906
2020-01-29,320.1153869628906,34.68705368041992
2020-01-30,321.3878173828125,34.5392951965332
2020-01-31,316.3875732421875,33.87436294555664
2020-02-03,314.1310119628906,34.003662109375
2020-02-04,316.0595397949219,35.18574905395508
2020-02-05,327.6008605957031,34.89946365356445
2020-02-06,339.4106140136719,34.677825927734375
2020-02-07,334.75830078125,34.409996032714844
2020-02-10,342.6314697265625,34.49311447143555
2020-02-11,342.3829345703125,34.76093673706055
2020-02-12,345.39501953125,34.48388671875
2020-02-13,342.82000732421875,33.209434509277344
2020-02-14,340.489990234375,32.5352783203125
2020-02-18,338.8800048828125,32.46139907836914
2020-02-19,338.29998779296875,32.71997833251953
2020-02-20,336.2799987792969,32.960086822509766
2020-02-21,330.3800048828125,32.65533447265625
2020-02-24,317.8999938964844,30.928367614746094
2020-02-25,304.1400146484375,30.540491104125977
2020-02-26,305.5899963378906,29.921741485595703
2020-02-27,287.760009765625,28.619592666625977
2020-02-28,275.1099853515625,27.446731567382812
2020-03-02,289.2699890136719,27.88078498840332
2020-03-03,280.6199951171875,28.342538833618164
2020-03-04,283.1199951171875,28.878175735473633
2020-03-05,260.3699951171875,27.455968856811523
2020-03-06,262.3299865722656,25.959880828857422
2020-03-09,227.1699981689453,23.374052047729492
2020-03-10,231.00999450683594,24.50996971130371
2020-03-11,189.0800018310547,22.00725555419922
2020-03-12,154.83999633789062,18.497915267944336
2020-03-13,170.1999969482422,20.22488021850586
2020-03-16,129.61000061035156,17.048004150390625
2020-03-17,124.13999938964844,16.216842651367188
2020-03-18,101.88999938964844,12.55974292755127
2020-03-19,97.70999908447266,13.021498680114746
2020-03-20,95.01000213623047,15.127100944519043
2020-03-23,105.62000274658203,13.806482315063477
2020-03-24,127.68000030517578,14.157416343688965
2020-03-25,158.72999572753906,15.219451904296875
2020-03-26,180.5500030517578,19.50454330444336
2020-03-27,162.0,17.86992835998535
2020-03-30,152.27999877929688,15.588857650756836
2020-03-31,149.13999938964844,14.914694786071777
2020-04-01,130.6999969482422,13.021498680114746
2020-04-02,123.2699966430664,12.88297176361084
2020-04-03,124.5199966430664,12.467391967773438
2020-04-06,148.77000427246094,13.464783668518066
2020-04-07,141.5800018310547,14.11124038696289
2020-04-08,146.8699951171875,15.496508598327637
2020-04-09,151.83999633789062,15.514976501464844
2020-04-13,147.3300018310547,15.062455177307129
2020-04-14,141.0,15.1455717086792
2020-04-15,145.97999572753906,14.120475769042969
2020-04-16,134.24000549316406,14.037396430969238
2020-04-17,154.0,14.839534759521484
2020-04-20,143.61000061035156,14.448016166687012
2020-04-21,136.3300018310547,13.607680320739746
2020-04-22,134.97000122070312,13.875059127807617
2020-04-23,137.74000549316406,13.827312469482422
2020-04-24,128.97999572753906,13.798665046691895
2020-04-27,128.67999267578125,13.340302467346191
2020-04-28,131.3000030517578,13.617230415344238
2020-04-29,139.0,15.05916690826416
2020-04-30,141.02000427246094,15.040068626403809
2020-05-01,133.3699951171875,14.619902610778809
2020-05-04,131.4600067138672,14.457565307617188
2020-05-05,125.4000015258789,14.352521896362305
2020-05-06,121.86000061035156,13.74137020111084
2020-05-07,128.64999389648438,14.553055763244629
2020-05-08,133.44000244140625,14.54350757598877
2020-05-11,128.91000366210938,14.237932205200195
2020-05-12,125.22000122070312,13.302105903625488
2020-05-13,121.5,12.795994758605957
2020-05-14,122.5199966430664,13.101571083068848
2020-05-15,120.0,12.862839698791504
2020-05-18,135.44000244140625,14.199734687805176
2020-05-19,130.44000244140625,13.989651679992676
2020-05-20,133.32000732421875,14.314325332641602
2020-05-21,139.0,14.276128768920898
2020-05-22,137.52999877929688,14.066044807434082
2020-05-26,144.72999572753906,16.291019439697266
2020-05-27,149.52000427246094,16.138233184814453
2020-05-28,149.82000732421875,15.765811920166016
2020-05-29,145.85000610351562,15.26924991607666
2020-06-01,151.38999938964844,15.918598175048828
2020-06-02,153.30999755859375,17.064510345458984
2020-06-03,173.16000366210938,18.687881469726562
2020-06-04,184.3000030517578,19.308582305908203
2020-06-05,205.42999267578125,21.524009704589844
2020-06-08,230.5,22.574424743652344
2020-06-09,216.74000549316406,20.50223731994629
2020-06-10,203.41000366210938,20.244409561157227
2020-06-11,170.0,17.713857650756836
2020-06-12,189.50999450683594,18.43960189819336
2020-06-15,190.94000244140625,18.66878318786621
2020-06-16,197.77000427246094,18.66878318786621
2020-06-17,192.5399932861328,18.42050552368164
2020-06-18,192.2899932861328,18.124475479125977
2020-06-19,187.02000427246094,18.019433975219727
2020-06-22,188.52000427246094,18.172224044799805
2020-06-23,187.8800048828125,17.83799934387207
2020-06-24,176.69000244140625,16.90217399597168
2020-06-25,174.8800048828125,17.24594497680664
2020-06-26,170.00999450683594,16.52975082397461
2020-06-29,194.49000549316406,16.997663497924805
2020-06-30,183.3000030517578,17.045412063598633
2020-07-01,180.32000732421875,17.284141540527344
2020-07-02,180.80999755859375,17.494226455688477
2020-07-06,187.91000366210938,18.14357566833496
2020-07-07,178.8800048828125,17.952587127685547
2020-07-08,180.0800018310547,17.809350967407227
2020-07-09,173.27999877929688,17.160001754760742
2020-07-10,178.44000244140625,17.608816146850586
2020-07-13,175.64999389648438,17.86664390563965
2020-07-14,179.9600067138672,18.028982162475586
2020-07-15,187.94000244140625,18.74517822265625
2020-07-16,178.6999969482422,18.153125762939453
2020-07-17,175.66000366210938,18.076730728149414
2020-07-20,174.4199981689453,18.019433975219727
2020-07-21,178.6300048828125,18.42050552368164
2020-07-22,179.7899932861328,18.477798461914062
2020-07-23,176.4499969482422,17.895294189453125
2020-07-24,173.75999450683594,17.76160430908203
2020-07-27,170.2100067138672,17.427379608154297
2020-07-28,170.83999633789062,17.694759368896484
2020-07-29,166.00999450683594,17.465579986572266
2020-07-30,161.9499969482422,17.952587127685547
2020-07-31,158.0,17.312789916992188
2020-08-03,162.27000427246094,17.790250778198242
2020-08-04,165.07000732421875,18.42050552368164
2020-08-05,174.27999877929688,19.222637176513672
2020-08-06,172.1999969482422,19.432723999023438
2020-08-07,170.02000427246094,19.413623809814453
2020-08-10,179.41000366210938,20.129819869995117
2020-08-11,180.1300048828125,20.817365646362305
2020-08-12,175.44000244140625,20.846012115478516
2020-08-13,174.72999572753906,20.483142852783203
2020-08-14,178.0800018310547,20.177562713623047
2020-08-17,172.00999450683594,20.120269775390625
2020-08-18,170.22999572753906,19.642805099487305
2020-08-19,169.27000427246094,19.66190528869629
2020-08-20,169.5800018310547,19.528217315673828
2020-08-21,167.5,19.33723258972168
2020-08-24,178.27000427246094,20.139368057250977
2020-08-25,174.72999572753906,20.225313186645508
2020-08-26,171.89999389648438,19.88153839111328
2020-08-27,174.1999969482422,20.177562713623047
2020-08-28,175.8000030517578,20.27305793762207
2020-08-31,171.82000732421875,19.66190528869629
2020-09-01,172.10000610351562,19.633258819580078
2020-09-02,174.77999877929688,20.540437698364258
2020-09-03,168.77000427246094,19.96748161315918
2020-09-04,171.0500030517578,19.97702980041504
2020-09-08,161.0800018310547,19.766948699951172
2020-09-09,160.77999877929688,19.537765502929688
2020-09-10,157.69000244140625,19.365880966186523
2020-09-11,160.22999572753906,19.413623809814453
2020-09-14,165.35000610351562,19.98657989501953
2020-09-15,163.49000549316406,19.575960159301758
2020-09-16,167.4600067138672,19.719200134277344
2020-09-17,167.52999877929688,20.053424835205078
2020-09-18,161.13999938964844,19.29903221130371
2020-09-21,156.35000610351562,18.057632446289062
2020-09-22,156.8000030517578,17.618366241455078
2020-09-23,151.17999267578125,16.978567123413086
2020-09-24,146.0500030517578,16.663440704345703
2020-09-25,156.02999877929688,16.7493839263916
2020-09-28,166.0800018310547,17.24594497680664
2020-09-29,163.60000610351562,17.456029891967773
2020-09-30,165.25999450683594,17.312789916992188
2020-10-01,167.86000061035156,18.105375289916992
2020-10-02,168.0800018310547,18.067180633544922
2020-10-05,171.1999969482422,18.487348556518555
2020-10-06,159.5399932861328,18.65923500061035
2020-10-07,164.61000061035156,18.735628128051758
2020-10-08,168.0,18.773826599121094
2020-10-09,167.3300018310547,18.726078033447266
2020-10-12,167.35000610351562,18.621036529541016
2020-10-13,162.13999938964844,17.77115249633789
2020-10-14,163.24000549316406,17.24594497680664
2020-10-15,164.24000549316406,17.408283233642578
2020-10-16,167.35000610351562,17.83799934387207
2020-10-19,167.11000061035156,18.23906898498535
2020-10-20,167.24000549316406,18.907514572143555
2020-10-21,163.86000061035156,18.038530349731445
2020-10-22,169.07000732421875,18.43960189819336
2020-10-23,167.36000061035156,19.174894332885742
2020-10-26,160.8300018310547,18.477798461914062
2020-10-27,155.24000549316406,17.799800872802734
2020-10-28,148.13999938964844,17.074058532714844
2020-10-29,148.2899932861328,17.24594497680664
2020-10-30,144.38999938964844,17.44647789001465
2020-11-02,148.60000610351562,17.599266052246094
2020-11-03,153.64999389648438,18.56374168395996
2020-11-04,151.6300048828125,18.993457794189453
2020-11-05,157.08999633789062,19.719200134277344
2020-11-06,157.74000549316406,19.78604507446289
2020-11-09,179.36000061035156,22.908649444580078
2020-11-10,188.69000244140625,24.75165557861328
2020-11-11,182.14999389648438,24.140504837036133
2020-11-12,176.72000122070312,23.367013931274414
2020-11-13,187.11000061035156,24.3505859375
2020-11-16,202.39999389648438,25.496498107910156
2020-11-17,210.0500030517578,25.534692764282227
2020-11-18,203.3000030517578,25.085878372192383
2020-11-19,205.6699981689453,25.305511474609375
2020-11-20,199.6199951171875,25.066781997680664
2020-11-23,211.52999877929688,25.56334114074707
2020-11-24,218.49000549316406,26.690155029296875
2020-11-25,217.61000061035156,26.145843505859375
2020-11-27,216.5,25.75432777404785
2020-11-30,210.7100067138672,24.96173667907715
2020-12-01,213.00999450683594,25.802072525024414
2020-12-02,223.85000610351562,26.422775268554688
2020-12-03,237.1999969482422,27.215360641479492
2020-12-04,232.7100067138672,27.836061477661133
2020-12-07,238.1699981689453,27.54958724975586
2020-12-08,236.57000732421875,27.44454574584961
2020-12-09,232.05999755859375,26.88113784790039
2020-12-10,234.42999267578125,27.158065795898438
2020-12-11,230.3300018310547,26.5755615234375
2020-12-14,228.6199951171875,26.585111618041992
2020-12-15,229.5,26.67105484008789
2020-12-16,225.8699951171875,26.39412498474121
2020-12-17,221.24000549316406,26.222238540649414
2020-12-18,219.75,26.088550567626953
2020-12-21,219.30999755859375,25.56334114074707
2020-12-22,218.77999877929688,25.620635986328125
2020-12-23,219.69000244140625,26.623306274414062
2020-12-24,217.14999389648438,26.67105484008789
2020-12-28,216.08999633789062,26.76654815673828
2020-12-29,216.25,26.900236129760742
2020-12-30,216.6699981689453,26.632856369018555
2020-12-31,214.05999755859375,26.088550567626953
2021-01-04,202.72000122070312,26.031253814697266
2021-01-05,211.6300048828125,26.43232536315918
2021-01-06,211.02999877929688,26.35593032836914
2021-01-07,212.7100067138672,26.365478515625
2021-01-08,209.89999389648438,26.308181762695312
2021-01-11,206.7899932861328,26.126747131347656
2021-01-12,208.41000366210938,26.06945037841797
2021-01-13,207.2100067138672,25.830720901489258
2021-01-14,209.91000366210938,26.900236129760742
2021-01-15,204.32000732421875,26.67105484008789
2021-01-19,210.7100067138672,26.499168395996094
2021-01-20,211.4499969482422,26.833391189575195
2021-01-21,207.41000366210938,26.088550567626953
2021-01-22,205.83999633789062,25.84981918334961
2021-01-25,203.36000061035156,24.91399383544922
2021-01-26,202.05999755859375,24.80895233154297
2021-01-27,194.02999877929688,23.978166580200195
2021-01-28,197.22999572753906,24.627517700195312
2021-01-29,194.19000244140625,23.968618392944336
2021-02-01,195.83999633789062,23.873125076293945
2021-02-02,200.94000244140625,25.45829963684082
2021-02-03,207.38999938964844,25.782974243164062
2021-02-04,210.63999938964844,26.4514217376709
2021-02-05,207.92999267578125,26.947982788085938
2021-02-08,211.9499969482422,27.053024291992188
2021-02-09,215.1199951171875,26.728349685668945
2021-02-10,211.9199981689453,26.4896183013916
2021-02-11,210.66000366210938,26.413223266601562
2021-02-12,210.97999572753906,26.70924949645996
2021-02-16,217.17999267578125,27.08167266845703
2021-02-17,215.52000427246094,27.07212257385254
2021-02-18,208.47999572753906,26.460969924926758
2021-02-19,217.47000122070312,26.518268585205078
2021-02-22,212.8800048828125,27.578231811523438
2021-02-23,212.1199951171875,28.790987014770508
2021-02-24,229.33999633789062,29.83185577392578
2021-02-25,216.4499969482422,28.313526153564453
2021-02-26,212.00999450683594,27.8742618560791
2021-03-01,224.38999938964844,28.915130615234375
2021-03-02,223.13999938964844,28.523609161376953
2021-03-03,228.55999755859375,28.580904006958008
2021-03-04,224.7100067138672,28.370819091796875
2021-03-05,223.22000122070312,27.50183868408203
2021-03-08,224.02999877929688,28.36127281188965
2021-03-09,230.61000061035156,28.51405906677246
2021-03-10,245.33999633789062,28.351722717285156
2021-03-11,252.0,28.342172622680664
2021-03-12,269.19000244140625,28.743244171142578
2021-03-15,265.6300048828125,28.456762313842773
2021-03-16,255.2100067138672,28.68594741821289
2021-03-17,263.5899963378906,29.02971839904785
2021-03-18,256.05999755859375,28.303977966308594
2021-03-19,255.82000732421875,27.92200469970703
2021-03-22,251.22999572753906,27.578231811523438
2021-03-23,241.25,26.737897872924805
2021-03-24,239.24000549316406,26.737897872924805
2021-03-25,247.19000244140625,27.263107299804688
2021-03-26,244.8699951171875,27.568683624267578
2021-03-29,250.52000427246094,27.263107299804688
2021-03-30,252.00999450683594,27.30130386352539
2021-03-31,254.72000122070312,27.110321044921875
2021-04-01,252.9600067138672,28.323074340820312
2021-04-05,259.3599853515625,29.058366775512695
2021-04-06,255.1699981689453,28.40901756286621
2021-04-07,252.5800018310547,28.542705535888672
2021-04-08,254.9499969482422,28.647750854492188
2021-04-09,252.36000061035156,28.876930236816406
2021-04-12,249.52000427246094,28.39946937561035
2021-04-13,253.27000427246094,28.18938446044922
2021-04-14,252.42999267578125,28.523609161376953
2021-04-15,251.11000061035156,29.4307861328125
2021-04-16,248.17999267578125,29.765012741088867
2021-04-19,244.14999389648438,29.640871047973633
2021-04-20,234.05999755859375,28.227582931518555
2021-04-21,235.9199981689453,28.246679306030273
2021-04-22,234.3300018310547,28.313526153564453
2021-04-23,238.3800048828125,28.49496078491211
2021-04-26,241.44000244140625,29.125211715698242
2021-04-27,242.47000122070312,28.790987014770508
2021-04-28,235.4600067138672,28.771888732910156
2021-04-29,235.94000244140625,29.268449783325195
2021-04-30,234.30999755859375,28.65730094909668
2021-05-03,235.19000244140625,28.743244171142578
2021-05-04,233.6300048828125,27.8742618560791
2021-05-05,228.17999267578125,27.46364402770996
2021-05-06,229.80999755859375,27.721473693847656
2021-05-07,235.47000122070312,28.523609161376953
2021-05-10,232.92999267578125,28.170286178588867
2021-05-11,228.8800048828125,27.8742618560791
2021-05-12,220.77999877929688,27.58778190612793
2021-05-13,222.63999938964844,27.81696319580078
2021-05-14,228.47000122070312,28.943775177001953
2021-05-17,227.97999572753906,28.10344123840332
2021-05-18,227.5500030517578,28.122541427612305
2021-05-19,224.4199981689453,27.759668350219727
2021-05-20,227.64999389648438,28.19893455505371
2021-05-21,234.82000732421875,28.4663143157959
2021-05-24,237.44000244140625,28.647750854492188
2021-05-25,240.74000549316406,28.456762313842773
2021-05-26,241.3699951171875,28.48541259765625
2021-05-27,250.6999969482422,31.054161071777344
2021-05-28,247.02000427246094,31.22604751586914
2021-06-01,254.72999572753906,31.760805130004883
2021-06-02,255.6199951171875,32.209617614746094
2021-06-03,250.32000732421875,31.75125503540039
2021-06-04,249.9199981689453,32.04728698730469
2021-06-07,252.66000366210938,32.42925262451172
2021-06-08,252.75999450683594,32.276466369628906
2021-06-09,248.05999755859375,32.16187286376953
2021-06-10,248.33999633789062,32.09503173828125
2021-06-11,247.27999877929688,32.49609375
2021-06-14,245.13999938964844,32.47699737548828
2021-06-15,246.5399932861328,32.7825813293457
2021-06-16,242.27000427246094,32.49609375
2021-06-17,239.22000122070312,32.543846130371094
2021-06-18,237.35000610351562,31.856298446655273
2021-06-21,245.27999877929688,32.16187286376953
2021-06-22,243.77999877929688,32.17142105102539
2021-06-23,243.57000732421875,31.67486000061035
2021-06-24,250.57000732421875,31.884944915771484
2021-06-25,248.3800048828125,31.502975463867188
2021-06-28,239.9600067138672,30.796329498291016
2021-06-29,235.75999450683594,30.19472885131836
2021-06-30,239.55999755859375,30.748584747314453
2021-07-01,239.72999572753906,31.025514602661133
2021-07-02,236.67999267578125,31.770353317260742
2021-07-06,236.13999938964844,31.36928367614746
2021-07-07,231.77999877929688,30.949119567871094
2021-07-08,236.77000427246094,30.805877685546875
2021-07-09,239.58999633789062,31.93269157409668
2021-07-12,238.2899932861328,31.77989959716797
2021-07-13,228.1999969482422,31.283340454101562
2021-07-14,224.4499969482422,31.340639114379883
2021-07-15,222.75999450683594,31.082809448242188
2021-07-16,217.74000549316406,30.891820907592773
2021-07-19,206.99000549316406,28.99152374267578
2021-07-20,217.14999389648438,30.08968734741211
2021-07-21,222.5399932861328,31.340639114379883
2021-07-22,220.8699951171875,30.863176345825195
2021-07-23,221.52000427246094,31.302438735961914
2021-07-26,225.85000610351562,31.66530990600586
2021-07-27,222.27000427246094,31.741708755493164
2021-07-28,231.57000732421875,32.276466369628906
2021-07-29,231.6300048828125,32.80167007446289
2021-07-30,226.47999572753906,32.7825813293457
2021-08-02,225.33999633789062,32.97355651855469
2021-08-03,229.08999633789062,32.63933563232422
2021-08-04,226.6300048828125,32.391056060791016
2021-08-05,229.94000244140625,32.906715393066406
2021-08-06,231.3300018310547,32.629783630371094
2021-08-09,232.27000427246094,32.13322830200195
2021-08-10,235.77999877929688,32.180973052978516
2021-08-11,239.49000549316406,32.45790100097656
2021-08-12,238.17999267578125,32.23826599121094
2021-08-13,234.4600067138672,32.45790100097656
2021-08-16,229.05999755859375,32.209617614746094
2021-08-17,222.22000122070312,31.541170120239258
2021-08-18,219.0,31.42658233642578
2021-08-19,212.16000366210938,30.7294864654541
2021-08-20,212.6699981689453,30.824975967407227
2021-08-23,219.39999389648438,31.340639114379883
2021-08-24,221.42999267578125,31.75125503540039
2021-08-25,221.02999877929688,32.438804626464844
2021-08-26,216.5,32.09503173828125
2021-08-27,221.75,32.30511474609375
2021-08-30,217.66000366210938,32.30511474609375
2021-08-31,219.5,32.58203887939453
2021-09-01,218.1199951171875,33.19318771362305
2021-09-02,220.8300018310547,32.916263580322266
2021-09-03,218.1699981689453,32.45790100097656
2021-09-07,214.24000549316406,32.24781799316406
2021-09-08,211.3800048828125,32.075931549072266
2021-09-09,213.94000244140625,32.25736618041992
2021-09-10,210.3000030517578,32.12367248535156
2021-09-13,214.47999572753906,32.391056060791016
2021-09-14,211.57000732421875,31.646211624145508
2021-09-15,214.22000122070312,31.89449691772461
2021-09-16,213.36000061035156,32.286014556884766
2021-09-17,213.36000061035156,31.58892059326172
2021-09-20,209.5,31.264244079589844
2021-09-21,208.50999450683594,31.684412002563477
2021-09-22,216.97999572753906,32.22871780395508
2021-09-23,221.10000610351562,32.591590881347656
2021-09-24,221.38999938964844,32.180973052978516
2021-09-27,224.16000366210938,32.73482894897461
2021-09-28,218.41000366210938,31.73215675354004
2021-09-29,225.36000061035156,32.276466369628906
2021-09-30,219.94000244140625,31.884944915771484
2021-10-01,226.0,32.45790100097656
2021-10-04,223.7899932861328,31.58892059326172
2021-10-05,224.4199981689453,31.79899787902832
2021-10-06,224.99000549316406,31.51252555847168
2021-10-07,226.47999572753906,31.340639114379883
2021-10-08,226.38999938964844,31.273794174194336
2021-10-11,226.4499969482422,31.197397232055664
2021-10-12,223.57000732421875,31.10190773010254
2021-10-13,221.77999877929688,31.22604751586914
2021-10-14,217.44000244140625,31.273794174194336
2021-10-15,217.0399932861328,31.84674644470215
2021-10-18,216.97999572753906,31.359737396240234
2021-10-19,215.97000122070312,31.063705444335938
2021-10-20,216.1699981689453,31.082809448242188
2021-10-21,214.33999633789062,30.996864318847656
2021-10-22,212.97000122070312,30.595796585083008
2021-10-25,212.8699951171875,29.850955963134766
2021-10-26,209.80999755859375,30.280672073364258
2021-10-27,206.61000061035156,30.290218353271484
2021-10-28,207.85000610351562,31.197397232055664
2021-10-29,207.02999877929688,30.557598114013672
2021-11-01,214.5800018310547,30.30931854248047
2021-11-02,212.77000427246094,30.433462142944336
2021-11-03,213.3800048828125,30.108787536621094
2021-11-04,213.02999877929688,30.032390594482422
2021-11-05,224.4600067138672,31.41703224182129
2021-11-08,222.67999267578125,31.856298446655273
2021-11-09,220.7899932861328,32.2000732421875
2021-11-10,218.5,31.66530990600586
2021-11-11,219.3800048828125,31.29289436340332
2021-11-12,220.9600067138672,30.65308952331543
2021-11-15,233.08999633789062,30.987316131591797
2021-11-16,225.8000030517578,30.987316131591797
2021-11-17,226.6199951171875,30.882272720336914
2021-11-18,227.25,30.710386276245117
2021-11-19,214.1300048828125,29.4307861328125
2021-11-22,209.89999389648438,29.02016830444336
2021-11-23,209.1300048828125,29.774560928344727
2021-11-24,210.60000610351562,29.81275749206543
2021-11-26,199.2100067138672,27.024377822875977
2021-11-29,198.5,26.852493286132812
2021-11-30,197.85000610351562,26.75699806213379
2021-12-01,188.19000244140625,26.814292907714844
2021-12-02,202.3800048828125,27.30130386352539
2021-12-03,198.49000549316406,26.67105484008789
2021-12-06,205.8800048828125,27.635530471801758
2021-12-07,208.8300018310547,28.380369186401367
2021-12-08,211.02999877929688,29.0965633392334
2021-12-09,207.55999755859375,28.29442596435547
2021-12-10,205.05999755859375,28.51405906677246
2021-12-13,197.39999389648438,27.59733009338379
2021-12-14,195.5,27.58778190612793
2021-12-15,195.42999267578125,27.263107299804688
2021-12-16,190.7899932861328,27.329952239990234
2021-12-17,192.6300048828125,27.759668350219727
2021-12-20,188.47999572753906,27.673725128173828
2021-12-21,199.52000427246094,28.695493698120117
2021-12-22,201.69000244140625,30.022842407226562
2021-12-23,204.22000122070312,30.137432098388672
2021-12-27,203.1699981689453,30.41436004638672
2021-12-28,206.1300048828125,30.462106704711914
2021-12-29,203.66000366210938,30.318866729736328
2021-12-30,202.7100067138672,30.2711238861084
2021-12-31,201.32000732421875,30.471654891967773
2022-01-03,207.86000061035156,31.283340454101562
2022-01-04,213.6300048828125,31.97088623046875
2022-01-05,213.07000732421875,31.97088623046875
2022-01-06,211.33999633789062,31.818098068237305
2022-01-07,215.5,31.913593292236328
2022-01-10,209.30999755859375,32.14277267456055
2022-01-11,216.02000427246094,32.180973052978516
2022-01-12,217.4499969482422,32.35285949707031
2022-01-13,223.89999389648438,31.837196350097656
2022-01-14,225.9600067138672,32.09503173828125
2022-01-18,225.00999450683594,31.33108901977539
2022-01-19,217.0800018310547,31.04460906982422
2022-01-20,214.19000244140625,30.87272834777832
2022-01-21,205.44000244140625,30.357067108154297
2022-01-24,204.1999969482422,29.659969329833984
2022-01-25,204.10000610351562,29.29709815979004
2022-01-26,194.27000427246094,30.42391014099121
2022-01-27,189.75,30.242473602294922
2022-01-28,190.57000732421875,29.870054244995117
2022-01-31,200.24000549316406,30.242473602294922
2022-02-01,208.33999633789062,31.149648666381836
2022-02-02,207.52000427246094,30.6912899017334
2022-02-03,206.38999938964844,30.22337532043457
2022-02-04,206.4499969482422,30.2711238861084
2022-02-07,211.9199981689453,30.863176345825195
2022-02-08,213.27000427246094,31.66530990600586
2022-02-09,215.86000061035156,32.12367248535156
2022-02-10,218.75,31.89449691772461
2022-02-11,212.3000030517578,31.29289436340332
2022-02-14,210.0399932861328,31.254695892333984
2022-02-15,217.72999572753906,32.10457992553711
2022-02-16,218.92999267578125,32.22871780395508
2022-02-17,213.5800018310547,31.264244079589844
2022-02-18,209.02999877929688,31.025514602661133
2022-02-22,198.74000549316406,30.586244583129883
2022-02-23,196.4199981689453,30.42391014099121
2022-02-24,198.42999267578125,29.803207397460938
2022-02-25,201.47999572753906,31.273794174194336
2022-02-28,205.33999633789062,30.261573791503906
2022-03-01,194.91000366210938,27.568683624267578
2022-03-02,197.80999755859375,28.953325271606445
2022-03-03,188.85000610351562,27.530488967895508
2022-03-04,180.83999633789062,25.611087799072266
2022-03-07,169.1699981689453,23.91132164001465
2022-03-08,173.8000030517578,25.076332092285156
2022-03-09,178.55999755859375,27.339500427246094
2022-03-10,178.38999938964844,26.365478515625
2022-03-11,176.22999572753906,26.566011428833008
2022-03-14,175.52000427246094,27.205814361572266
2022-03-15,179.88999938964844,27.138967514038086
2022-03-16,188.99000549316406,28.303977966308594
2022-03-17,190.19000244140625,28.39946937561035
2022-03-18,192.8300018310547,28.06524658203125
2022-03-21,185.89999389648438,27.59733009338379
2022-03-22,191.0399932861328,28.456762313842773
2022-03-23,186.0399932861328,27.941104888916016
2022-03-24,189.0500030517578,28.351722717285156
2022-03-25,188.9499969482422,28.36127281188965
2022-03-28,188.16000366210938,28.49496078491211
2022-03-29,193.8000030517578,30.04193878173828
2022-03-30,194.91000366210938,29.640871047973633
2022-03-31,191.5,28.857831954956055
2022-04-01,190.75999450683594,29.421239852905273
2022-04-04,191.17999267578125,28.876930236816406
2022-04-05,182.64999389648438,27.434993743896484
2022-04-06,178.72000122070312,26.928884506225586
2022-04-07,177.97000122070312,26.75699806213379
2022-04-08,175.1999969482422,26.546913146972656
2022-04-11,175.02999877929688,26.795194625854492
2022-04-12,176.27999877929688,26.86203956604004
2022-04-13,182.8699951171875,26.95753288269043
2022-04-14,181.94000244140625,27.145544052124023
2022-04-18,179.85000610351562,27.0873966217041
2022-04-19,185.97999572753906,27.426593780517578
2022-04-20,183.5500030517578,27.66887855529785
2022-04-21,181.02000427246094,28.095298767089844
2022-04-22,176.9199981689453,27.0389404296875
2022-04-25,175.91000366210938,27.126161575317383
2022-04-26,167.0399932861328,26.098876953125
2022-04-27,154.4600067138672,25.992271423339844
2022-04-28,154.22000122070312,26.544679641723633
2022-04-29,148.83999633789062,26.42838478088379
2022-05-02,148.61000061035156,26.515605926513672
2022-05-03,153.5800018310547,27.300607681274414
2022-05-04,156.97000122070312,27.79486846923828
2022-05-05,150.47000122070312,27.930545806884766
2022-05-06,148.89999389648438,27.378137588500977
2022-05-09,133.30999755859375,26.748197555541992
2022-05-10,132.9499969482422,26.903261184692383
2022-05-11,129.38999938964844,26.67066764831543
2022-05-12,123.13999938964844,26.186098098754883
2022-05-13,127.19999694824219,26.84511375427246
2022-05-16,124.05000305175781,26.777271270751953
2022-05-17,132.0500030517578,27.84332275390625
2022-05-18,125.5199966430664,26.961408615112305
2022-05-19,127.13999938964844,27.3102970123291
2022-05-20,120.69999694824219,27.397520065307617
2022-05-23,124.06999969482422,27.494434356689453
2022-05-24,119.4000015258789,27.00986671447754
2022-05-25,122.05999755859375,27.25214958190918
2022-05-26,127.7300033569336,28.308507919311523
2022-05-27,132.22999572753906,29.11289405822754
2022-05-31,131.39999389648438,28.327892303466797
2022-06-01,130.64999389648438,27.87239646911621
2022-06-02,140.5,28.638015747070312
2022-06-03,139.25,28.211597442626953
2022-06-06,139.24000549316406,28.676782608032227
2022-06-07,140.82000732421875,28.715547561645508
2022-06-08,139.6300048828125,27.882089614868164
2022-06-09,133.72999572753906,26.777271270751953
2022-06-10,127.0,25.982580184936523
2022-06-13,115.86000061035156,24.567638397216797
2022-06-14,122.16000366210938,24.209056854248047
2022-06-15,133.72000122070312,24.3931941986084
2022-06-16,133.36000061035156,23.792327880859375
2022-06-17,136.8000030517578,23.957080841064453
2022-06-21,136.75,24.2672061920166
2022-06-22,137.16000366210938,23.67603302001953
2022-06-23,133.97000122070312,23.191463470458984
2022-06-24,141.52999877929688,23.87955093383789
2022-06-27,138.72000122070312,23.724489212036133
2022-06-28,138.6999969482422,23.81171226501465
2022-06-29,138.4499969482422,23.28837776184082
2022-06-30,136.72000122070312,23.540353775024414
2022-07-01,139.83999633789062,24.383501052856445
2022-07-05,137.6999969482422,22.629364013671875
2022-07-06,136.30999755859375,22.900720596313477
2022-07-07,139.97000122070312,23.268993377685547
2022-07-08,139.07000732421875,23.433748245239258
2022-07-11,136.99000549316406,23.404672622680664
2022-07-12,147.14999389648438,24.25751495361328
2022-07-13,143.9499969482422,24.61609649658203
2022-07-14,147.14999389648438,24.27689552307129
2022-07-15,147.74000549316406,25.216960906982422
2022-07-18,147.72000122070312,25.39140510559082
2022-07-19,156.1300048828125,26.28301239013672
2022-07-20,158.3800048828125,25.54646873474121
2022-07-21,161.41000366210938,25.982580184936523
2022-07-22,158.16000366210938,25.963197708129883
2022-07-25,156.63999938964844,26.224863052368164
2022-07-26,155.9199981689453,25.507701873779297
2022-07-27,156.08999633789062,25.226652145385742
2022-07-28,159.08999633789062,25.527084350585938
2022-07-29,159.30999755859375,26.040729522705078
2022-08-01,169.07000732421875,25.42047882080078
2022-08-02,163.27999877929688,25.17819595336914
2022-08-03,166.63999938964844,25.662763595581055
2022-08-04,166.5,25.662763595581055
2022-08-05,165.0399932861328,25.97288703918457
2022-08-08,165.88999938964844,26.050418853759766
2022-08-09,164.85000610351562,26.253936767578125
2022-08-10,169.02000427246094,26.767581939697266
2022-08-11,167.8800048828125,26.835420608520508
2022-08-12,169.99000549316406,27.07770538330078
2022-08-15,170.47000122070312,26.816038131713867
2022-08-16,172.0800018310547,27.319990158081055
2022-08-17,167.1999969482422,26.70943260192871
2022-08-18,168.69000244140625,26.48653221130371
2022-08-19,162.9199981689453,25.827516555786133
2022-08-22,158.97999572753906,24.771156311035156
2022-08-23,160.07000732421875,24.82930564880371
2022-08-24,163.60000610351562,24.80023193359375
2022-08-25,169.3800048828125,25.090972900390625
2022-08-26,164.52999877929688,24.43195915222168
2022-08-29,165.4199981689453,24.383501052856445
2022-08-30,162.2100067138672,24.296279907226562
2022-08-31,160.25,23.70510482788086
2022-09-01,153.66000366210938,23.16238784790039
2022-09-02,151.82000732421875,23.172080993652344
2022-09-06,152.38999938964844,23.113933563232422
2022-09-07,155.9499969482422,23.2786865234375
2022-09-08,157.7899932861328,23.172080993652344
2022-09-09,157.52000427246094,23.38528823852539
2022-09-12,158.72000122070312,24.27689552307129
2022-09-13,147.30999755859375,23.24961280822754
2022-09-14,149.25999450683594,23.201154708862305
2022-09-15,149.77999877929688,22.842573165893555
2022-09-16,144.2899932861328,22.261091232299805
2022-09-19,144.8800048828125,22.706893920898438
2022-09-20,145.94000244140625,22.106027603149414
2022-09-21,143.2899932861328,21.931583404541016
2022-09-22,138.7100067138672,22.00911521911621
2022-09-23,131.25999450683594,21.553621292114258
2022-09-26,127.33999633789062,21.185348510742188
2022-09-27,127.51000213623047,20.72016143798828
2022-09-28,133.44000244140625,21.175657272338867
2022-09-29,125.33000183105469,20.913990020751953
2022-09-30,121.08000183105469,20.807384490966797
2022-10-03,126.05000305175781,21.369483947753906
2022-10-04,133.50999450683594,22.92010498046875
2022-10-05,132.11000061035156,22.36769676208496
2022-10-06,132.1999969482422,22.02849769592285
2022-10-07,129.7899932861328,21.698991775512695
2022-10-10,131.89999389648438,21.883127212524414
2022-10-11,131.57000732421875,21.863744735717773
2022-10-12,130.4199981689453,21.80559730529785
2022-10-13,132.39999389648438,23.210845947265625
2022-10-14,133.14999389648438,22.571216583251953
2022-10-17,136.08999633789062,23.68572425842285
2022-10-18,137.33999633789062,24.00554084777832
2022-10-19,138.38999938964844,23.772945404052734
2022-10-20,139.1300048828125,23.84078598022461
2022-10-21,141.32000732421875,24.296279907226562
2022-10-24,142.0500030517578,24.654861450195312
2022-10-25,146.64999389648438,25.14912223815918
2022-10-26,133.7899932861328,25.70153045654297
2022-10-27,139.75999450683594,25.662763595581055
2022-10-28,143.83999633789062,26.71912384033203
2022-10-31,142.50999450683594,26.195789337158203
2022-11-01,143.3800048828125,26.903261184692383
2022-11-02,147.41000366210938,26.234556198120117
2022-11-03,156.75,26.205482482910156
2022-11-04,160.00999450683594,27.494434356689453
2022-11-07,164.91000366210938,27.542892456054688
2022-11-08,169.6199951171875,27.542892456054688
2022-11-09,168.74000549316406,27.28122329711914
2022-11-10,177.5800018310547,28.260051727294922
2022-11-11,177.49000549316406,28.453880310058594
2022-11-14,173.5500030517578,28.01776885986328
2022-11-15,175.35000610351562,28.337583541870117
2022-11-16,172.69000244140625,28.686473846435547
2022-11-17,172.77999877929688,28.444189071655273
2022-11-18,173.88999938964844,28.657400131225586
2022-11-21,172.94000244140625,28.327892303466797
2022-11-22,172.5,28.492645263671875
2022-11-23,174.85000610351562,28.55079460144043
2022-11-25,178.36000061035156,28.463573455810547
2022-11-28,171.8300018310547,26.748197555541992
2022-11-29,175.32000732421875,27.368446350097656
2022-11-30,178.8800048828125,27.63980484008789
2022-12-01,175.77999877929688,27.930545806884766
2022-12-02,182.8699951171875,27.87239646911621
2022-12-05,185.10000610351562,27.87239646911621
2022-12-06,178.42999267578125,27.697952270507812
2022-12-07,176.5,27.494434356689453
2022-12-08,179.0800018310547,28.143756866455078
2022-12-09,179.5399932861328,28.308507919311523
2022-12-12,186.27000427246094,28.80276870727539
2022-12-13,187.1300048828125,29.045055389404297
2022-12-14,188.25,28.986906051635742
2022-12-15,183.72000122070312,28.618633270263672
2022-12-16,184.6999969482422,28.201904296875
2022-12-19,185.67999267578125,28.318199157714844
2022-12-20,188.2899932861328,28.560483932495117
2022-12-21,196.0,28.977214813232422
2022-12-22,188.25,28.676782608032227
2022-12-23,189.05999755859375,28.75431251525879
2022-12-27,189.39999389648438,28.928756713867188
2022-12-28,188.3800048828125,28.482954025268555
2022-12-29,188.91000366210938,28.76400375366211
2022-12-30,190.49000549316406,28.74462127685547
2023-01-03,195.38999938964844,29.258264541625977
2023-01-04,203.63999938964844,29.645919799804688
2023-01-05,204.99000549316406,29.384252548217773
2023-01-06,213.0,30.07234001159668
2023-01-09,208.57000732421875,30.343698501586914
2023-01-10,206.69000244140625,29.917280197143555
2023-01-11,208.02999877929688,29.771907806396484
2023-01-12,214.32000732421875,30.62474822998047
2023-01-13,214.1300048828125,30.731353759765625
2023-01-17,211.41000366210938,30.295242309570312
2023-01-18,209.41000366210938,30.78950309753418
2023-01-19,207.08999633789062,30.760427474975586
2023-01-20,206.75999450683594,31.293453216552734
2023-01-23,209.97000122070312,31.370983123779297
2023-01-24,211.97999572753906,31.797405242919922
2023-01-25,212.67999267578125,31.82647705078125
2023-01-26,212.72999572753906,31.865245819091797
2023-01-27,211.1699981689453,30.644132614135742
2023-01-30,209.6699981689453,29.849437713623047
2023-01-31,213.0,30.353391647338867
2023-02-01,214.75,30.993019104003906
2023-02-02,209.33999633789062,31.0220947265625
2023-02-03,206.00999450683594,30.372772216796875
2023-02-06,206.80999755859375,30.11110496520996
2023-02-07,214.75999450683594,29.335796356201172
2023-02-08,213.5,29.384252548217773
2023-02-09,211.99000549316406,29.48116683959961
2023-02-10,212.88999938964844,29.452091217041016
2023-02-13,215.64999389648438,30.082033157348633
2023-02-14,218.4499969482422,30.343698501586914
2023-02-15,217.44000244140625,30.886417388916016
2023-02-16,212.2100067138672,32.29166793823242
2023-02-17,211.66000366210938,32.592098236083984
2023-02-21,205.52000427246094,31.516355514526367
2023-02-22,205.75999450683594,31.4679012298584
2023-02-23,208.1300048828125,32.03969192504883
2023-02-24,198.14999389648438,31.21592140197754
2023-02-27,200.4600067138672,31.661724090576172
2023-02-28,201.5500030517578,31.69080352783203
2023-03-01,204.5500030517578,31.603578567504883
2023-03-02,210.05999755859375,31.63265037536621
2023-03-03,215.11000061035156,32.068763732910156
2023-03-06,211.9199981689453,31.93308448791504
2023-03-07,207.9199981689453,31.57450294494629
2023-03-08,207.1999969482422,31.661724090576172
2023-03-09,201.24000549316406,31.516355514526367
2023-03-10,203.07000732421875,31.00271224975586
2023-03-13,203.3699951171875,30.576292037963867
2023-03-14,207.27999877929688,31.7877140045166
2023-03-15,198.2100067138672,30.082033157348633
2023-03-16,203.19000244140625,30.83795928955078
2023-03-17,201.0500030517578,30.10141372680664
2023-03-20,204.77000427246094,30.83795928955078
2023-03-21,204.6999969482422,31.768329620361328
2023-03-22,196.16000366210938,31.4194393157959
2023-03-23,197.89999389648438,31.16746711730957
2023-03-24,197.52999877929688,30.78950309753418
2023-03-27,200.57000732421875,31.225616455078125
2023-03-28,204.9600067138672,31.16746711730957
2023-03-29,207.97000122070312,31.77802276611328
2023-03-30,211.0399932861328,32.33042907714844
2023-03-31,212.42999267578125,32.44672393798828
2023-04-03,215.38999938964844,33.13481140136719
2023-04-04,213.89999389648438,33.173580169677734
2023-04-05,210.0,32.81500244140625
2023-04-06,211.3699951171875,33.2995719909668
2023-04-10,210.77999877929688,33.20265197753906
2023-04-11,212.32000732421875,33.2220344543457
2023-04-12,212.33999633789062,33.687225341796875
2023-04-13,213.58999633789062,33.76475524902344
2023-04-14,201.7100067138672,33.590309143066406
2023-04-17,205.02999877929688,33.9682731628418
2023-04-18,208.3699951171875,34.15241241455078
2023-04-19,208.7100067138672,34.113643646240234
2023-04-20,207.22999572753906,34.220252990722656
2023-04-21,205.14999389648438,33.803524017333984
2023-04-24,205.77000427246094,34.13302993774414
2023-04-25,202.19000244140625,33.6693000793457
2023-04-26,203.02999877929688,33.423683166503906
2023-04-27,206.0399932861328,34.11141586303711
2023-04-28,206.77999877929688,34.425804138183594
2023-05-01,203.8699951171875,34.2980842590332
2023-05-02,203.25,33.86579513549805
2023-05-03,200.92999267578125,33.69877624511719
2023-05-04,197.0500030517578,33.011043548583984
2023-05-05,198.33999633789062,33.06999206542969
2023-05-08,197.25999450683594,32.76542663574219
2023-05-09,201.8800048828125,32.82437515258789
2023-05-10,200.83999633789062,32.79490280151367
2023-05-11,201.83999633789062,32.50998306274414
2023-05-12,200.6999969482422,32.7556037902832
2023-05-15,202.77000427246094,32.93244934082031
2023-05-16,200.8699951171875,33.502281188964844
2023-05-17,206.8699951171875,34.30790710449219
2023-05-18,207.24000549316406,34.062286376953125
2023-05-19,205.49000549316406,34.25878143310547
2023-05-22,205.91000366210938,33.92474365234375
2023-05-23,202.60000610351562,33.10929489135742
2023-05-24,199.27000427246094,32.52963638305664
2023-05-25,200.8699951171875,32.834197998046875
2023-05-26,203.6300048828125,33.08964157104492
2023-05-30,204.69000244140625,32.74578094482422
2023-05-31,205.6999969482422,32.225067138671875
2023-06-01,207.9600067138672,33.25666046142578
2023-06-02,213.32000732421875,33.70860290527344
2023-06-05,208.77999877929688,33.31561279296875
2023-06-06,207.2899932861328,33.67912292480469
2023-06-07,211.92999267578125,33.128944396972656
2023-06-08,218.11000061035156,33.52193069458008
2023-06-09,217.30999755859375,33.86579513549805
2023-06-12,221.55999755859375,34.22930908203125
2023-06-13,220.3800048828125,34.4847526550293
2023-06-14,216.89999389648438,34.347206115722656
2023-06-15,219.41000366210938,34.88756561279297
2023-06-16,219.99000549316406,35.01528549194336
2023-06-20,212.3699951171875,35.32967758178711
2023-06-21,212.0800018310547,34.89739227294922
2023-06-22,205.61000061035156,34.2980842590332
2023-06-23,205.41000366210938,33.738075256347656
2023-06-26,205.5800018310547,34.19983673095703
2023-06-27,209.42999267578125,34.79914093017578
2023-06-28,210.72000122070312,34.93669128417969
2023-06-29,211.8300018310547,34.877742767333984
2023-06-30,211.16000366210938,35.50652313232422
2023-07-03,210.9199981689453,35.585121154785156
2023-07-05,213.30999755859375,35.37879943847656
2023-07-06,212.6199951171875,34.700897216796875
2023-07-07,212.10000610351562,35.24125289916992
2023-07-10,213.30999755859375,35.614593505859375
2023-07-11,218.75999450683594,35.761966705322266
2023-07-12,217.11000061035156,36.420223236083984
2023-07-13,216.85000610351562,37.039180755615234
2023-07-14,213.1199951171875,36.577415466308594
2023-07-17,211.8699951171875,36.93110656738281
2023-07-18,211.57000732421875,36.980228424072266
2023-07-19,208.60000610351562,36.97040557861328
2023-07-20,213.61000061035156,36.7542610168457
2023-07-21,211.8000030517578,36.685489654541016
2023-07-24,215.8699951171875,36.891807556152344
2023-07-25,214.1199951171875,36.03705978393555
2023-07-26,232.8000030517578,36.49882125854492
2023-07-27,233.75,35.005462646484375
2023-07-28,238.69000244140625,36.105831146240234
2023-07-31,238.85000610351562,36.16477966308594
2023-08-01,238.00999450683594,35.53599548339844
2023-08-02,231.3800048828125,35.27073287963867
2023-08-03,231.36000061035156,35.1135368347168
2023-08-04,231.36000061035156,34.995635986328125
2023-08-07,238.25,35.457401275634766
2023-08-08,238.0399932861328,35.27073287963867
2023-08-09,237.86000061035156,35.54582214355469
2023-08-10,238.25999450683594,35.486873626708984
2023-08-11,235.72000122070312,35.172481536865234
2023-08-14,236.7100067138672,34.966163635253906
2023-08-15,232.25999450683594,34.425804138183594
2023-08-16,229.9499969482422,34.14088821411133
2023-08-17,224.5399932861328,33.97386932373047
2023-08-18,226.64999389648438,33.88544845581055
2023-08-21,227.22000122070312,34.32755661010742
2023-08-22,230.07000732421875,34.17036056518555
2023-08-23,228.5800018310547,34.69107437133789
2023-08-24,217.30999755859375,34.131065368652344
2023-08-25,223.41000366210938,34.59282302856445
2023-08-28,227.05999755859375,35.12335968017578
2023-08-29,227.25,35.437747955322266
2023-08-30,228.85000610351562,35.85039138793945
2023-08-31,224.02999877929688,36.0272331237793
2023-09-01,223.39999389648438,35.41809844970703
2023-09-05,222.57000732421875,35.23143005371094
2023-09-06,217.9499969482422,35.280555725097656
2023-09-07,216.0500030517578,35.761966705322266
2023-09-08,211.27000427246094,35.55564498901367
2023-09-11,211.00999450683594,35.349327087402344
2023-09-12,210.64999389648438,34.40615463256836
2023-09-13,208.39999389648438,34.26860809326172
2023-09-14,209.0500030517578,34.19001007080078
2023-09-15,208.11000061035156,34.19001007080078
2023-09-18,205.1199951171875,34.01316452026367
2023-09-19,204.47999572753906,33.954219818115234
2023-09-20,202.3699951171875,33.71842575073242
2023-09-21,199.9499969482422,32.62788009643555
2023-09-22,197.7100067138672,32.225067138671875
2023-09-25,198.77999877929688,32.02857208251953
2023-09-26,195.63999938964844,31.910676956176758
2023-09-27,195.4600067138672,31.989276885986328
2023-09-28,190.42999267578125,32.78507614135742
2023-09-29,191.67999267578125,32.873497009277344
2023-10-02,187.8300018310547,32.12682342529297
2023-10-03,188.9199981689453,31.95979881286621
2023-10-04,186.72999572753906,31.95979881286621
2023-10-05,186.2899932861328,32.02857208251953
2023-10-06,187.3800048828125,32.32331848144531
2023-10-09,188.49000549316406,32.09734344482422
2023-10-10,193.52999877929688,32.500160217285156
2023-10-11,196.07000732421875,32.844024658203125
2023-10-12,191.3000030517578,32.34296417236328
2023-10-13,184.91000366210938,31.360492706298828
2023-10-16,184.92999267578125,31.851726531982422
2023-10-17,185.60000610351562,33.020870208740234
2023-10-18,185.69000244140625,32.10717010498047
2023-10-19,182.7899932861328,31.949975967407227
2023-10-20,180.0399932861328,31.38996696472168
2023-10-23,181.02999877929688,31.841903686523438
2023-10-24,182.36000061035156,32.578758239746094
2023-10-25,177.72999572753906,32.20541763305664
2023-10-26,179.08999633789062,32.56893539428711
2023-10-27,179.69000244140625,32.264366149902344
2023-10-30,182.35000610351562,32.9422721862793
2023-10-31,186.82000732421875,32.79490280151367
2023-11-01,189.3800048828125,33.325435638427734
2023-11-02,192.00999450683594,33.75772476196289
2023-11-03,195.0500030517578,33.98369216918945
2023-11-06,192.9499969482422,33.81666946411133
2023-11-07,191.41000366210938,33.82649612426758
2023-11-08,191.8300018310547,33.65947341918945
2023-11-09,193.3300018310547,33.23701477050781
2023-11-10,196.64999389648438,33.89527130126953
2023-11-13,204.5399932861328,34.1801872253418
2023-11-14,207.47000122070312,35.2117805480957
2023-11-15,208.7100067138672,34.80896759033203
2023-11-16,206.60000610351562,35.09388732910156
2023-11-17,208.0399932861328,35.37879943847656
2023-11-20,217.7100067138672,35.74231719970703
2023-11-21,218.27000427246094,35.80126190185547
2023-11-22,219.91000366210938,35.7226676940918
2023-11-24,220.0,36.18442916870117
2023-11-27,219.3000030517578,35.899513244628906
2023-11-28,222.3699951171875,36.16477966308594
2023-11-29,224.42999267578125,36.51846694946289
2023-11-30,231.6300048828125,36.51846694946289
2023-12-01,233.8699951171875,36.95075607299805
2023-12-04,234.8699951171875,36.52829360961914
2023-12-05,234.16000366210938,36.17460250854492
2023-12-06,236.88999938964844,36.38092041015625
2023-12-07,237.3300018310547,36.6953125
2023-12-08,244.6999969482422,37.46164321899414
2023-12-11,248.0800018310547,37.55988693237305
2023-12-12,248.6300048828125,37.84480667114258
2023-12-13,250.91000366210938,38.30656814575195
2023-12-14,256.239990234375,37.825157165527344
2023-12-15,264.2699890136719,37.28479766845703
2023-12-18,260.4100036621094,37.35356903076172
2023-12-19,263.510009765625,37.72690963745117
2023-12-20,260.25,36.64619064331055
2023-12-21,262.0199890136719,37.500938415527344
2023-12-22,260.44000244140625,37.69743347167969
2023-12-26,262.7900085449219,37.825157165527344
2023-12-27,262.1000061035156,38.01182556152344
2023-12-28,260.3500061035156,37.952877044677734
2023-12-29,260.6600036621094,37.89392852783203
2024-01-02,251.75999450683594,37.80550765991211
2024-01-03,243.91000366210938,36.63636779785156
2024-01-04,244.94000244140625,37.31427001953125
2024-01-05,249.0,37.41252136230469
2024-01-08,229.0,38.729026794433594
2024-01-09,225.75999450683594,38.404815673828125
2024-01-10,227.83999633789062,38.699554443359375
2024-01-11,222.66000366210938,39.141666412353516
2024-01-12,217.6999969482422,40.114315032958984
2024-01-16,200.52000427246094,39.318511962890625
2024-01-17,203.05999755859375,39.24974060058594
2024-01-18,211.61000061035156,40.15361404418945
2024-01-19,215.02000427246094,39.986595153808594
2024-01-22,214.92999267578125,40.00624465942383
2024-01-23,211.5,39.43640899658203
2024-01-24,214.1300048828125,38.974647521972656
2024-01-25,201.8800048828125,39.68202590942383
2024-01-26,205.47000122070312,39.888343811035156
2024-01-29,205.19000244140625,39.79010009765625
2024-01-30,200.44000244140625,39.888343811035156
2024-01-31,211.0399932861328,39.00412368774414
2024-02-01,209.80999755859375,39.495357513427734
2024-02-02,209.3800048828125,39.593605041503906
2024-02-05,206.6300048828125,39.33816146850586
2024-02-06,208.5800018310547,40.104488372802734
2024-02-07,211.9199981689453,39.927642822265625
2024-02-08,209.22000122070312,40.04553985595703
2024-02-09,209.1999969482422,39.927642822265625
2024-02-12,209.3300018310547,39.51500701904297
2024-02-13,204.4600067138672,39.053245544433594
2024-02-14,203.3800048828125,39.70167541503906
2024-02-15,205.3300018310547,39.5346565246582
2024-02-16,203.88999938964844,38.571834564208984
2024-02-20,203.3699951171875,38.50305938720703
2024-02-21,201.57000732421875,39.00412368774414
2024-02-22,201.5,39.141666412353516
2024-02-23,200.8300018310547,39.21044158935547
2024-02-26,200.5399932861328,39.289039611816406
2024-02-27,201.39999389648438,39.377464294433594
2024-02-28,207.0,40.900291442871094
2024-02-29,203.72000122070312,40.605552673339844
2024-03-01,200.0,40.58590316772461
2024-03-04,200.5399932861328,41.42100143432617
2024-03-05,201.13999938964844,41.84346389770508
2024-03-06,201.0,42.285579681396484
2024-03-07,203.02999877929688,42.52136993408203
2024-03-08,198.49000549316406,42.3150520324707
2024-03-11,192.49000549316406,42.17750549316406
2024-03-12,184.24000549316406,42.45259475708008
2024-03-13,182.35000610351562,42.93400955200195
2024-03-14,181.14999389648438,42.91436004638672
2024-03-15,182.52999877929688,43.602088928222656
2024-03-18,179.83999633789062,43.5529670715332
2024-03-19,181.13999938964844,44.437191009521484
2024-03-20,187.77999877929688,45.53755569458008
2024-03-21,187.6999969482422,45.06597137451172
2024-03-22,188.85000610351562,45.144569396972656
2024-03-25,191.41000366210938,45.174041748046875
2024-03-26,187.5,45.223167419433594
2024-03-27,191.9499969482422,45.74387741088867
2024-03-28,192.99000549316406,45.350887298583984
2024-04-01,189.5,45.11509323120117
2024-04-02,188.0399932861328,44.27999496459961
2024-04-03,184.9199981689453,44.63368606567383
2024-04-04,183.2899932861328,44.18174743652344
2024-04-05,183.13999938964844,44.75157928466797
2024-04-08,181.55999755859375,45.232994079589844
2024-04-09,178.1199951171875,43.86735916137695
2024-04-10,174.6300048828125,43.297523498535156
2024-04-11,173.36000061035156,42.865238189697266
2024-04-12,169.5500030517578,42.24627685546875
2024-04-15,167.82000732421875,42.374000549316406
2024-04-16,170.5500030517578,42.22999954223633
2024-04-17,170.2100067138672,42.63999938964844
2024-04-18,170.22999572753906,42.52000045776367
2024-04-19,169.82000732421875,42.52000045776367
2024-04-22,170.47999572753906,43.0099983215332
2024-04-23,169.17999267578125,43.58000183105469
2024-04-24,164.3300018310547,43.290000915527344
2024-04-25,166.80999755859375,41.54999923706055
2024-04-26,167.22000122070312,41.91999816894531
2024-04-29,173.49000549316406,41.630001068115234
2024-04-30,167.83999633789062,41.040000915527344
2024-05-01,171.4600067138672,41.20000076293945
2024-05-02,178.85000610351562,41.099998474121094
2024-05-03,179.7899932861328,41.59000015258789
2024-05-06,178.35000610351562,42.290000915527344
2024-05-07,176.7100067138672,42.709999084472656
2024-05-08,180.35000610351562,43.34000015258789
2024-05-09,181.25,43.900001525878906
2024-05-10,178.50999450683594,43.0
2024-05-13,178.44000244140625,42.560001373291016
2024-05-14,180.75999450683594,42.95000076293945
2024-05-15,176.99000549316406,43.470001220703125
2024-05-16,182.9600067138672,42.970001220703125
2024-05-17,184.9499969482422,43.220001220703125
2024-05-20,186.61000061035156,43.66999816894531
2024-05-21,184.77999877929688,43.88999938964844
2024-05-22,186.27999877929688,43.2400016784668
2024-05-23,172.2100067138672,43.25
2024-05-24,174.52000427246094,43.099998474121094
2024-05-28,175.0800018310547,42.86000061035156
2024-05-29,171.64999389648438,42.36000061035156
2024-05-30,172.75,42.90999984741211
2024-05-31,177.61000061035156,42.4900016784668
2024-06-03,184.57000732421875,42.400001525878906
2024-06-04,188.6199951171875,41.689998626708984
2024-06-05,189.85000610351562,41.70000076293945
2024-06-06,191.4199981689453,41.7400016784668
2024-06-07,190.24000549316406,40.5099983215332
2024-06-10,190.1199951171875,40.20000076293945
2024-06-11,185.5,39.79999923706055
2024-06-12,182.6699981689453,40.16999816894531
2024-06-13,180.6999969482422,39.2400016784668
2024-06-14,177.27000427246094,38.38999938964844
2024-06-17,178.38999938964844,39.2400016784668
2024-06-18,174.99000549316406,39.720001220703125
2024-06-20,176.3000030517578,39.63999938964844
2024-06-21,176.55999755859375,39.56999969482422
2024-06-24,179.10000610351562,37.13999938964844
2024-06-25,175.10000610351562,36.4900016784668
2024-06-26,178.5,35.0
2024-06-27,182.50999450683594,34.88999938964844
2024-06-28,182.00999450683594,34.2400016784668
2024-07-01,186.6999969482422,35.25
2024-07-02,185.4199981689453,35.400001525878906
2024-07-03,184.30999755859375,36.66999816894531
2024-07-05,184.8300018310547,36.86000061035156
2024-07-08,185.83999633789062,36.7400016784668
2024-07-09,183.24000549316406,35.65999984741211
2024-07-10,183.72999572753906,36.150001525878906
2024-07-11,183.91000366210938,35.880001068115234
2024-07-12,182.30999755859375,36.310001373291016
2024-07-15,179.11000061035156,36.310001373291016
2024-07-16,186.0500030517578,36.439998626708984
2024-07-17,184.83999633789062,36.040000915527344
2024-07-18,180.22999572753906,35.900001525878906
2024-07-19,179.6699981689453,35.7400016784668
2024-07-22,178.89999389648438,36.189998626708984
2024-07-23,186.47999572753906,35.66999816894531
2024-07-24,180.07000732421875,35.060001373291016
2024-07-25,184.35000610351562,34.95000076293945
2024-07-26,186.88999938964844,35.459999084472656
2024-07-29,185.42999267578125,35.2599983215332
2024-07-30,186.86000061035156,36.75
2024-07-31,190.60000610351562,37.79999923706055
2024-08-01,178.30999755859375,35.939998626708984
2024-08-02,169.9499969482422,36.06999969482422
2024-08-05,167.02999877929688,35.65999984741211
2024-08-06,165.0399932861328,36.349998474121094
2024-08-07,163.24000549316406,36.4900016784668
2024-08-08,168.8699951171875,36.630001068115234
2024-08-09,167.91000366210938,36.81999969482422
2024-08-12,164.1300048828125,36.54999923706055
2024-08-13,168.75999450683594,36.97999954223633
2024-08-14,168.5,37.09000015258789
2024-08-15,176.41000366210938,37.56999969482422
2024-08-16,179.99000549316406,37.90999984741211
2024-08-19,179.63999938964844,38.34000015258789
2024-08-20,172.10000610351562,38.459999084472656
2024-08-21,173.42999267578125,38.720001220703125
2024-08-22,172.75999450683594,38.400001525878906
2024-08-23,174.9600067138672,39.38999938964844
2024-08-26,173.47999572753906,39.36000061035156
2024-08-27,173.0500030517578,39.279998779296875
2024-08-28,170.7100067138672,39.06999969482422
2024-08-29,172.25999450683594,38.790000915527344
2024-08-30,173.74000549316406,38.38999938964844
2024-09-03,161.02000427246094,36.9900016784668
2024-09-04,163.22000122070312,36.91999816894531
2024-09-05,162.14999389648438,36.619998931884766
2024-09-06,157.6199951171875,35.45000076293945
2024-09-09,162.91000366210938,35.790000915527344
2024-09-10,160.07000732421875,35.97999954223633
2024-09-11,161.3300018310547,36.220001220703125
2024-09-12,162.77000427246094,36.06999969482422
2024-09-13,156.77000427246094,36.04999923706055
2024-09-16,155.5500030517578,36.119998931884766
2024-09-17,156.38999938964844,35.880001068115234
2024-09-18,155.11000061035156,35.81999969482422
2024-09-19,154.58999633789062,37.290000915527344
2024-09-20,153.2899932861328,36.5
2024-09-23,156.3000030517578,37.029998779296875
2024-09-24,155.80999755859375,37.619998931884766
2024-09-25,152.22000122070312,37.02000045776367
2024-09-26,154.5800018310547,37.599998474121094
2024-09-27,156.32000732421875,37.22999954223633
2024-09-30,152.0399932861328,36.529998779296875
2024-10-01,154.22000122070312,35.7400016784668
2024-10-02,152.88999938964844,35.11000061035156
2024-10-03,150.52000427246094,34.779998779296875
2024-10-04,155.0,34.97999954223633
2024-10-07,155.91000366210938,34.7400016784668
2024-10-08,154.64999389648438,34.68000030517578
2024-10-09,149.3699951171875,34.86000061035156
2024-10-10,146.6199951171875,35.0
2024-10-11,151.02000427246094,36.349998474121094
2024-10-14,148.99000549316406,36.84000015258789
2024-10-15,152.35000610351562,36.849998474121094
2024-10-16,154.89999389648438,37.029998779296875
2024-10-17,155.30999755859375,38.130001068115234
2024-10-18,155.0,38.06999969482422
2024-10-21,159.82000732421875,37.59000015258789
2024-10-22,159.8800048828125,38.22999954223633
2024-10-23,157.05999755859375,37.93000030517578
2024-10-24,155.1999969482422,38.099998474121094
2024-10-25,155.00999450683594,37.900001525878906
2024-10-28,150.69000244140625,37.849998474121094
2024-10-29,152.97999572753906,38.0099983215332
2024-10-30,154.2899932861328,39.34000015258789
2024-10-31,149.30999755859375,38.04999923706055
2024-11-01,154.58999633789062,38.40999984741211
2024-11-04,155.07000732421875,38.04999923706055
2024-11-05,151.0,38.83000183105469
2024-11-06,147.16000366210938,38.209999084472656
2024-11-07,150.97999572753906,39.099998474121094
2024-11-08,151.67999267578125,38.189998626708984
2024-11-11,148.9600067138672,38.630001068115234
2024-11-12,145.1699981689453,37.40999984741211
2024-11-13,139.97000122070312,36.650001525878906
2024-11-14,138.13999938964844,36.34000015258789
2024-11-15,140.19000244140625,36.27000045776367
2024-11-18,143.8699951171875,36.45000076293945
2024-11-19,145.60000610351562,36.33000183105469
2024-11-20,146.0800018310547,36.38999938964844
2024-11-21,143.41000366210938,36.59000015258789
2024-11-22,149.2899932861328,35.91999816894531
2024-11-25,153.10000610351562,36.06999969482422
2024-11-26,150.75999450683594,35.650001525878906
2024-11-27,152.39999389648438,36.86000061035156
2024-11-29,155.44000244140625,39.0
2024-12-02,156.5399932861328,39.43000030517578
2024-12-03,155.0,39.84000015258789
2024-12-04,158.27999877929688,40.310001373291016
2024-12-05,156.6699981689453,40.41999816894531
2024-12-06,153.92999267578125,40.880001068115234
2024-12-09,157.0399932861328,41.310001373291016
2024-12-10,164.10000610351562,41.0
2024-12-11,165.9600067138672,40.880001068115234
2024-12-12,167.75,41.560001373291016
2024-12-13,169.64999389648438,42.02000045776367
2024-12-16,173.1699981689453,41.439998626708984
2024-12-17,173.02999877929688,41.459999084472656
2024-12-18,172.6199951171875,40.689998626708984
2024-12-19,177.0399932861328,40.459999084472656
2024-12-20,177.35000610351562,40.41999816894531
2024-12-23,177.69000244140625,40.060001373291016
2024-12-24,179.33999633789062,40.150001525878906
2024-12-26,180.3800048828125,40.400001525878906
2024-12-27,180.72000122070312,40.34000015258789
2024-12-30,176.5500030517578,40.099998474121094
