Date,F,GM
2015-01-02,8.742792129516602,27.022436141967773
2015-01-05,8.401278495788574,26.62687873840332
2015-01-06,8.321590423583984,27.03020477294922
2015-01-07,8.560649871826172,27.798057556152344
2015-01-08,8.776944160461426,28.0772762298584
2015-01-09,8.657415390014648,27.604143142700195
2015-01-12,8.663105010986328,27.798057556152344
2015-01-13,8.657415390014648,27.3404483795166
2015-01-14,8.600495338439941,26.603609085083008
2015-01-15,8.4581937789917,25.92882537841797
2015-01-16,8.54926872253418,26.122724533081055
2015-01-20,8.543573379516602,26.31662368774414
2015-01-21,8.520807266235352,26.285602569580078
2015-01-22,8.554959297180176,26.231311798095703
2015-01-23,8.486656188964844,26.177021026611328
2015-01-26,8.583417892456055,26.13823699951172
2015-01-27,8.452506065368652,25.921062469482422
2015-01-28,8.314507484436035,25.47121238708496
2015-01-29,8.5387544631958,25.719404220581055
2015-01-30,8.45825481414795,25.300573348999023
2015-02-02,8.780255317687988,25.680627822875977
2015-02-03,8.99875545501709,26.35540771484375
2015-02-04,9.125255584716797,27.790306091308594
2015-02-05,9.113755226135254,28.116058349609375
2015-02-06,9.119505882263184,27.922157287597656
2015-02-09,9.154006004333496,27.922157287597656
2015-02-10,9.251752853393555,29.10109519958496
2015-02-11,9.343755722045898,29.217432022094727
2015-02-12,9.407005310058594,29.4888973236084
2015-02-13,9.372506141662598,29.17864990234375
2015-02-17,9.263256072998047,28.883913040161133
2015-02-18,9.320755958557129,28.845125198364258
2015-02-19,9.447254180908203,29.09332847595215
2015-02-20,9.430005073547363,29.20192527770996
2015-02-23,9.418505668640137,29.232942581176758
2015-02-24,9.407005310058594,29.27948760986328
2015-02-25,9.493256568908691,29.364789962768555
2015-02-26,9.418505668640137,29.132112503051758
2015-02-27,9.395505905151367,28.93821144104004
2015-03-02,9.527756690979004,29.170896530151367
2015-03-03,9.297754287719727,29.31825828552246
2015-03-04,9.217257499694824,29.139869689941406
2015-03-05,9.263256072998047,29.170896530151367
2015-03-06,9.15975570678711,28.573673248291016
2015-03-09,9.217257499694824,29.449495315551758
2015-03-10,9.039003372192383,29.363479614257812
2015-03-11,9.056256294250488,29.543323516845703
2015-03-12,9.297754287719727,30.05160903930664
2015-03-13,9.315007209777832,29.75446891784668
2015-03-16,9.4817533493042,30.168916702270508
2015-03-17,9.424253463745117,29.942140579223633
2015-03-18,9.46450424194336,30.10635757446289
2015-03-19,9.395505905151367,30.22365379333496
2015-03-20,9.476005554199219,30.395689010620117
2015-03-23,9.527756690979004,30.176725387573242
2015-03-24,9.522005081176758,29.598073959350586
2015-03-25,9.303506851196289,29.230539321899414
2015-03-26,9.205756187438965,29.207077026367188
2015-03-27,9.188507080078125,29.17578887939453
2015-03-30,9.29200553894043,29.465131759643555
2015-03-31,9.280505180358887,29.324373245239258
2015-04-01,9.148256301879883,28.730073928833008
2015-04-02,9.217257499694824,28.542387008666992
2015-04-06,9.200004577636719,28.667503356933594
2015-04-07,9.14250373840332,27.940256118774414
2015-04-08,9.188507080078125,28.237417221069336
2015-04-09,9.171256065368652,28.378177642822266
2015-04-10,9.217257499694824,28.597126007080078
2015-04-13,9.125255584716797,28.464191436767578
2015-04-14,9.182756423950195,28.52675437927246
2015-04-15,9.240255355834961,28.8864688873291
2015-04-16,9.165505409240723,28.99594497680664
2015-04-17,9.062006950378418,28.6518611907959
2015-04-20,9.148256301879883,29.019397735595703
2015-04-21,9.096505165100098,29.058490753173828
2015-04-22,9.148256301879883,29.058490753173828
2015-04-23,9.062006950378418,28.088838577270508
2015-04-24,9.067756652832031,27.830778121948242
2015-04-27,9.14250373840332,27.979352951049805
2015-04-28,9.234504699707031,27.932449340820312
2015-04-29,9.298351287841797,27.76822853088379
2015-04-30,9.170659065246582,27.41633415222168
2015-05-01,9.176464080810547,27.697851181030273
2015-05-04,9.159049034118652,27.682205200195312
2015-05-05,9.013945579528809,27.377235412597656
2015-05-06,8.98492431640625,27.18956184387207
2015-05-07,9.002337455749512,27.27557945251465
2015-05-08,9.095206260681152,27.619644165039062
2015-05-11,9.08359432220459,27.541454315185547
2015-05-12,9.031359672546387,27.166107177734375
2015-05-13,8.944294929504395,27.21302032470703
2015-05-14,8.863035202026367,27.095722198486328
2015-05-15,8.98492431640625,27.299036026000977
2015-05-18,9.042964935302734,27.40852165222168
2015-05-19,8.99653434753418,27.46324920654297
2015-05-20,8.880448341369629,27.385059356689453
2015-05-21,9.002337455749512,27.822965621948242
2015-05-22,8.863035202026367,27.91680335998535
2015-05-26,8.816601753234863,27.77603530883789
2015-05-27,8.892057418823242,28.00282096862793
2015-05-28,8.87464427947998,28.45637321472168
2015-05-29,8.804990768432617,28.127944946289062
2015-06-01,8.915271759033203,28.292152404785156
2015-06-02,8.857232093811035,28.323434829711914
2015-06-03,8.822403907775879,28.104475021362305
2015-06-04,8.735342025756836,27.791688919067383
2015-06-05,8.578629493713379,27.46324920654297
2015-06-08,8.64827823638916,27.64497184753418
2015-06-09,8.636670112609863,27.858293533325195
2015-06-10,8.723735809326172,28.119014739990234
2015-06-11,8.8688383102417,28.087421417236328
2015-06-12,8.839816093444824,28.213834762573242
2015-06-15,8.735342025756836,28.01630973815918
2015-06-16,8.706323623657227,28.134830474853516
2015-06-17,8.717931747436523,28.292835235595703
2015-06-18,8.787582397460938,28.600969314575195
2015-06-19,8.77016830444336,28.529863357543945
2015-06-22,8.781776428222656,28.59306526184082
2015-06-23,8.87464427947998,28.67998504638672
2015-06-24,8.99653434753418,27.779281616210938
2015-06-25,8.961705207824707,27.415851593017578
2015-06-26,8.938491821289062,27.16302490234375
2015-06-29,8.717931747436523,26.254425048828125
2015-06-30,8.712124824523926,26.33344078063965
2015-07-01,8.700515747070312,26.104312896728516
2015-07-02,8.630867004394531,26.254425048828125
2015-07-06,8.58443546295166,25.796184539794922
2015-07-07,8.619257926940918,25.96209716796875
2015-07-08,8.340655326843262,24.642658233642578
2015-07-09,8.317440032958984,24.500446319580078
2015-07-10,8.404504776000977,24.808574676513672
2015-07-13,8.497369766235352,25.029796600341797
2015-07-14,8.596041679382324,25.10091209411621
2015-07-15,8.56121826171875,24.83228302001953
2015-07-16,8.456740379333496,24.184410095214844
2015-07-17,8.52639102935791,24.21601676940918
2015-07-20,8.456740379333496,24.097497940063477
2015-07-21,8.421915054321289,24.010597229003906
2015-07-22,8.36967658996582,23.939485549926758
2015-07-23,8.479957580566406,24.88758087158203
2015-07-24,8.352265357971191,24.53994369506836
2015-07-27,8.445131301879883,24.532045364379883
2015-07-28,8.60765266418457,24.74537467956543
2015-07-29,8.918416976928711,25.24312400817871
2015-07-30,8.853918075561523,25.21152114868164
2015-07-31,8.695606231689453,24.89548683166504
2015-08-03,8.760101318359375,25.029796600341797
2015-08-04,8.742511749267578,24.90338897705078
2015-08-05,8.67801284790039,24.966590881347656
2015-08-06,8.695606231689453,25.172016143798828
2015-08-07,8.67801284790039,25.07720184326172
2015-08-10,8.78941822052002,25.235219955444336
2015-08-11,8.619379043579102,24.35823631286621
2015-08-12,8.607650756835938,24.389835357666016
2015-08-13,8.625240325927734,24.53994369506836
2015-08-14,8.666284561157227,24.879682540893555
2015-08-17,8.607650756835938,24.9744930267334
2015-08-18,8.695606231689453,25.053503036499023
2015-08-19,8.660420417785645,24.990293502807617
2015-08-20,8.461061477661133,24.366132736206055
2015-08-21,8.126840591430664,23.386432647705078
2015-08-24,7.733983993530273,21.96428108215332
2015-08-25,7.563941478729248,21.553443908691406
2015-08-26,7.745711803436279,22.201313018798828
2015-08-27,7.950936317443848,22.580547332763672
2015-08-28,8.056480407714844,22.912385940551758
2015-08-31,8.132706642150879,23.2600154876709
2015-09-01,8.04475212097168,22.62795066833496
2015-09-02,8.132706642150879,23.078298568725586
2015-09-03,8.11511516571045,22.999290466308594
2015-09-04,7.950936317443848,22.817567825317383
2015-09-08,8.015434265136719,23.607648849487305
2015-09-09,7.933345794677734,23.402236938476562
2015-09-10,8.050615310668945,23.99408531188965
2015-09-11,8.038888931274414,24.114051818847656
2015-09-14,8.079931259155273,24.56993865966797
2015-09-15,8.390698432922363,24.785892486572266
2015-09-16,8.584195137023926,24.9538516998291
2015-09-17,8.560742378234863,25.041828155517578
2015-09-18,8.373108863830566,24.40198516845703
2015-09-21,8.396561622619629,24.48996353149414
2015-09-22,8.16202449798584,24.01807975769043
2015-09-23,8.021297454833984,23.7701416015625
2015-09-24,8.00370979309082,23.546199798583984
2015-09-25,7.933345794677734,23.522201538085938
2015-09-28,7.692941665649414,22.84236717224121
2015-09-29,7.7105302810668945,23.31425666809082
2015-09-30,7.956799507141113,24.010086059570312
2015-10-01,8.015434265136719,24.52995491027832
2015-10-02,8.203065872192383,25.377742767333984
2015-10-05,8.32033634185791,25.401737213134766
2015-10-06,8.390698432922363,25.7696475982666
2015-10-07,8.648695945739746,26.433486938476562
2015-10-08,8.78941822052002,26.737407684326172
2015-10-09,8.777692794799805,26.353504180908203
2015-10-12,8.78355598449707,26.409486770629883
2015-10-13,8.760101318359375,26.497468948364258
2015-10-14,8.801145553588867,26.657426834106445
2015-10-15,8.924281120300293,26.649425506591797
2015-10-16,8.959461212158203,26.513463973999023
2015-10-19,9.006369590759277,26.585451126098633
2015-10-20,9.018095970153809,26.777402877807617
2015-10-21,9.035688400268555,28.329015731811523
2015-10-22,9.13536548614502,28.329015731811523
2015-10-23,9.188140869140625,28.752918243408203
2015-10-26,9.194000244140625,28.528966903686523
2015-10-27,8.730785369873047,27.969112396240234
2015-10-28,8.867018699645996,28.169055938720703
2015-10-29,8.724859237670898,27.793148040771484
2015-10-30,8.772247314453125,27.92111587524414
2015-11-02,8.73670768737793,28.448991775512695
2015-11-03,8.772247314453125,28.616931915283203
2015-11-04,8.67747688293457,28.329015731811523
2015-11-05,8.630088806152344,28.345006942749023
2015-11-06,8.600475311279297,28.592954635620117
2015-11-09,8.487934112548828,28.528966903686523
2015-11-10,8.458317756652832,28.488971710205078
2015-11-11,8.476086616516113,28.4329891204834
2015-11-12,8.316162109375,28.065080642700195
2015-11-13,8.245081901550293,27.441246032714844
2015-11-16,8.316162109375,28.129070281982422
2015-11-17,8.381319046020508,28.161060333251953
2015-11-18,8.564935684204102,29.160810470581055
2015-11-19,8.630088806152344,28.90486717224121
2015-11-20,8.647859573364258,29.064834594726562
2015-11-23,8.618244171142578,28.856889724731445
2015-11-24,8.618244171142578,28.968870162963867
2015-11-25,8.618244171142578,29.064834594726562
2015-11-27,8.606396675109863,29.08882713317871
2015-11-30,8.487934112548828,28.952861785888672
2015-12-01,8.624168395996094,29.000850677490234
2015-12-02,8.446468353271484,28.576955795288086
2015-12-03,8.280625343322754,28.36900520324707
2015-12-04,8.410930633544922,28.99285125732422
2015-12-07,8.363546371459961,28.896873474121094
2015-12-08,8.274699211120605,28.37700080871582
2015-12-09,8.227314949035645,28.35301399230957
2015-12-10,8.26877498626709,28.49697494506836
2015-12-11,8.079235076904297,27.6331844329834
2015-12-14,8.067388534545898,27.50522232055664
2015-12-15,8.215466499328613,27.62518310546875
2015-12-16,8.505705833435059,28.40108299255371
2015-12-17,8.280625343322754,27.568622589111328
2015-12-18,8.174007415771484,27.21299934387207
2015-12-21,8.13254165649414,27.342313766479492
2015-12-22,8.410930633544922,27.71409797668457
2015-12-23,8.505705833435059,28.11013412475586
2015-12-24,8.476086616516113,27.964641571044922
2015-12-28,8.39908504486084,27.89189910888672
2015-12-29,8.428701400756836,27.88381576538086
2015-12-30,8.39316177368164,27.746427536010742
2015-12-31,8.345778465270996,27.487783432006836
2016-01-04,8.274699211120605,26.92203140258789
2016-01-05,8.126619338989258,26.21080207824707
2016-01-06,7.765303134918213,25.27324867248535
2016-01-07,7.522454738616943,24.238712310791016
2016-01-08,7.427682876586914,23.866941452026367
2016-01-11,7.563914775848389,24.44886016845703
2016-01-12,7.611300468444824,24.489269256591797
2016-01-13,7.226294040679932,24.642831802368164
2016-01-14,7.220371246337891,24.489269256591797
2016-01-15,7.090062141418457,23.899267196655273
2016-01-19,7.078213214874268,23.761859893798828
2016-01-20,7.0485968589782715,23.778026580810547
2016-01-21,7.113754749298096,23.88309669494629
2016-01-22,7.190754413604736,23.664878845214844
2016-01-25,7.095983505249023,23.624462127685547
2016-01-26,7.261831283569336,23.96392059326172
2016-01-27,7.255711078643799,23.608301162719727
2016-01-28,7.169988632202148,23.454744338989258
2016-01-29,7.310816287994385,23.955841064453125
2016-02-01,7.390416145324707,24.335710525512695
2016-02-02,7.047529697418213,23.96392059326172
2016-02-03,7.016913414001465,23.373918533325195
2016-02-04,7.059773921966553,23.147615432739258
2016-02-05,7.010791301727295,23.066789627075195
2016-02-08,7.096512317657471,23.179946899414062
2016-02-09,6.949560642242432,22.52528190612793
2016-02-10,6.943439960479736,22.395959854125977
2016-02-11,6.839348316192627,21.74129867553711
2016-02-12,7.072021961212158,22.395959854125977
2016-02-16,7.267955780029297,23.099119186401367
2016-02-17,7.512875080108643,23.656797409057617
2016-02-18,7.506750106811523,23.462827682495117
2016-02-19,7.408785343170166,23.260765075683594
2016-02-22,7.690441608428955,23.9477596282959
2016-02-23,7.60471773147583,23.745704650878906
2016-02-24,7.396539211273193,23.30925750732422
2016-02-25,7.58635139465332,23.842689514160156
2016-02-26,7.635334491729736,23.9477596282959
2016-02-29,7.659826755523682,23.7941951751709
2016-03-01,8.014957427978516,24.254886627197266
2016-03-02,8.09455394744873,24.368032455444336
2016-03-03,8.290491104125977,25.111604690551758
2016-03-04,8.321104049682617,25.35407257080078
2016-03-07,8.339475631713867,25.53188133239746
2016-03-08,8.100677490234375,24.796403884887695
2016-03-09,8.076187133789062,24.992799758911133
2016-03-10,8.051695823669434,25.221942901611328
2016-03-11,8.137415885925293,25.58202362060547
2016-03-14,8.125168800354004,25.51655387878418
2016-03-15,8.100677490234375,25.410167694091797
2016-03-16,8.265998840332031,25.93391990661621
2016-03-17,8.24763011932373,26.154876708984375
2016-03-18,8.35172176361084,26.154876708984375
2016-03-21,8.36396598815918,26.253084182739258
2016-03-22,8.321104049682617,26.105777740478516
2016-03-23,8.119049072265625,25.62294578552246
2016-03-24,7.996589660644531,25.33651351928711
2016-03-28,8.014957427978516,25.3856201171875
2016-03-29,8.082308769226074,25.524734497070312
2016-03-30,8.174156188964844,25.361064910888672
2016-03-31,8.265998840332031,25.72115135192871
2016-04-01,8.021080017089844,24.935518264770508
2016-04-04,7.837392807006836,24.46904945373535
2016-04-05,7.819022178649902,24.22354507446289
2016-04-06,7.849637508392334,24.501787185668945
2016-04-07,7.665948867797852,24.076234817504883
2016-04-08,7.684316635131836,24.035322189331055
2016-04-11,7.751671314239502,24.166261672973633
2016-04-12,7.843514442443848,24.313560485839844
2016-04-13,7.996589660644531,25.1892147064209
2016-04-14,8.014957427978516,25.14010238647461
2016-04-15,7.923111915588379,25.00916862487793
2016-04-18,8.112926483154297,25.62294578552246
2016-04-19,8.229262351989746,26.16306495666504
2016-04-20,8.35172176361084,26.343101501464844
2016-04-21,8.357842445373535,26.72772979736328
2016-04-22,8.333353042602539,26.334922790527344
2016-04-25,8.314982414245605,26.146696090698242
2016-04-26,8.419074058532715,26.343101501464844
2016-04-27,8.456214904785156,26.31855583190918
2016-04-28,8.722404479980469,26.54768943786621
2016-04-29,8.39431095123291,26.023941040039062
2016-05-02,8.431455612182617,25.98302459716797
2016-05-03,8.313834190368652,25.573841094970703
2016-05-04,8.239547729492188,25.033721923828125
2016-05-05,8.24574089050293,24.992799758911133
2016-05-06,8.320025444030762,25.33651351928711
2016-05-09,8.24574089050293,25.1892147064209
2016-05-10,8.350977897644043,25.65567398071289
2016-05-11,8.24574089050293,25.434717178344727
2016-05-12,8.264309883117676,25.51655387878418
2016-05-13,8.183831214904785,24.9764347076416
2016-05-16,8.24574089050293,25.09918785095215
2016-05-17,8.134307861328125,25.066450119018555
2016-05-18,8.14669132232666,25.164657592773438
2016-05-19,8.103357315063477,24.81276512145996
2016-05-20,8.165262222290039,25.017349243164062
2016-05-23,8.128119468688965,25.033721923828125
2016-05-24,8.227167129516602,25.410167694091797
2016-05-25,8.369549751281738,25.901182174682617
2016-05-26,8.332405090332031,25.606578826904297
2016-05-27,8.326216697692871,25.688411712646484
2016-05-31,8.350977897644043,25.598388671875
2016-06-01,8.115737915039062,24.730928421020508
2016-06-02,8.177643775939941,24.763662338256836
2016-06-03,8.072403907775879,24.22354507446289
2016-06-06,8.159072875976562,24.542695999145508
2016-06-07,8.282882690429688,24.739112854003906
2016-06-08,8.270499229431152,24.507047653198242
2016-06-09,8.20859432220459,24.3330078125
2016-06-10,8.109548568725586,24.08437156677246
2016-06-13,8.035263061523438,24.100948333740234
2016-06-14,7.948596000671387,23.89375877380371
2016-06-15,8.053829193115234,23.91861343383789
2016-06-16,8.121928215026855,24.051223754882812
2016-06-17,8.20859432220459,24.225265502929688
2016-06-20,8.30764389038086,24.573354721069336
2016-06-21,8.183831214904785,24.457324981689453
2016-06-22,8.159072875976562,24.29985809326172
2016-06-23,8.295262336730957,24.714244842529297
2016-06-24,7.7504987716674805,23.495943069458008
2016-06-27,7.527643203735352,22.79976463317871
2016-06-28,7.670023441314697,22.990385055541992
2016-06-29,7.769071102142334,23.346757888793945
2016-06-30,7.7814507484436035,23.454500198364258
2016-07-01,7.8743109703063965,23.943479537963867
2016-07-05,7.676212310791016,23.346757888793945
2016-07-06,7.7814507484436035,23.537378311157227
2016-07-07,7.892880439758301,23.819162368774414
2016-07-08,8.103357315063477,24.581647872924805
2016-07-11,8.214786529541016,24.971168518066406
2016-07-12,8.326216697692871,25.36069679260254
2016-07-13,8.344785690307617,25.385562896728516
2016-07-14,8.412881851196289,25.493303298950195
2016-07-15,8.400503158569336,25.501588821411133
2016-07-18,8.450026512145996,25.584470748901367
2016-07-19,8.450026512145996,25.899402618408203
2016-07-20,8.50574016571045,26.098308563232422
2016-07-21,8.617170333862305,26.545856475830078
2016-07-22,8.567646980285645,26.653596878051758
2016-07-25,8.561453819274902,26.57071876525879
2016-07-26,8.674105644226074,26.64531135559082
2016-07-27,8.661587715148926,26.537565231323242
2016-07-28,7.954391956329346,25.683927536010742
2016-07-29,7.923099040985107,26.139751434326172
2016-08-01,7.810448169708252,25.940841674804688
2016-08-02,7.472494602203369,24.805416107177734
2016-08-03,7.591403007507324,25.062334060668945
2016-08-04,7.560112953186035,25.145217895507812
2016-08-05,7.628957271575928,25.52645492553711
2016-08-08,7.622698783874512,25.59275245666504
2016-08-09,7.704057216644287,25.75021743774414
2016-08-10,7.666506290435791,25.899402618408203
2016-08-11,7.704057216644287,26.313793182373047
2016-08-12,7.716573715209961,26.16461181640625
2016-08-15,7.7791547775268555,26.40496063232422
2016-08-16,7.722833633422852,26.2806453704834
2016-08-17,7.754125595092773,26.396671295166016
2016-08-18,7.716573715209961,26.14803695678711
2016-08-19,7.754125595092773,26.380098342895508
2016-08-22,7.735348701477051,26.41324806213379
2016-08-23,7.772899627685547,26.438114166259766
2016-08-24,7.697799205780029,26.338661193847656
2016-08-25,7.804190635681152,26.139751434326172
2016-08-26,7.747865676879883,26.131465911865234
2016-08-29,7.804190635681152,26.3635196685791
2016-08-30,7.854257106781006,26.24748992919922
2016-08-31,7.885547161102295,26.454689025878906
2016-09-01,7.7854156494140625,26.355236053466797
2016-09-02,7.822965621948242,26.653596878051758
2016-09-06,7.929357051849365,26.620439529418945
2016-09-07,7.948134422302246,26.74625015258789
2016-09-08,7.9669084548950195,26.595285415649414
2016-09-09,7.747865676879883,25.563676834106445
2016-09-12,7.948134422302246,26.150775909423828
2016-09-13,7.747865676879883,25.949481964111328
2016-09-14,7.597663402557373,25.75657844543457
2016-09-15,7.578888893127441,26.10045051574707
2016-09-16,7.578888893127441,25.97464370727539
2016-09-19,7.578888893127441,26.603666305541992
2016-09-20,7.510045528411865,26.544960021972656
2016-09-21,7.566373348236084,26.93076515197754
2016-09-22,7.622698783874512,27.16560173034668
2016-09-23,7.616440773010254,26.93914794921875
2016-09-26,7.516305923461914,26.67076873779297
2016-09-27,7.497530937194824,26.503028869628906
2016-09-28,7.566373348236084,26.7546329498291
2016-09-29,7.491273403167725,26.402381896972656
2016-09-30,7.5538554191589355,26.645605087280273
2016-10-03,7.572633266448975,26.872058868408203
2016-10-04,7.635213375091553,26.981081008911133
2016-10-05,7.810448169708252,27.408824920654297
2016-10-06,7.754125595092773,27.28302001953125
2016-10-07,7.691540718078613,27.123666763305664
2016-10-10,7.58514928817749,26.96431541442871
2016-10-11,7.503787994384766,26.74625015258789
2016-10-12,7.485013484954834,26.570119857788086
2016-10-13,7.453721523284912,26.42754554748535
2016-10-14,7.453721523284912,26.729476928710938
2016-10-17,7.4349470138549805,26.4694766998291
2016-10-18,7.441206455230713,26.335283279418945
2016-10-19,7.516305923461914,26.71269989013672
2016-10-20,7.491273403167725,26.628829956054688
2016-10-21,7.52256441116333,26.872058868408203
2016-10-24,7.628957271575928,27.660432815551758
2016-10-25,7.508565902709961,26.503028869628906
2016-10-26,7.527574062347412,26.486244201660156
2016-10-27,7.438866138458252,26.276575088500977
2016-10-28,7.426192760467529,26.268186569213867
2016-10-31,7.438866138458252,26.503028869628906
2016-11-01,7.356492042541504,26.402381896972656
2016-11-02,7.223429203033447,26.377214431762695
2016-11-03,7.191747665405273,26.058507919311523
2016-11-04,7.1854119300842285,26.13399314880371
2016-11-07,7.337483882904053,26.85527801513672
2016-11-08,7.2741193771362305,26.6120548248291
2016-11-09,7.337483882904053,25.96625328063965
2016-11-10,7.5655903816223145,27.450756072998047
2016-11-11,7.781030178070068,28.532690048217773
2016-11-14,7.641628742218018,27.912046432495117
2016-11-15,7.6289544105529785,28.037858963012695
2016-11-16,7.603609561920166,27.87010955810547
2016-11-17,7.521237850189209,28.029464721679688
2016-11-18,7.4515380859375,27.677204132080078
2016-11-21,7.470546722412109,27.685596466064453
2016-11-22,7.533912658691406,28.356565475463867
2016-11-23,7.54024600982666,28.39849281311035
2016-11-25,7.6289544105529785,28.7255916595459
2016-11-28,7.552920818328857,28.55784797668457
2016-11-29,7.552920818328857,28.993974685668945
2016-11-30,7.578265190124512,28.960424423217773
2016-12-01,7.876071453094482,30.5539608001709
2016-12-02,7.755684852600098,29.698482513427734
2016-12-05,7.882410526275635,29.6221866607666
2016-12-06,7.958447456359863,29.73240089416504
2016-12-07,8.275263786315918,30.775190353393555
2016-12-08,8.256253242492676,30.876920700073242
2016-12-09,8.344963073730469,31.928199768066406
2016-12-12,8.123191833496094,31.45342445373535
2016-12-13,8.091507911682129,31.673864364624023
2016-12-14,7.9394378662109375,30.478452682495117
2016-12-15,7.971118927001953,30.724334716796875
2016-12-16,8.002800941467285,30.834537506103516
2016-12-19,8.021806716918945,30.85997200012207
2016-12-20,8.097846031188965,31.038015365600586
2016-12-21,8.009138107299805,30.876920700073242
2016-12-22,7.857061862945557,30.25802993774414
2016-12-23,7.895083904266357,30.25802993774414
2016-12-27,7.8507304191589355,30.13087272644043
2016-12-28,7.762019634246826,29.80021858215332
2016-12-29,7.749346733093262,29.791748046875
2016-12-30,7.685981273651123,29.537403106689453
2017-01-03,7.9774556159973145,29.80021858215332
2017-01-04,8.344963073730469,31.44495964050293
2017-01-05,8.091507911682129,30.85149383544922
2017-01-06,8.085173606872559,30.512374877929688
2017-01-09,8.002800941467285,30.529335021972656
2017-01-10,8.142199516296387,31.665372848510742
2017-01-11,8.028143882751465,32.174076080322266
2017-01-12,7.9774556159973145,31.801027297973633
2017-01-13,8.002800941467285,31.656906127929688
2017-01-17,7.990127086639404,31.631479263305664
2017-01-18,7.990128040313721,31.767126083374023
2017-01-19,8.003002166748047,31.622997283935547
2017-01-20,7.9579339027404785,31.377124786376953
2017-01-23,7.925740718841553,31.071922302246094
2017-01-24,8.118897438049316,31.368642807006836
2017-01-25,8.234787940979004,32.4538459777832
2017-01-26,7.964373588562012,31.809511184692383
2017-01-27,8.041635513305664,31.377124786376953
2017-01-30,7.964373588562012,30.800628662109375
2017-01-31,7.9579339027404785,31.038015365600586
2017-02-01,7.932181358337402,30.639545440673828
2017-02-02,7.906428337097168,30.291950225830078
2017-02-03,8.08670425415039,30.800628662109375
2017-02-06,8.060951232910156,31.224525451660156
2017-02-07,7.945058345794678,29.75782585144043
2017-02-08,7.970814228057861,29.791748046875
2017-02-09,7.970814228057861,29.740880966186523
2017-02-10,8.054512023925781,29.817182540893555
2017-02-13,8.08670425415039,30.113908767700195
2017-02-14,8.144649505615234,31.57212257385254
2017-02-15,8.131772994995117,31.436479568481445
2017-02-16,8.073827743530273,31.394086837768555
2017-02-17,8.09958267211914,31.5551700592041
2017-02-21,8.170404434204102,32.05537414550781
2017-02-22,8.157527923583984,32.080814361572266
2017-02-23,8.08670425415039,31.58060073852539
2017-02-24,8.028759002685547,31.283872604370117
2017-02-27,8.15108871459961,31.597558975219727
2017-02-28,8.067389488220215,31.233007431030273
2017-03-01,8.170404434204102,31.733211517333984
2017-03-02,8.15108871459961,32.012977600097656
2017-03-03,8.144649505615234,32.41144561767578
2017-03-06,8.060951232910156,32.140159606933594
2017-03-07,8.022320747375488,31.809511184692383
2017-03-08,8.067389488220215,31.920854568481445
2017-03-09,8.048073768615723,31.544004440307617
2017-03-10,8.067389488220215,31.544004440307617
2017-03-13,8.073827743530273,31.578258514404297
2017-03-14,8.080265045166016,31.65534782409668
2017-03-15,8.144649505615234,31.76668930053711
2017-03-16,8.176841735839844,31.75811767578125
2017-03-17,8.035195350646973,31.115760803222656
2017-03-20,7.906428337097168,30.58475112915039
2017-03-21,7.545875549316406,29.59123992919922
2017-03-22,7.578068733215332,29.454195022583008
2017-03-23,7.513681888580322,29.342864990234375
2017-03-24,7.481489181518555,29.599809646606445
2017-03-27,7.378475666046143,29.7282772064209
2017-03-28,7.500804424285889,30.456281661987305
2017-03-29,7.520120620727539,30.43915367126465
2017-03-30,7.520120620727539,30.327800750732422
2017-03-31,7.49436616897583,30.28498077392578
2017-04-03,7.365595817565918,29.265775680541992
2017-04-04,7.320526599884033,29.35141944885254
2017-04-05,7.2497053146362305,29.120174407958984
2017-04-06,7.2561445236206055,29.257213592529297
2017-04-07,7.230391025543213,28.871795654296875
2017-04-10,7.243265628814697,29.094480514526367
2017-04-11,7.2625813484191895,29.051660537719727
2017-04-12,7.230391025543213,29.068788528442383
2017-04-13,7.1531267166137695,28.597721099853516
2017-04-17,7.2625813484191895,29.034526824951172
2017-04-18,7.269105911254883,28.85466957092285
2017-04-19,7.301732540130615,28.940317153930664
2017-04-20,7.484441757202148,29.205825805664062
2017-04-21,7.39961051940918,28.906057357788086
2017-04-24,7.458339691162109,29.043092727661133
2017-04-25,7.490963935852051,29.11160659790039
2017-04-26,7.569268703460693,29.445640563964844
2017-04-27,7.484441757202148,29.582670211791992
2017-04-28,7.484441757202148,29.668317794799805
2017-05-01,7.451813697814941,29.29146957397461
2017-05-02,7.125551700592041,28.434993743896484
2017-05-03,7.223430633544922,28.6748104095459
2017-05-04,7.177755832672119,28.392173767089844
2017-05-05,7.269105911254883,28.92319107055664
2017-05-08,7.262580394744873,29.094480514526367
2017-05-09,7.282158374786377,29.342864990234375
2017-05-10,7.203854560852051,29.317161560058594
2017-05-11,7.184278964996338,29.214387893676758
2017-05-12,7.125551700592041,28.79471778869629
2017-05-15,7.138602256774902,28.96601104736328
2017-05-16,7.138602256774902,28.623416900634766
2017-05-17,7.021149158477783,27.766942977905273
2017-05-18,7.040722846984863,27.80976676940918
2017-05-19,7.092926979064941,28.023889541625977
2017-05-22,7.243006706237793,28.195178985595703
2017-05-23,7.210379600524902,28.452129364013672
2017-05-24,7.151651859283447,28.434993743896484
2017-05-25,7.08640193939209,27.921112060546875
2017-05-26,7.132078170776367,28.323650360107422
2017-05-30,7.229955196380615,28.71763038635254
2017-05-31,7.256057262420654,29.060226440429688
2017-06-01,7.445287227630615,29.488462448120117
2017-06-02,7.406135082244873,29.505592346191406
2017-06-05,7.340884208679199,29.514150619506836
2017-06-06,7.256057262420654,29.488462448120117
2017-06-07,7.223430633544922,29.739604949951172
2017-06-08,7.243006706237793,29.540422439575195
2017-06-09,7.262580394744873,29.739604949951172
2017-06-12,7.360459327697754,30.034059524536133
2017-06-13,7.353935241699219,29.886838912963867
2017-06-14,7.321308612823486,29.97344207763672
2017-06-15,7.3343586921691895,29.964778900146484
2017-06-16,7.321308612823486,29.696313858032227
2017-06-19,7.3343586921691895,29.748262405395508
2017-06-20,7.256057262420654,29.791576385498047
2017-06-21,7.203854560852051,29.557750701904297
2017-06-22,7.262580394744873,29.609704971313477
2017-06-23,7.203854560852051,29.618364334106445
2017-06-26,7.295208930969238,29.8955020904541
2017-06-27,7.229955196380615,29.62702751159668
2017-06-28,7.236481189727783,29.94745445251465
2017-06-29,7.288683891296387,30.189943313598633
2017-06-30,7.301732540130615,30.250560760498047
2017-07-03,7.543168067932129,30.80483627319336
2017-07-05,7.37351131439209,30.31985092163086
2017-07-06,7.295208930969238,30.1986083984375
2017-07-07,7.347410202026367,30.259233474731445
2017-07-10,7.39961051940918,30.475738525390625
2017-07-11,7.425712585449219,30.657611846923828
2017-07-12,7.484441757202148,30.74420738220215
2017-07-13,7.569268703460693,31.055988311767578
2017-07-14,7.621470928192139,31.480337142944336
2017-07-17,7.660621643066406,31.50632667541504
2017-07-18,7.667147159576416,31.54962730407715
2017-07-19,7.7193474769592285,31.584264755249023
2017-07-20,7.7325663566589355,31.532291412353516
2017-07-21,7.620212078094482,31.237850189208984
2017-07-24,7.46159553527832,31.021343231201172
2017-07-25,7.44837760925293,30.80483627319336
2017-07-26,7.309587001800537,30.848133087158203
2017-07-27,7.388896942138672,31.125268936157227
2017-07-28,7.382288455963135,30.978044509887695
2017-07-31,7.415331840515137,31.159902572631836
2017-08-01,7.236888885498047,30.10334587097168
2017-08-02,7.269935607910156,30.155303955078125
2017-08-03,7.223671913146973,30.111997604370117
2017-08-04,7.236888885498047,30.545015335083008
2017-08-07,7.217061996459961,30.570999145507812
2017-08-08,7.1972336769104,30.64894676208496
2017-08-09,7.217061996459961,30.553686141967773
2017-08-10,7.11792516708374,30.207273483276367
2017-08-11,7.11792516708374,30.250560760498047
2017-08-14,7.210451126098633,30.718225479125977
2017-08-15,7.164188385009766,30.77885627746582
2017-08-16,7.137752532958984,30.960721969604492
2017-08-17,7.032009601593018,30.311189651489258
2017-08-18,6.979138374328613,30.163976669311523
2017-08-21,6.985745429992676,30.233253479003906
2017-08-22,7.038619041442871,30.570999145507812
2017-08-23,7.078272819519043,30.735553741455078
2017-08-24,7.078272819519043,30.76152992248535
2017-08-25,7.15097188949585,30.83080291748047
2017-08-28,7.131142616271973,30.752870559692383
2017-08-29,7.164188385009766,30.76152992248535
2017-08-30,7.230279445648193,31.021343231201172
2017-08-31,7.289761066436768,31.644886016845703
2017-09-01,7.501248836517334,32.35502243041992
2017-09-05,7.507857322692871,32.24244689941406
2017-09-06,7.600384712219238,32.623504638671875
2017-09-07,7.534294605255127,32.29105758666992
2017-09-08,7.507857322692871,32.36978530883789
2017-09-11,7.540903091430664,32.67599105834961
2017-09-12,7.6598663330078125,33.14841842651367
2017-09-13,7.679694652557373,33.428375244140625
2017-09-14,7.640040397644043,33.9358024597168
2017-09-15,7.679694652557373,34.014530181884766
2017-09-18,7.686305046081543,33.76081085205078
2017-09-19,7.745784759521484,33.8570556640625
2017-09-20,7.739175319671631,34.014530181884766
2017-09-21,7.745784759521484,34.20699691772461
2017-09-22,7.825094223022461,34.486942291259766
2017-09-25,7.891181945800781,35.256832122802734
2017-09-26,7.884573936462402,35.22183609008789
2017-09-27,7.897789478302002,35.501792907714844
2017-09-28,7.904399394989014,35.501792907714844
2017-09-29,7.911009788513184,35.326820373535156
2017-10-02,7.9903178215026855,36.87533187866211
2017-10-03,8.15554428100586,38.01263427734375
2017-10-04,8.129107475280762,38.30133819580078
2017-10-05,8.096062660217285,38.362579345703125
2017-10-06,8.135714530944824,39.307430267333984
2017-10-09,8.15554428100586,39.657371520996094
2017-10-10,8.188589096069336,39.55239486694336
2017-10-11,8.181981086730957,39.77985382080078
2017-10-12,8.01014518737793,39.272430419921875
2017-10-13,7.963883876800537,40.1385383605957
2017-10-16,8.01014518737793,40.03356170654297
2017-10-17,8.109282493591309,39.38616943359375
2017-10-18,8.056408882141113,39.473655700683594
2017-10-19,8.082845687866211,39.674861907958984
2017-10-20,8.096227645874023,39.902339935302734
2017-10-23,8.05607795715332,39.499900817871094
2017-10-24,8.156447410583496,40.6634521484375
2017-10-25,8.05607795715332,39.473655700683594
2017-10-26,8.209977149963379,39.58738327026367
2017-10-27,8.069463729858398,39.0537223815918
2017-10-30,8.096227645874023,37.94264602661133
2017-10-31,8.209977149963379,37.60145568847656
2017-11-01,8.263504981994629,37.73268508911133
2017-11-02,8.310340881347656,37.269004821777344
2017-11-03,8.270195007324219,37.041542053222656
2017-11-06,8.250123977661133,36.86656951904297
2017-11-07,8.136375427246094,36.481632232666016
2017-11-08,8.069463729858398,36.84033203125
2017-11-09,8.05607795715332,36.84033203125
2017-11-10,8.036005973815918,37.321510314941406
2017-11-13,8.136375427246094,38.11762237548828
2017-11-14,8.042695999145508,37.61895751953125
2017-11-15,8.029314994812012,37.4964714050293
2017-11-16,8.05607795715332,38.14386749267578
2017-11-17,8.036005973815918,38.388832092285156
2017-11-20,8.116300582885742,39.26368713378906
2017-11-21,8.10960865020752,39.34242630004883
2017-11-22,8.076152801513672,38.747520446777344
2017-11-24,8.096227645874023,38.8962516784668
2017-11-27,8.102916717529297,38.64253616333008
2017-11-28,8.169832229614258,39.29867935180664
2017-11-29,8.404017448425293,38.32759475708008
2017-11-30,8.377253532409668,37.69769287109375
2017-12-01,8.417400360107422,37.43523025512695
2017-12-04,8.450855255126953,37.662689208984375
2017-12-05,8.317032814025879,37.44397735595703
2017-12-06,8.283578872680664,36.87533187866211
2017-12-07,8.383942604064941,37.09601593017578
2017-12-08,8.43747329711914,37.09601593017578
2017-12-11,8.417400360107422,36.78703689575195
2017-12-12,8.430779457092285,36.663448333740234
2017-12-13,8.450855255126953,36.548675537109375
2017-12-14,8.337105751037598,36.02781677246094
2017-12-15,8.417400360107422,36.15141296386719
2017-12-18,8.470928192138672,37.21080017089844
2017-12-19,8.49100112915039,37.51095199584961
2017-12-20,8.511073112487793,37.53743362426758
2017-12-21,8.450855255126953,37.21962356567383
2017-12-22,8.417400360107422,37.09601593017578
2017-12-26,8.430779457092285,36.90180587768555
2017-12-27,8.363870620727539,36.469234466552734
2017-12-28,8.417400360107422,36.53102493286133
2017-12-29,8.357179641723633,36.18672561645508
2018-01-02,8.470928192138672,36.90180587768555
2018-01-03,8.537837028503418,37.80228042602539
2018-01-04,8.685044288635254,38.96760177612305
2018-01-05,8.832244873046875,38.85282897949219
2018-01-08,8.798791885375977,39.0382194519043
2018-01-09,8.751954078674316,38.88814163208008
2018-01-10,8.718500137329102,37.96118927001953
2018-01-11,8.805481910705566,39.01173782348633
2018-01-12,8.852317810058594,38.90581130981445
2018-01-16,8.765336990356445,39.01173782348633
2018-01-17,8.14975643157959,38.870479583740234
2018-01-18,8.076152801513672,38.72040557861328
2018-01-19,8.029314994812012,38.09361267089844
2018-01-22,8.042695999145508,38.217201232910156
2018-01-23,8.002549171447754,38.296661376953125
2018-01-24,8.06277084350586,38.985260009765625
2018-01-25,7.741598129272461,38.102439880371094
2018-01-26,7.795126914978027,38.39376449584961
2018-01-29,7.623728275299072,37.978843688964844
2018-01-30,7.582595348358154,37.696346282958984
2018-01-31,7.5208940505981445,37.440330505371094
2018-02-01,7.486611843109131,37.45798110961914
2018-02-02,7.342641353607178,36.19554901123047
2018-02-05,7.020413398742676,34.90663146972656
2018-02-06,7.376920223236084,36.95477294921875
2018-02-07,7.376920223236084,37.42266082763672
2018-02-08,7.150674819946289,35.9748420715332
2018-02-09,7.219234466552734,36.60165023803711
2018-02-12,7.3357834815979,37.07837677001953
2018-02-13,7.260370254516602,36.548675537109375
2018-02-14,7.363205909729004,36.9106330871582
2018-02-15,7.376920223236084,36.945945739746094
2018-02-16,7.274080276489258,36.27500534057617
2018-02-20,7.287791728973389,35.99250030517578
2018-02-21,7.267225742340088,35.80710983276367
2018-02-22,7.287791728973389,36.1161003112793
2018-02-23,7.3357834815979,36.1161003112793
2018-02-26,7.46604585647583,36.672271728515625
2018-02-27,7.274080276489258,35.46281051635742
2018-02-28,7.274080276489258,34.73889923095703
2018-03-01,7.054694175720215,33.36170959472656
2018-03-02,7.1301069259643555,33.04389572143555
2018-03-05,7.253513813018799,33.317569732666016
2018-03-06,7.287791728973389,33.485294342041016
2018-03-07,7.287791728973389,33.317569732666016
2018-03-08,7.274080276489258,33.74563217163086
2018-03-09,7.356350898742676,33.74563217163086
2018-03-12,7.411197662353516,33.73670959472656
2018-03-13,7.390631675720215,33.89723587036133
2018-03-14,7.555171966552734,33.611854553222656
2018-03-15,7.589452266693115,33.75454330444336
2018-03-16,7.644298553466797,33.834808349609375
2018-03-19,7.548314571380615,33.00543975830078
2018-03-20,7.534605026245117,32.89842224121094
2018-03-21,7.610019207000732,33.51375961303711
2018-03-22,7.370063304901123,32.41684341430664
2018-03-23,7.239801406860352,31.36452865600586
2018-03-26,7.42490816116333,32.09579849243164
2018-03-27,7.42490816116333,31.096988677978516
2018-03-28,7.445478916168213,31.63205909729004
2018-03-29,7.596307754516602,32.407928466796875
2018-04-02,7.445478916168213,31.89068031311035
2018-04-03,7.644298553466797,32.943016052246094
2018-04-04,7.767703056335449,33.915069580078125
2018-04-05,7.781414985656738,33.8883056640625
2018-04-06,7.6648664474487305,33.602935791015625
2018-04-09,7.71285343170166,33.73670959472656
2018-04-10,7.849974155426025,34.84253692626953
2018-04-11,7.836263656616211,34.78010940551758
2018-04-12,7.753991603851318,34.62851333618164
2018-04-13,7.733425617218018,34.53932571411133
2018-04-16,7.80198335647583,34.93171691894531
2018-04-17,7.80198335647583,34.97631072998047
2018-04-18,7.767703056335449,34.717681884765625
2018-04-19,7.614851474761963,33.68320083618164
2018-04-20,7.517580509185791,33.54051208496094
2018-04-23,7.6704325675964355,33.611854553222656
2018-04-24,7.614851474761963,33.82588577270508
2018-04-25,7.719067573547363,33.986412048339844
2018-04-26,7.941400051116943,34.11126708984375
2018-04-27,7.983086585998535,33.57617950439453
2018-04-30,7.809391498565674,32.7646484375
2018-05-01,7.823288440704346,32.479270935058594
2018-05-02,7.788547039031982,32.283077239990234
2018-05-03,7.7815985679626465,32.23849105834961
2018-05-04,7.892766952514648,32.73789596557617
2018-05-07,7.878869533538818,32.407928466796875
2018-05-08,7.830235958099365,32.399009704589844
2018-05-09,7.684329509735107,32.34550476074219
2018-05-10,7.788547039031982,33.13920593261719
2018-05-11,7.774651050567627,32.89842224121094
2018-05-14,7.767704486846924,32.66654968261719
2018-05-15,7.795495986938477,32.943016052246094
2018-05-16,7.92055606842041,33.915069580078125
2018-05-17,7.962244033813477,34.155860900878906
2018-05-18,7.871922492980957,33.70104217529297
2018-05-21,7.996983051300049,33.96858215332031
2018-05-22,8.003931045532227,34.13801193237305
2018-05-23,7.948348522186279,33.75454330444336
2018-05-24,8.073409080505371,34.236114501953125
2018-05-25,7.996983051300049,34.155860900878906
2018-05-29,7.948348522186279,33.335411071777344
2018-05-30,8.024774551391602,33.73670959472656
2018-05-31,8.024774551391602,38.07976531982422
2018-06-01,8.135941505432129,38.525665283203125
2018-06-04,8.156783103942871,39.04290008544922
2018-06-05,8.219314575195312,38.71293258666992
2018-06-06,8.316584587097168,39.176673889160156
2018-06-07,8.358270645141602,39.590476989746094
2018-06-08,8.406905174255371,39.8063850402832
2018-06-11,8.358270645141602,40.34611892700195
2018-06-12,8.41385555267334,39.743412017822266
2018-06-13,8.351325988769531,39.98630142211914
2018-06-14,8.261003494262695,39.19466018676758
2018-06-15,8.254053115844727,39.500518798828125
2018-06-18,8.330480575561523,39.5365104675293
2018-06-19,8.261003494262695,38.01622009277344
2018-06-20,8.247105598449707,37.73735809326172
2018-06-21,8.135941505432129,36.99069595336914
2018-06-22,8.094252586364746,37.10764694213867
2018-06-25,7.990036487579346,36.53190612792969
2018-06-26,8.003931045532227,36.89173889160156
2018-06-27,7.934452056884766,36.31601333618164
2018-06-28,7.837182998657227,36.45096206665039
2018-06-29,7.691277980804443,35.443424224853516
2018-07-02,7.712121963500977,35.53337860107422
2018-07-03,7.6356940269470215,35.056602478027344
2018-07-05,7.6773810386657715,35.50638961791992
2018-07-06,7.684329509735107,35.22751998901367
2018-07-09,7.7815985679626465,35.75827407836914
2018-07-10,7.816336631774902,36.06413650512695
2018-07-11,7.691277980804443,35.35346603393555
2018-07-12,7.6773810386657715,35.32647705078125
2018-07-13,7.6287455558776855,35.40743637084961
2018-07-16,7.538426399230957,35.58735656738281
2018-07-17,7.545373916625977,36.010154724121094
2018-07-18,7.552321434020996,35.8662223815918
2018-07-19,7.517580509185791,35.362464904785156
2018-07-20,7.440079689025879,35.443424224853516
2018-07-23,7.3766703605651855,35.32647705078125
2018-07-24,7.447124481201172,35.51538848876953
2018-07-25,7.411898136138916,33.8691520690918
2018-07-26,6.968029022216797,33.05953598022461
2018-07-27,6.99621057510376,33.761207580566406
2018-07-30,7.0948486328125,33.887149810791016
2018-07-31,7.07371187210083,34.10304260253906
2018-08-01,6.975074291229248,33.410362243652344
2018-08-02,6.989166259765625,32.942588806152344
2018-08-03,7.07371187210083,33.94111633300781
2018-08-06,7.066667556762695,33.82417678833008
2018-08-07,7.101895809173584,33.80618667602539
2018-08-08,7.0807576179504395,33.878150939941406
2018-08-09,6.982120513916016,33.74321365356445
2018-08-10,6.862346649169922,32.91560745239258
2018-08-13,6.665071487426758,32.52878952026367
2018-08-14,6.693254470825195,32.56476593017578
2018-08-15,6.658026218414307,32.330875396728516
2018-08-16,6.70029878616333,32.645729064941406
2018-08-17,6.728481769561768,32.72669219970703
2018-08-20,6.848254680633545,33.07752990722656
2018-08-21,6.946892261505127,33.203468322753906
2018-08-22,6.827118396759033,32.501800537109375
2018-08-23,6.784846782684326,32.087982177734375
2018-08-24,6.820072174072266,32.339874267578125
2018-08-27,7.038483619689941,33.90513610839844
2018-08-28,7.052575588226318,33.572288513183594
2018-08-29,7.0243940353393555,33.39237976074219
2018-08-30,6.834164142608643,32.70869827270508
2018-08-31,6.679162502288818,32.4298210144043
2018-09-04,6.672116756439209,32.02501678466797
2018-09-05,6.686209201812744,31.746156692504883
2018-09-06,6.643935680389404,31.26418113708496
2018-09-07,6.531208038330078,30.83677864074707
2018-09-10,6.608707904815674,30.800405502319336
2018-09-11,6.559389114379883,30.709474563598633
2018-09-12,6.580526351928711,30.97318458557129
2018-09-13,6.601661682128906,31.145965576171875
2018-09-14,6.658026218414307,31.491531372070312
2018-09-17,6.728481769561768,31.8461856842041
2018-09-18,6.749617576599121,31.918926239013672
2018-09-19,6.890527248382568,32.4918327331543
2018-09-20,6.911664962768555,32.810123443603516
2018-09-21,6.939847946166992,32.11899185180664
2018-09-24,6.756663799285889,31.600645065307617
2018-09-25,6.615753650665283,30.509410858154297
2018-09-26,6.531208038330078,30.673093795776367
2018-09-27,6.503024578094482,30.618526458740234
2018-09-28,6.517115592956543,30.618526458740234
2018-10-01,6.566434383392334,31.100500106811523
2018-10-02,6.481886863708496,30.282062530517578
2018-10-03,6.432568073272705,30.91861915588379
2018-10-04,6.446660041809082,31.145965576171875
2018-10-05,6.425525188446045,31.027742385864258
2018-10-08,6.524161338806152,31.145965576171875
2018-10-09,6.305748462677002,29.69097328186035
2018-10-10,6.214157581329346,29.64550018310547
2018-10-11,6.207111835479736,29.381784439086914
2018-10-12,6.087337970733643,28.908912658691406
2018-10-15,6.207111835479736,29.209001541137695
2018-10-16,6.200068473815918,29.409069061279297
2018-10-17,6.171884536743164,29.036222457885742
2018-10-18,5.995747089385986,28.263254165649414
2018-10-19,5.988701343536377,28.37238121032715
2018-10-22,6.031733512878418,28.499696731567383
2018-10-23,6.160831928253174,29.209001541137695
2018-10-24,5.866775989532471,27.790380477905273
2018-10-25,6.447714328765869,29.09988021850586
2018-10-26,6.440543174743652,29.69097328186035
2018-10-29,6.655706405639648,30.127464294433594
2018-10-30,6.784803867340088,30.50031852722168
2018-10-31,6.849352836608887,33.27389907836914
2018-11-01,6.662878036499023,33.16476821899414
2018-11-02,6.727427959442139,32.7646484375
2018-11-05,6.835007667541504,32.96470642089844
2018-11-06,6.842180252075195,33.15567398071289
2018-11-07,6.885214805603027,33.53761291503906
2018-11-08,6.784803867340088,33.25571060180664
2018-11-09,6.727427959442139,32.46455001831055
2018-11-12,6.806319236755371,32.45545959472656
2018-11-13,6.842180252075195,32.6737174987793
2018-11-14,6.842180252075195,32.037147521972656
2018-11-15,6.677222728729248,32.32814407348633
2018-11-16,6.490748405456543,32.5100212097168
2018-11-19,6.634190559387207,32.44636917114258
2018-11-20,6.497920513153076,31.90983772277832
2018-11-21,6.533780574798584,32.32814407348633
2018-11-23,6.548125267028809,32.6737174987793
2018-11-26,6.741771221160889,34.23781967163086
2018-11-27,6.655706405639648,33.364830017089844
2018-11-28,6.748943328857422,33.60127258300781
2018-11-29,6.7202558517456055,33.42848205566406
2018-11-30,6.748943328857422,34.510643005371094
2018-12-03,6.885214805603027,34.96533203125
2018-12-04,6.583984375,33.21023941040039
2018-12-06,6.469231128692627,32.805912017822266
2018-12-07,6.325788497924805,31.877779006958008
2018-12-10,6.110626697540283,31.62967300415039
2018-12-11,6.124970436096191,31.877779006958008
2018-12-12,6.196691036224365,32.78752899169922
2018-12-13,6.096282958984375,32.26374435424805
2018-12-14,6.110626697540283,32.254547119140625
2018-12-17,6.096282958984375,31.850223541259766
2018-12-18,6.074767589569092,32.07076644897461
2018-12-19,5.967184543609619,32.098323822021484
2018-12-20,5.924152374267578,31.491830825805664
2018-12-21,5.773537635803223,30.306411743164062
2018-12-24,5.4723100662231445,29.7458553314209
2018-12-26,5.630095958709717,30.802631378173828
2018-12-27,5.630095958709717,31.206958770751953
2018-12-28,5.601407051086426,31.170211791992188
2018-12-31,5.486654758453369,30.738311767578125
2019-01-02,5.665956974029541,30.91290283203125
2019-01-03,5.579891204833984,29.635591506958008
2019-01-04,5.795054912567139,30.628034591674805
2019-01-07,5.9456682205200195,31.574542999267578
2019-01-08,6.003045082092285,31.988056182861328
2019-01-09,6.2540693283081055,32.328060150146484
2019-01-10,6.218207359313965,31.914541244506836
2019-01-11,6.325788497924805,34.165931701660156
2019-01-14,6.447714328765869,34.60701370239258
2019-01-15,6.3401336669921875,34.50593185424805
2019-01-16,5.9456682205200195,34.616207122802734
2019-01-17,5.995873928070068,35.15837097167969
2019-01-18,6.153658866882324,35.48000717163086
2019-01-22,6.096282958984375,35.05730056762695
2019-01-23,5.981529712677002,34.616207122802734
2019-01-24,6.168004035949707,35.06648254394531
2019-01-25,6.3544769287109375,35.507572174072266
2019-01-28,6.21103572845459,35.3421630859375
2019-01-29,6.28275728225708,35.35135269165039
2019-01-30,6.355727195739746,35.92109680175781
2019-01-31,6.421402454376221,35.85676193237305
2019-02-01,6.363025665283203,35.63621520996094
2019-02-04,6.348431587219238,35.7740592956543
2019-02-05,6.384915828704834,36.11406707763672
2019-02-06,6.363025665283203,36.67461395263672
2019-02-07,6.063845634460449,35.51675796508789
2019-02-08,6.12222146987915,35.56270980834961
2019-02-11,6.078439235687256,35.49837875366211
2019-02-12,6.173302173614502,35.86595153808594
2019-02-13,6.136815547943115,35.83837890625
2019-02-14,6.1441121101379395,35.7373046875
2019-02-15,6.231677055358887,35.92109680175781
2019-02-19,6.443292617797852,36.32542037963867
2019-02-20,6.523559093475342,36.71138000488281
2019-02-21,6.355727195739746,36.40812301635742
2019-02-22,6.355727195739746,36.74813461303711
2019-02-25,6.392213344573975,36.88596725463867
2019-02-26,6.479777812957764,36.85840606689453
2019-02-27,6.406806945800781,36.757320404052734
2019-02-28,6.399509429931641,36.279476165771484
2019-03-01,6.4141035079956055,36.32542037963867
2019-03-04,6.428698539733887,36.068119049072266
2019-03-05,6.399509429931641,36.09568786621094
2019-03-06,6.260865688323975,35.53513717651367
2019-03-07,6.187894821166992,35.30311965942383
2019-03-08,6.1441121101379395,35.25673294067383
2019-03-11,6.28275728225708,35.84139633178711
2019-03-12,6.25356912612915,35.84139633178711
2019-03-13,6.224379539489746,36.00844955444336
2019-03-14,6.136815547943115,35.2938346862793
2019-03-15,6.151410102844238,35.330970764160156
2019-03-18,6.25356912612915,35.247432708740234
2019-03-19,6.348431587219238,35.516578674316406
2019-03-20,6.2097859382629395,34.33795166015625
2019-03-21,6.341133117675781,34.66276550292969
2019-03-22,6.231677055358887,33.81824493408203
2019-03-25,6.2097859382629395,34.105934143066406
2019-03-26,6.392213344573975,34.21730041503906
2019-03-27,6.290052890777588,33.97600555419922
2019-03-28,6.399509429931641,34.39363479614258
2019-03-29,6.406806945800781,34.430747985839844
2019-04-01,6.552748203277588,35.043270111083984
2019-04-02,6.574639797210693,35.08966827392578
2019-04-03,6.662203788757324,35.62794876098633
2019-04-04,6.742470741271973,35.99916076660156
2019-04-05,6.7497687339782715,36.138370513916016
2019-04-08,6.786252975463867,36.2497444152832
2019-04-09,6.720578670501709,36.06413269042969
2019-04-10,6.808143615722656,36.42606735229492
2019-04-11,6.851926803588867,36.50031280517578
2019-04-12,6.895708084106445,36.85296630859375
2019-04-15,6.808143615722656,36.72304916381836
2019-04-16,6.830036640167236,36.80657196044922
2019-04-17,6.932196140289307,37.112831115722656
2019-04-18,6.968679428100586,37.4005241394043
2019-04-22,6.932196140289307,36.6580810546875
2019-04-23,7.0434064865112305,36.96434020996094
2019-04-24,7.095303535461426,36.862247467041016
2019-04-25,6.969264507293701,36.296146392822266
2019-04-26,7.718090057373047,36.825138092041016
2019-04-29,7.651362895965576,37.13138198852539
2019-04-30,7.747745990753174,36.147666931152344
2019-05-01,7.636534690856934,35.962039947509766
2019-05-02,7.6661906242370605,35.49801254272461
2019-05-03,7.718090057373047,36.00844955444336
2019-05-06,7.6884331703186035,35.34952163696289
2019-05-07,7.695847034454346,35.757869720458984
2019-05-08,7.6661906242370605,35.460899353027344
2019-05-09,7.562394142150879,34.876220703125
2019-05-10,7.695847034454346,35.163917541503906
2019-05-13,7.473424911499023,33.92961120605469
2019-05-14,7.592048168182373,34.375064849853516
2019-05-15,7.681017875671387,34.68132781982422
2019-05-16,7.710675239562988,34.690608978271484
2019-05-17,7.629120826721191,34.33795166015625
2019-05-20,7.621706962585449,34.31011199951172
2019-05-21,7.592048168182373,34.45860290527344
2019-05-22,7.3918681144714355,32.992271423339844
2019-05-23,7.302900791168213,32.60249328613281
2019-05-24,7.288071632385254,32.59320068359375
2019-05-28,7.250999450683594,32.34263229370117
2019-05-29,7.199102401733398,32.286956787109375
2019-05-30,7.221345901489258,32.31479263305664
2019-05-31,7.058234214782715,30.9412784576416
2019-06-03,7.124960422515869,31.275379180908203
2019-06-04,7.354798793792725,33.15932083129883
2019-06-05,7.250999450683594,33.261409759521484
2019-06-06,7.228758811950684,33.00815200805664
2019-06-07,7.236173152923584,33.289546966552734
2019-06-10,7.2806572914123535,33.777305603027344
2019-06-11,7.354798793792725,33.95552444458008
2019-06-12,7.302900791168213,33.45838928222656
2019-06-13,7.458596229553223,33.786685943603516
2019-06-14,7.399283409118652,33.449005126953125
2019-06-17,7.451183795928955,33.89924240112305
2019-06-18,7.488251209259033,34.424530029296875
2019-06-19,7.4437665939331055,34.49956512451172
2019-06-20,7.4437665939331055,34.66840362548828
2019-06-21,7.406696319580078,34.630882263183594
2019-06-24,7.377040386199951,34.66840362548828
2019-06-25,7.295485019683838,35.34377670288086
2019-06-26,7.347384452819824,35.76586151123047
2019-06-27,7.562394142150879,35.9440803527832
2019-06-28,7.584634780883789,36.14105987548828
2019-07-01,7.525322437286377,36.34741973876953
2019-07-02,7.503079414367676,35.96284103393555
2019-07-03,7.562394142150879,35.79399871826172
2019-07-05,7.562394142150879,36.112918853759766
2019-07-08,7.562394142150879,35.859657287597656
2019-07-09,7.517910003662109,35.718963623046875
2019-07-10,7.495665073394775,35.73772430419922
2019-07-11,7.554978847503662,36.047264099121094
2019-07-12,7.777401447296143,36.77889633178711
2019-07-15,7.725503444671631,36.91959762573242
2019-07-16,7.792231559753418,36.985252380371094
2019-07-17,7.658778190612793,36.73200225830078
2019-07-18,7.606877326965332,36.69447326660156
2019-07-19,7.562394142150879,37.032161712646484
2019-07-22,7.539820671081543,37.38859939575195
2019-07-23,7.652691841125488,38.18589782714844
2019-07-24,7.7730889320373535,38.345359802246094
2019-07-25,7.193680763244629,38.223419189453125
2019-07-26,7.201204299926758,38.2421760559082
2019-07-29,7.223781108856201,38.15776443481445
2019-07-30,7.186155796051025,37.92325973510742
2019-07-31,7.17110538482666,37.83884048461914
2019-08-01,7.005560398101807,37.660621643066406
2019-08-02,6.982985496520996,37.313560485839844
2019-08-05,6.9453630447387695,36.591304779052734
2019-08-06,7.133480548858643,36.65696334838867
2019-08-07,7.17110538482666,36.9477424621582
2019-08-08,7.193680763244629,37.61371994018555
2019-08-09,7.11090612411499,37.15409851074219
2019-08-12,6.990510940551758,36.45060729980469
2019-08-13,6.967937469482422,36.591304779052734
2019-08-14,6.772291660308838,34.88414764404297
2019-08-15,6.666945457458496,34.20878982543945
2019-08-16,6.742193222045898,34.70592498779297
2019-08-19,6.794868469238281,35.04360580444336
2019-08-20,6.742193222045898,34.66840362548828
2019-08-21,6.80239200592041,34.818485260009766
2019-08-22,6.80239200592041,34.949798583984375
2019-08-23,6.599222183227539,33.82420349121094
2019-08-26,6.63684606552124,34.00242614746094
2019-08-27,6.591698169708252,33.66474914550781
2019-08-28,6.772291660308838,34.18064880371094
2019-08-29,6.8625898361206055,34.62150573730469
2019-08-30,6.900214672088623,34.79034423828125
2019-09-03,6.84753942489624,34.62150573730469
2019-09-04,6.922787666320801,35.869049072265625
2019-09-05,7.028135299682617,36.69328689575195
2019-09-06,7.028135299682617,36.740657806396484
2019-09-09,7.1786298751831055,37.498592376708984
2019-09-10,7.088333606719971,37.498592376708984
2019-09-11,7.088333606719971,37.38490295410156
2019-09-12,7.080808639526367,37.015411376953125
2019-09-13,7.11090612411499,36.81645965576172
2019-09-16,6.998035907745361,35.25322723388672
2019-09-17,6.982985496520996,36.27642822265625
2019-09-18,6.96041202545166,36.17221450805664
2019-09-19,6.84753942489624,35.79325485229492
2019-09-20,6.900214672088623,35.40480041503906
2019-09-23,6.892688274383545,35.28165054321289
2019-09-24,6.855064392089844,34.836360931396484
2019-09-25,6.922787666320801,35.15848922729492
2019-09-26,6.877640247344971,35.63218307495117
2019-09-27,6.832490921020508,35.45218276977539
2019-09-30,6.892688274383545,35.50902557373047
2019-10-01,6.697043418884277,34.2110710144043
2019-10-02,6.478827476501465,32.85626983642578
2019-10-03,6.554074287414551,33.1404914855957
2019-10-04,6.5766496658325195,33.07417297363281
2019-10-07,6.531500339508057,32.92258834838867
2019-10-08,6.42615270614624,32.09834671020508
2019-10-09,6.4412031173706055,32.344669342041016
2019-10-10,6.4863505363464355,32.83732223510742
2019-10-11,6.606747150421143,33.699466705322266
2019-10-14,6.63684606552124,33.633148193359375
2019-10-15,6.8249664306640625,34.353172302246094
2019-10-16,6.8249664306640625,34.72266387939453
2019-10-17,6.855064392089844,34.28685760498047
2019-10-18,6.990510940551758,34.26791763305664
2019-10-21,6.9063801765441895,34.04053497314453
2019-10-22,6.936973571777344,34.400543212890625
2019-10-23,7.044050216674805,34.684776306152344
2019-10-24,6.577506065368652,33.93632125854492
2019-10-25,6.669283390045166,34.80794143676758
2019-10-28,6.5851521492004395,34.713199615478516
2019-10-29,6.608098030090332,36.20063781738281
2019-10-30,6.531614780426025,35.916412353515625
2019-10-31,6.569857597351074,35.20585250854492
2019-11-01,6.799305438995361,35.973262786865234
2019-11-04,6.883435249328613,36.37116622924805
2019-11-05,6.8987321853637695,36.219573974609375
2019-11-06,6.822248935699463,36.399593353271484
2019-11-07,6.799305438995361,36.46591567993164
2019-11-08,6.914028644561768,36.63644027709961
2019-11-11,6.94462251663208,36.68381881713867
2019-11-12,6.914028644561768,36.56065368652344
2019-11-13,6.738119125366211,35.234275817871094
2019-11-14,6.72282075881958,34.864784240722656
2019-11-15,6.845195770263672,34.95005416870117
2019-11-18,6.845195770263672,34.694236755371094
2019-11-19,6.806951999664307,34.46687698364258
2019-11-20,6.676932334899902,33.42471694946289
2019-11-21,6.661636829376221,32.846797943115234
2019-11-22,6.799305438995361,33.47208786010742
2019-11-25,6.883435249328613,33.926841735839844
2019-11-26,6.891082763671875,34.02159118652344
2019-11-27,6.959919452667236,34.23949432373047
2019-11-29,6.929325103759766,34.106849670410156
2019-12-02,6.891082763671875,33.993167877197266
2019-12-03,6.799305438995361,33.66157150268555
2019-12-04,6.845195770263672,33.91737365722656
2019-12-05,6.829898357391357,33.812034606933594
2019-12-06,6.8987321853637695,34.03227996826172
2019-12-09,6.891082763671875,33.87906265258789
2019-12-10,6.936973571777344,33.62053298950195
2019-12-11,6.967565536499023,33.7450065612793
2019-12-12,7.12817907333374,34.56852722167969
2019-12-13,7.059345245361328,34.13761520385742
2019-12-16,7.181718826293945,34.57809829711914
2019-12-17,7.181718826293945,34.76961135864258
2019-12-18,7.296442031860352,35.72719192504883
2019-12-19,7.197014331817627,35.67931365966797
2019-12-20,7.250552177429199,35.669734954833984
2019-12-23,7.219958305358887,35.210105895996094
2019-12-24,7.242902755737305,35.028167724609375
2019-12-26,7.227607250213623,34.93240737915039
2019-12-27,7.1587724685668945,35.00900650024414
2019-12-30,7.074642181396484,34.894107818603516
2019-12-31,7.112883567810059,35.04730987548828
2020-01-02,7.204661846160889,35.79422378540039
2020-01-03,7.044050216674805,34.77919387817383
2020-01-06,7.005807399749756,34.319557189941406
2020-01-07,7.074642181396484,33.6588249206543
2020-01-08,7.074642181396484,33.18004608154297
2020-01-09,7.0822906494140625,33.591800689697266
2020-01-10,7.074642181396484,33.18004608154297
2020-01-13,7.066993236541748,33.496036529541016
2020-01-14,7.105235576629639,33.6588249206543
2020-01-15,7.028752326965332,33.6588249206543
2020-01-16,7.013454437255859,34.04186248779297
2020-01-17,7.005807399749756,34.08972930908203
2020-01-21,7.044050216674805,33.505611419677734
2020-01-22,7.005807399749756,33.42900848388672
2020-01-23,6.990511894226074,33.40028762817383
2020-01-24,6.883435249328613,32.85446548461914
2020-01-27,6.799305438995361,31.992639541625977
2020-01-28,6.860490798950195,32.21288299560547
2020-01-29,6.891603946685791,32.174583435058594
2020-01-30,6.876048564910889,31.916038513183594
2020-01-31,6.860490798950195,31.973482131958008
2020-02-03,6.984943389892578,32.28948974609375
2020-02-04,7.140511512756348,32.91191482543945
2020-02-05,6.463796138763428,33.543914794921875
2020-02-06,6.417126655578613,32.87361526489258
2020-02-07,6.308228492736816,32.20330810546875
2020-02-10,6.2693376541137695,32.7970085144043
2020-02-11,6.300449848175049,33.5247688293457
2020-02-12,6.409347057342529,33.98440170288086
2020-02-13,6.417126655578613,33.79289245605469
2020-02-14,6.300449848175049,33.28537368774414
2020-02-18,6.2693376541137695,32.950218200683594
2020-02-19,6.222667217254639,33.43857955932617
2020-02-20,6.246002674102783,33.79289245605469
2020-02-21,6.1371049880981445,33.18004608154297
2020-02-24,5.8881988525390625,31.686220169067383
2020-02-25,5.623735427856445,30.403064727783203
2020-02-26,5.608178615570068,30.642459869384766
2020-02-27,5.4214982986450195,29.407180786132812
2020-02-28,5.413721084594727,29.20609474182129
2020-03-02,5.600400924682617,30.087068557739258
2020-03-03,5.4214982986450195,29.225244522094727
2020-03-04,5.5070600509643555,30.192398071289062
2020-03-05,5.2425971031188965,29.17467498779297
2020-03-06,5.048138618469238,27.808025360107422
2020-03-09,4.589216709136963,23.930986404418945
2020-03-10,4.869237422943115,26.286287307739258
2020-03-11,4.589216709136963,25.200719833374023
2020-03-12,4.1614089012146,22.33171272277832
2020-03-13,4.379202842712402,23.95037078857422
2020-03-16,3.8969452381134033,20.35442543029785
2020-03-17,3.8969452381134033,19.695331573486328
2020-03-18,3.5002498626708984,16.283538818359375
2020-03-19,3.476915121078491,17.16556739807129
2020-03-20,3.368018388748169,17.582345962524414
2020-03-23,3.1191117763519287,17.05894660949707
2020-03-24,3.850275754928589,20.461042404174805
2020-03-25,4.192521572113037,20.829360961914062
2020-03-26,4.0836262702941895,21.866464614868164
2020-03-27,4.0369553565979,20.722745895385742
2020-03-30,3.912503480911255,20.66458511352539
2020-03-31,3.7569353580474854,20.141189575195312
2020-04-01,3.4224672317504883,18.66791534423828
2020-04-02,3.3913533687591553,17.63081169128418
2020-04-03,3.298013925552368,17.48541831970215
2020-04-06,3.523585319519043,18.948999404907227
2020-04-07,3.663595199584961,20.645204544067383
2020-04-08,3.912503480911255,22.418943405151367
2020-04-09,4.176965713500977,23.32035255432129
2020-04-13,4.013620376586914,22.302637100219727
2020-04-14,4.114739894866943,22.273555755615234
2020-04-15,3.912503480911255,20.994138717651367
2020-04-16,3.8424973487854004,20.228422164916992
2020-04-17,3.9825072288513184,21.788928985595703
2020-04-20,3.873610258102417,21.691999435424805
2020-04-21,3.7102651596069336,20.587045669555664
2020-04-22,3.7102651596069336,20.645204544067383
2020-04-23,3.803605079650879,20.85843849182129
2020-04-24,3.788048267364502,21.275218963623047
2020-04-27,4.021397590637207,21.75984764099121
2020-04-28,4.184743881225586,21.498151779174805
2020-04-29,4.091403961181641,23.048961639404297
2020-04-30,3.959172010421753,21.60477066040039
2020-05-01,3.8269407749176025,20.25749969482422
2020-05-04,3.78027081489563,20.112112045288086
2020-05-05,3.8658316135406494,20.606430053710938
2020-05-06,3.788048267364502,21.217063903808594
2020-05-07,3.788048267364502,21.750160217285156
2020-05-08,4.075847148895264,23.194351196289062
2020-05-11,3.9825072288513184,22.099092483520508
2020-05-12,3.873610258102417,21.866464614868164
2020-05-13,3.6713733673095703,20.800281524658203
2020-05-14,3.803605079650879,21.62415313720703
2020-05-15,3.8113839626312256,21.934314727783203
2020-05-18,4.130294322967529,24.047300338745117
2020-05-19,4.122517108917236,23.930986404418945
2020-05-20,4.270305156707764,24.696706771850586
2020-05-21,4.379202842712402,25.006868362426758
2020-05-22,4.394759178161621,25.18132972717285
2020-05-26,4.54254674911499,26.55767822265625
2020-05-27,4.690335273742676,26.935691833496094
2020-05-28,4.550325393676758,25.859813690185547
2020-05-29,4.441429615020752,25.084402084350586
2020-06-01,4.565881252288818,26.111818313598633
2020-06-02,4.589216709136963,26.56736946105957
2020-06-03,4.814788818359375,28.176340103149414
2020-06-04,5.110365867614746,28.26357078552246
2020-06-05,5.709296703338623,29.66899871826172
2020-06-08,5.857086181640625,29.736848831176758
2020-06-09,5.631514072418213,28.942054748535156
2020-06-10,5.297045707702637,27.866178512573242
2020-06-11,4.768118381500244,25.685346603393555
2020-06-12,5.024803638458252,27.100460052490234
2020-06-15,5.055917263031006,26.91630744934082
2020-06-16,5.094808578491211,26.925996780395508
2020-06-17,4.923685073852539,26.32505989074707
2020-06-18,4.923685073852539,26.257205963134766
2020-06-19,4.845902919769287,25.77257537841797
2020-06-22,4.884794235229492,25.559341430664062
2020-06-23,4.783675670623779,25.443029403686523
2020-06-24,4.62810754776001,24.502849578857422
2020-06-25,4.690335273742676,24.454387664794922
2020-06-26,4.596994876861572,23.708057403564453
2020-06-29,4.674778461456299,24.522232055664062
2020-06-30,4.729226589202881,24.522232055664062
2020-07-01,4.651443958282471,24.19268798828125
2020-07-02,4.705893039703369,24.46407699584961
2020-07-06,4.814788818359375,24.93901252746582
2020-07-07,4.760340690612793,24.35746192932129
2020-07-08,4.737005233764648,24.17330551147461
2020-07-09,4.54254674911499,22.700029373168945
2020-07-10,4.744784355163574,23.64021110534668
2020-07-13,4.71367073059082,24.095760345458984
2020-07-14,4.947021007537842,24.851783752441406
2020-07-15,5.2425971031188965,26.053665161132812
2020-07-16,5.335937023162842,26.024587631225586
2020-07-17,5.2892680168151855,25.636884689331055
2020-07-20,5.180370330810547,25.21040916442871
2020-07-21,5.195927143096924,25.346107482910156
2020-07-22,5.320381164550781,25.491491317749023
2020-07-23,5.429277420043945,25.937355041503906
2020-07-24,5.351493835449219,25.443029403686523
2020-07-27,5.390385627746582,24.909940719604492
2020-07-28,5.452612400054932,25.520572662353516
2020-07-29,5.382607460021973,25.09409523010254
2020-07-30,5.2425971031188965,24.42531394958496
2020-07-31,5.141478538513184,24.124839782714844
2020-08-03,5.203705310821533,24.851783752441406
2020-08-04,5.335937023162842,25.006868362426758
2020-08-05,5.413721084594727,25.520572662353516
2020-08-06,5.390385627746582,25.80165672302246
2020-08-07,5.335937023162842,25.89858055114746
2020-08-10,5.514838218688965,27.11984634399414
2020-08-11,5.623735427856445,27.643247604370117
2020-08-12,5.530395984649658,27.16830825805664
2020-08-13,5.46816873550415,26.703065872192383
2020-08-14,5.475947856903076,27.003538131713867
2020-08-17,5.429277420043945,29.087440490722656
2020-08-18,5.359272003173828,28.92266845703125
2020-08-19,5.343715190887451,28.321727752685547
2020-08-20,5.320381164550781,27.9437198638916
2020-08-21,5.180370330810547,27.682018280029297
2020-08-24,5.429277420043945,29.378219604492188
2020-08-25,5.398163795471191,28.777278900146484
2020-08-26,5.304823875427246,28.573732376098633
2020-08-27,5.374828815460205,28.777278900146484
2020-08-28,5.398163795471191,29.097137451171875
2020-08-31,5.304823875427246,28.71912384033203
2020-09-01,5.312601566314697,28.87420654296875
2020-09-02,5.405941486358643,30.008235931396484
2020-09-03,5.304823875427246,28.573732376098633
2020-09-04,5.3670501708984375,29.07775115966797
2020-09-08,5.46816873550415,31.384586334228516
2020-09-09,5.4214982986450195,30.967805862426758
2020-09-10,5.374828815460205,29.242525100708008
2020-09-11,5.444833755493164,29.523609161376953
2020-09-14,5.538173675537109,30.221473693847656
2020-09-15,5.475947856903076,30.609176635742188
2020-09-16,5.460391044616699,30.81272315979004
2020-09-17,5.662627220153809,30.9387264251709
2020-09-18,5.623735427856445,30.531635284423828
2020-09-21,5.343715190887451,29.07775115966797
2020-09-22,5.273710250854492,28.53496551513672
2020-09-23,5.164813995361328,28.43803596496582
2020-09-24,5.180370330810547,28.215112686157227
2020-09-25,5.063696384429932,28.108489990234375
2020-09-28,5.203705310821533,28.53496551513672
2020-09-29,5.133699417114258,27.856483459472656
2020-09-30,5.180370330810547,28.68035125732422
2020-10-01,5.250375270843506,29.446069717407227
2020-10-02,5.359272003173828,29.523609161376953
2020-10-05,5.460391044616699,30.008235931396484
2020-10-06,5.429277420043945,29.4654541015625
2020-10-07,5.623735427856445,30.647951126098633
2020-10-08,5.717075824737549,31.219812393188477
2020-10-09,5.639292240142822,31.171348571777344
2020-10-12,5.965982437133789,31.219812393188477
2020-10-13,6.035987377166748,30.8902645111084
2020-10-14,5.8881988525390625,30.696413040161133
2020-10-15,5.927090167999268,31.58812713623047
2020-10-16,5.965982437133789,32.421688079833984
2020-10-19,5.903755187988281,32.324764251708984
2020-10-20,6.020430564880371,34.50559616088867
2020-10-21,6.105992317199707,34.67036819458008
2020-10-22,6.386012077331543,36.25994873046875
2020-10-23,6.34712028503418,35.697784423828125
2020-10-26,6.246002674102783,34.71883773803711
2020-10-27,6.160440444946289,33.817420959472656
2020-10-28,5.989316463470459,33.042015075683594
2020-10-29,6.144883632659912,33.817420959472656
2020-10-30,6.0126519203186035,33.46849060058594
2020-11-02,5.997095108032227,33.48787307739258
2020-11-03,6.129327774047852,34.263275146484375
2020-11-04,5.942647457122803,34.15666961669922
2020-11-05,6.214888572692871,35.99825668334961
2020-11-06,6.059321403503418,36.31810760498047
2020-11-09,6.378232479095459,37.76231384277344
2020-11-10,6.518243789672852,39.817134857177734
2020-11-11,6.47935152053833,39.3131217956543
2020-11-12,6.386012077331543,38.11123275756836
2020-11-13,6.642696380615234,39.92374038696289
2020-11-16,6.844934463500977,40.83484649658203
2020-11-17,6.806042671203613,40.6894645690918
2020-11-18,6.860490798950195,41.40671157836914
2020-11-19,6.860490798950195,41.503639221191406
2020-11-20,6.798264026641846,41.71687698364258
2020-11-23,6.891603946685791,43.393699645996094
2020-11-24,7.350525379180908,45.03174591064453
2020-11-25,7.062726974487305,44.06248474121094
2020-11-27,7.070505619049072,43.67477798461914
2020-11-30,7.062726974487305,42.49228286743164
2020-12-01,7.1871795654296875,43.306461334228516
2020-12-02,7.156067371368408,43.20954132080078
2020-12-03,7.163846015930176,42.734596252441406
2020-12-04,7.264965057373047,43.03507614135742
2020-12-07,7.171624660491943,42.947837829589844
2020-12-08,7.1949591636657715,42.45351028442383
2020-12-09,7.350525379180908,43.06414794921875
2020-12-10,7.093839645385742,41.55210494995117
2020-12-11,7.016057968139648,40.63130569458008
2020-12-14,6.930495262145996,40.34052658081055
2020-12-15,7.117176532745361,40.379302978515625
2020-12-16,7.031613349914551,40.14667510986328
2020-12-17,7.062726974487305,40.7379264831543
2020-12-18,6.961610317230225,39.74927520751953
2020-12-21,6.946053504943848,39.94313430786133
2020-12-22,6.837155342102051,39.642669677734375
2020-12-23,6.992722511291504,41.145023345947266
2020-12-24,6.891603946685791,40.301753997802734
2020-12-28,6.914938449859619,40.379302978515625
2020-12-29,6.860490798950195,40.29206466674805
2020-12-30,6.891603946685791,40.553768157958984
2020-12-31,6.837155342102051,40.35991668701172
2021-01-04,6.627140522003174,39.2646598815918
2021-01-05,6.728257656097412,40.379302978515625
2021-01-06,6.876048564910889,41.658721923828125
2021-01-07,7.047170639038086,41.988277435302734
2021-01-08,7.000499725341797,41.73626708984375
2021-01-11,7.233851432800293,43.626319885253906
2021-01-12,7.607210159301758,46.34993362426758
2021-01-13,7.607210159301758,47.231956481933594
2021-01-14,7.91056489944458,49.94587707519531
2021-01-15,7.646102428436279,48.433834075927734
2021-01-19,7.793890476226807,53.15412521362305
2021-01-20,8.447270393371582,54.142765045166016
2021-01-21,8.968419075012207,53.38674545288086
2021-01-22,8.960640907287598,53.6969108581543
2021-01-25,8.781739234924316,51.74870300292969
2021-01-26,8.703957557678223,50.44020462036133
2021-01-27,8.392822265625,47.82320785522461
2021-01-28,8.338374137878418,49.470951080322266
2021-01-29,8.190584182739258,49.12200927734375
2021-02-01,8.42393684387207,49.9265022277832
2021-02-02,8.447270393371582,51.09930419921875
2021-02-03,8.711734771728516,52.5822639465332
2021-02-04,8.843963623046875,52.4659538269043
2021-02-05,8.952863693237305,52.737342834472656
2021-02-08,8.991754531860352,55.13141632080078
2021-02-09,9.279553413391113,54.33661651611328
2021-02-10,9.147321701049805,53.19289779663086
2021-02-11,8.906192779541016,51.85532760620117
2021-02-12,8.906192779541016,51.95224380493164
2021-02-16,8.976198196411133,51.816551208496094
2021-02-17,8.929525375366211,51.264076232910156
2021-02-18,8.890634536743164,50.5565185546875
2021-02-19,9.007309913635254,50.95391082763672
2021-02-22,9.100650787353516,50.382041931152344
2021-02-23,9.038423538208008,49.538795471191406
2021-02-24,9.544015884399414,51.27376937866211
2021-02-25,9.147321701049805,49.044464111328125
2021-02-26,9.100650787353516,49.75202560424805
2021-03-01,9.31844425201416,50.92483139038086
2021-03-02,9.761810302734375,52.446571350097656
2021-03-03,9.466230392456055,51.050838470458984
2021-03-04,9.279553413391113,50.23666000366211
2021-03-05,9.544015884399414,52.09763717651367
2021-03-08,9.839591979980469,53.289825439453125
2021-03-09,9.777366638183594,52.96996307373047
2021-03-10,10.041829109191895,55.08295440673828
2021-03-11,9.964046478271484,54.598323822021484
2021-03-12,10.399632453918457,57.43824768066406
2021-03-15,10.267398834228516,56.15883255004883
2021-03-16,9.71513843536377,55.364036560058594
2021-03-17,9.870705604553223,58.2039680480957
2021-03-18,9.71513843536377,57.44794464111328
2021-03-19,9.979602813720703,57.98103332519531
2021-03-22,9.995159149169922,56.31390380859375
2021-03-23,9.497345924377441,54.43354415893555
2021-03-24,9.442896842956543,54.09430694580078
2021-03-25,9.582907676696777,54.860015869140625
2021-03-26,9.567351341247559,54.78248596191406
2021-03-29,9.450675964355469,54.220306396484375
2021-03-30,9.691805839538574,56.711299896240234
2021-03-31,9.528458595275879,55.69357681274414
2021-04-01,9.466230392456055,56.023128509521484
2021-04-05,9.878484725952148,59.16353225708008
2021-04-06,10.049607276916504,60.03585433959961
2021-04-07,9.90181827545166,58.959991455078125
2021-04-08,9.730695724487305,58.24272537231445
2021-04-09,9.730695724487305,58.310577392578125
2021-04-12,9.62957763671875,57.82594680786133
2021-04-13,9.489568710327148,56.69192123413086
2021-04-14,9.520681381225586,56.68222427368164
2021-04-15,9.520681381225586,56.808223724365234
2021-04-16,9.51290225982666,56.9051513671875
2021-04-19,9.419563293457031,56.100669860839844
2021-04-20,8.906192779541016,54.055538177490234
2021-04-21,9.123984336853027,55.72266387939453
2021-04-22,9.287330627441406,54.918174743652344
2021-04-23,9.505125045776367,55.76143264770508
2021-04-26,9.544015884399414,56.420528411865234
2021-04-27,9.71513843536377,57.15716552734375
2021-04-28,9.668469429016113,56.75008010864258
2021-04-29,8.758405685424805,54.8309440612793
2021-04-30,8.976198196411133,55.460960388183594
2021-05-03,9.046202659606934,55.39311599731445
2021-05-04,8.875081062316895,53.63875961303711
2021-05-05,9.030647277832031,55.80989456176758
2021-05-06,9.131762504577637,56.91485595703125
2021-05-07,9.193989753723145,57.176551818847656
2021-05-10,9.108428955078125,55.645118713378906
2021-05-11,9.007309913635254,54.01676559448242
2021-05-12,8.812851905822754,52.107330322265625
2021-05-13,8.983973503112793,52.921504974365234
2021-05-14,9.209546089172363,54.27846908569336
2021-05-17,9.450675964355469,54.31724166870117
2021-05-18,9.442896842956543,54.17184066772461
2021-05-19,9.419563293457031,53.82291030883789
2021-05-20,9.71513843536377,53.80352783203125
2021-05-21,10.368518829345703,54.97633361816406
2021-05-24,10.158503532409668,54.860015869140625
2021-05-25,9.964046478271484,55.01510238647461
2021-05-26,10.811882972717285,56.294525146484375
2021-05-27,11.574159622192383,57.93257141113281
2021-05-28,11.301918983459473,57.48671340942383
2021-06-01,11.519713401794434,57.816261291503906
2021-06-02,11.597496032714844,57.816261291503906
2021-06-03,12.437555313110352,61.509132385253906
2021-06-04,12.421998977661133,61.42190170288086
2021-06-07,12.351995468139648,61.286197662353516
2021-06-08,12.157535552978516,61.95499038696289
2021-06-09,12.040861129760742,60.84033966064453
2021-06-10,11.75306224822998,59.454307556152344
2021-06-11,11.885294914245605,59.59969711303711
2021-06-14,11.566380500793457,58.92121505737305
2021-06-15,11.667501449584961,58.94059753417969
2021-06-16,11.683058738708496,59.86139678955078
2021-06-17,11.488597869873047,58.23303985595703
2021-06-18,11.29414176940918,56.953617095947266
2021-06-21,11.496376037597656,57.47701644897461
2021-06-22,11.597496032714844,57.41886520385742
2021-06-23,11.994190216064453,58.27180862426758
2021-06-24,11.869738578796387,58.19427490234375
2021-06-25,11.815286636352539,58.4462776184082
2021-06-28,11.636387825012207,56.837310791015625
2021-06-29,11.675280570983887,57.02146530151367
2021-06-30,11.558605194091797,57.35100555419922
2021-07-01,11.597496032714844,57.2928581237793
2021-07-02,11.613051414489746,57.147464752197266
2021-07-06,11.278584480285645,55.69357681274414
2021-07-07,11.06856918334961,54.85032653808594
2021-07-08,10.9363374710083,54.33661651611328
2021-07-09,11.263028144836426,56.953617095947266
2021-07-12,11.364144325256348,57.15716552734375
2021-07-13,11.216357231140137,56.924537658691406
2021-07-14,11.084126472473145,56.21697998046875
2021-07-15,10.897444725036621,55.19926071166992
2021-07-16,10.58631420135498,53.75506591796875
2021-07-19,10.329627990722656,52.51441192626953
2021-07-20,10.819663047790527,54.423858642578125
2021-07-21,11.037456512451172,55.29619216918945
2021-07-22,10.819663047790527,53.929534912109375
2021-07-23,10.74965763092041,53.25105285644531
2021-07-26,10.913002967834473,54.055538177490234
2021-07-27,10.726323127746582,53.309207916259766
2021-07-28,10.780771255493164,53.78414535522461
2021-07-29,11.193023681640625,55.51911544799805
2021-07-30,10.850776672363281,55.092647552490234
2021-08-02,10.819663047790527,55.27680206298828
2021-08-03,10.905224800109863,56.100669860839844
2021-08-04,10.360740661621094,51.09930419921875
2021-08-05,10.664097785949707,52.766422271728516
2021-08-06,10.734100341796875,53.35767364501953
2021-08-09,10.695208549499512,52.2914924621582
2021-08-10,10.74965763092041,52.591957092285156
2021-08-11,10.835220336914062,52.601654052734375
2021-08-12,10.811882972717285,52.94089126586914
2021-08-13,10.570755958557129,52.00071334838867
2021-08-16,10.469636917114258,51.322227478027344
2021-08-17,10.10405445098877,48.91846466064453
2021-08-18,10.111834526062012,49.2770881652832
2021-08-19,9.855151176452637,47.571197509765625
2021-08-20,9.777366638183594,47.29981231689453
2021-08-23,9.90181827545166,46.69887161254883
2021-08-24,10.174059867858887,48.046138763427734
2021-08-25,10.24406623840332,48.17213821411133
2021-08-26,10.034050941467285,47.12533187866211
2021-08-27,10.352962493896484,48.269065856933594
2021-08-30,10.150725364685059,47.65842819213867
2021-08-31,10.135169982910156,47.50334930419922
2021-09-01,10.197396278381348,47.60027313232422
2021-09-02,10.119612693786621,47.4451904296875
2021-09-03,10.026272773742676,47.319190979003906
2021-09-07,10.072941780090332,47.222267150878906
2021-09-08,10.135169982910156,47.464576721191406
2021-09-09,9.925152778625488,46.931480407714844
2021-09-10,9.862927436828613,47.96860122680664
2021-09-13,10.10405445098877,49.25770950317383
2021-09-14,10.002936363220215,49.18016815185547
2021-09-15,10.282957077026367,50.22697067260742
2021-09-16,10.422967910766602,49.93619155883789
2021-09-17,10.539642333984375,49.75202560424805
2021-09-20,9.971824645996094,47.8522834777832
2021-09-21,9.93293285369873,47.8522834777832
2021-09-22,10.290735244750977,49.21894073486328
2021-09-23,10.664097785949707,50.32389450073242
2021-09-24,10.718544006347656,50.62436294555664
2021-09-27,11.014120101928711,51.60331344604492
2021-09-28,11.130796432495117,51.225303649902344
2021-09-29,11.123019218444824,51.30283737182617
2021-09-30,11.014120101928711,51.08960723876953
2021-10-01,11.014120101928711,51.49669647216797
2021-10-04,11.161910057067871,52.320556640625
2021-10-05,11.115239143371582,52.66950225830078
2021-10-06,10.983006477355957,52.2721061706543
2021-10-07,11.581940650939941,54.70494079589844
2021-10-08,11.760841369628906,56.76945495605469
2021-10-11,11.737505912780762,56.30421829223633
2021-10-12,12.165314674377441,57.147464752197266
2021-10-13,12.06419563293457,55.99405288696289
2021-10-14,12.017525672912598,55.9165153503418
2021-10-15,12.211984634399414,56.21697998046875
2021-10-18,12.10308837890625,55.1411018371582
2021-10-19,11.994190216064453,55.102333068847656
2021-10-20,12.476447105407715,55.89712142944336
2021-10-21,12.873140335083008,56.614383697509766
2021-10-22,12.663128852844238,55.99405288696289
2021-10-25,12.445334434509277,55.98435974121094
2021-10-26,12.398662567138672,55.606346130371094
2021-10-27,12.06419563293457,52.591957092285156
2021-10-28,13.114270210266113,52.572574615478516
2021-10-29,13.285392761230469,52.75672912597656
2021-11-01,13.962111473083496,53.78414535522461
2021-11-02,14.008779525756836,53.88106918334961
2021-11-03,14.491035461425781,54.27846908569336
2021-11-04,15.1055269241333,56.837310791015625
2021-11-05,15.004404067993164,56.72100067138672
2021-11-08,15.67333984375,57.76778793334961
2021-11-09,15.65001392364502,56.81792068481445
2021-11-10,15.058855056762695,57.44794464111328
2021-11-11,15.20664119720459,59.91954040527344
2021-11-12,15.167750358581543,61.450984954833984
2021-11-15,15.447772979736328,61.03419876098633
2021-11-16,15.39332103729248,60.68526840209961
2021-11-17,15.525553703308105,62.623775482177734
2021-11-18,15.291027069091797,60.41387176513672
2021-11-19,15.15813159942627,59.90016174316406
2021-11-22,16.01024055480957,62.09067916870117
2021-11-23,15.791350364685059,61.11174011230469
2021-11-24,15.830437660217285,60.278175354003906
2021-11-26,15.43956470489502,58.320274353027344
2021-11-29,15.377020835876465,58.019805908203125
2021-11-30,15.001782417297363,56.09097671508789
2021-12-01,15.30666446685791,56.27513885498047
2021-12-02,15.53337287902832,59.14414596557617
2021-12-03,14.962692260742188,57.874412536621094
2021-12-06,15.025235176086426,58.000423431396484
2021-12-07,15.603728294372559,59.63846969604492
2021-12-08,15.486464500427246,58.91151809692383
2021-12-09,15.298846244812012,57.78718185424805
2021-12-10,16.768535614013672,61.26681900024414
2021-12-13,15.971150398254395,57.3122444152832
2021-12-14,15.674086570739746,56.60468292236328
2021-12-15,15.783533096313477,56.808223724365234
2021-12-16,15.908613204956055,56.594993591308594
2021-12-17,15.4552001953125,53.46428298950195
2021-12-20,15.181586265563965,52.378719329833984
2021-12-21,15.33011531829834,53.10567092895508
2021-12-22,15.744441986083984,54.35601043701172
2021-12-23,15.830437660217285,55.160491943359375
2021-12-27,16.26039695739746,55.66451644897461
2021-12-28,16.229129791259766,55.35434341430664
2021-12-29,16.07278060913086,55.47065353393555
2021-12-30,16.002422332763672,56.342987060546875
2021-12-31,16.23694610595703,56.82762145996094
2022-01-03,17.01869773864746,59.289527893066406
2022-01-04,19.00434112548828,63.719032287597656
2022-01-05,18.496204376220703,60.81127166748047
2022-01-06,19.12160301208496,60.93727493286133
2022-01-07,19.105972290039062,60.35572052001953
2022-01-10,18.644739151000977,59.19260025024414
2022-01-11,19.035612106323242,59.57061767578125
2022-01-12,19.129419326782227,59.153839111328125
2022-01-13,19.559385299682617,59.871089935302734
2022-01-14,19.69228172302246,59.22168731689453
2022-01-18,19.05906105041504,56.982696533203125
2022-01-19,17.550289154052734,54.511085510253906
2022-01-20,16.924890518188477,52.96996307373047
2022-01-21,16.143136978149414,51.642086029052734
2022-01-24,15.939878463745117,51.02176284790039
2022-01-25,15.619362831115723,50.304508209228516
2022-01-26,15.564641952514648,50.74067687988281
2022-01-27,15.283210754394531,49.86834716796875
2022-01-28,15.35393238067627,48.69553756713867
2022-01-31,15.9511137008667,51.10898971557617
2022-02-01,16.233991622924805,52.407798767089844
2022-02-02,16.210420608520508,51.85532760620117
2022-02-03,15.628949165344238,51.47731399536133
2022-02-04,14.11241626739502,49.713260650634766
2022-02-07,14.057412147521973,49.151092529296875
2022-02-08,13.923830032348633,47.93951416015625
2022-02-09,14.418866157531738,49.160789489746094
2022-02-10,14.206707000732422,48.792457580566406
2022-02-11,13.790249824523926,47.328880310058594
2022-02-14,13.71953010559082,46.91210174560547
2022-02-15,14.206707000732422,48.14305877685547
2022-02-16,14.151702880859375,48.879703521728516
2022-02-17,13.782393455505371,47.319190979003906
2022-02-18,14.175278663635254,47.105953216552734
2022-02-22,13.585952758789062,45.332210540771484
2022-02-23,13.318790435791016,44.95420837402344
2022-02-24,13.475942611694336,44.92512130737305
2022-02-25,14.01026439666748,45.971923828125
2022-02-28,13.798107147216797,45.28375244140625
2022-03-01,13.122347831726074,43.15138626098633
2022-03-02,14.222423553466797,44.89604187011719
2022-03-03,13.829541206359863,43.51969528198242
2022-03-04,13.240211486816406,41.0965576171875
2022-03-07,12.548735618591309,38.605560302734375
2022-03-08,12.595880508422852,38.96418380737305
2022-03-09,12.863042831420898,40.98024368286133
2022-03-10,12.831609725952148,40.5634651184082
2022-03-11,12.603739738464355,40.23391342163086
2022-03-14,12.36800765991211,39.57481384277344
2022-03-15,12.619454383850098,40.83484649658203
2022-03-16,13.028051376342773,42.50197982788086
2022-03-17,13.028051376342773,42.31782150268555
2022-03-18,13.24807071685791,43.44216537475586
2022-03-21,12.949479103088379,42.26935958862305
2022-03-22,13.428796768188477,43.190155029296875
2022-03-23,13.106630325317383,42.43412780761719
2022-03-24,13.224494934082031,42.986602783203125
2022-03-25,12.941617965698242,42.30813217163086
2022-03-28,13.098774909973145,42.86061096191406
2022-03-29,13.947403907775879,44.837886810302734
2022-03-30,13.570234298706055,43.82986068725586
2022-03-31,13.287357330322266,42.39536666870117
2022-04-01,13.083057403564453,41.63933563232422
2022-04-04,13.090914726257324,41.85258102416992
2022-04-05,12.430869102478027,40.14667510986328
2022-04-06,12.092989921569824,38.285701751708984
2022-04-07,11.755109786987305,37.529685974121094
2022-04-08,11.825827598571777,38.140316009521484
2022-04-11,12.00655460357666,39.090187072753906
2022-04-12,12.069416046142578,38.80910873413086
2022-04-13,12.187281608581543,38.98357009887695
2022-04-14,12.16370677947998,38.896331787109375
2022-04-18,12.313004493713379,39.38096237182617
2022-04-19,12.69017505645752,40.7863883972168
2022-04-20,12.61159610748291,40.43745422363281
2022-04-21,12.336577415466309,39.458499908447266
2022-04-22,11.888689994812012,38.61525344848633
2022-04-25,12.015249252319336,38.59587097167969
2022-04-26,11.63556957244873,36.87059020996094
2022-04-27,11.746309280395508,37.471527099609375
2022-04-28,11.56437873840332,37.55876159667969
2022-04-29,11.200520515441895,36.74457931518555
2022-05-02,11.287531852722168,37.267982482910156
2022-05-03,11.516921043395996,38.71217727661133
2022-05-04,11.849137306213379,39.90436935424805
2022-05-05,11.49319076538086,38.72187423706055
2022-05-06,11.240072250366211,38.36324691772461
2022-05-09,10.575634002685547,37.08382034301758
2022-05-10,10.559814453125,37.51029968261719
2022-05-11,10.1484956741333,36.1242561340332
2022-05-12,9.840005874633789,34.466827392578125
2022-05-13,10.678464889526367,37.03535461425781
2022-05-16,10.322514533996582,35.9594841003418
2022-05-17,10.702193260192871,36.92874526977539
2022-05-18,10.1089448928833,34.72853088378906
2022-05-19,10.164315223693848,35.009613037109375
2022-05-20,9.88746452331543,34.311744689941406
2022-05-23,10.1484956741333,34.89329147338867
2022-05-24,9.824186325073242,34.12759017944336
2022-05-25,10.053574562072754,34.87392044067383
2022-05-26,10.377882957458496,36.2696418762207
2022-05-27,10.781291961669922,37.38429641723633
2022-05-31,10.820842742919922,37.490909576416016
2022-06-01,10.718011856079102,37.09352111816406
2022-06-02,10.986950874328613,37.67506408691406
2022-06-03,10.678464889526367,36.45380401611328
2022-06-06,10.646822929382324,36.66704559326172
2022-06-07,10.868303298950195,37.19043731689453
2022-06-08,10.702193260192871,36.53134536743164
2022-06-09,10.504444122314453,35.523319244384766
2022-06-10,10.085214614868164,33.93373107910156
2022-06-13,9.341678619384766,31.287656784057617
2022-06-14,9.650166511535645,32.179378509521484
2022-06-15,9.705535888671875,33.12924575805664
2022-06-16,8.89871883392334,30.454097747802734
2022-06-17,8.882898330688477,30.899953842163086
2022-06-21,9.064827919006348,31.636592864990234
2022-06-22,9.080648422241211,31.820755004882812
2022-06-23,9.143928527832031,31.975831985473633
2022-06-24,9.499878883361816,33.74958038330078
2022-06-27,9.523609161376953,33.5654182434082
2022-06-28,9.341678619384766,32.945091247558594
2022-06-29,9.112290382385254,32.421688079833984
2022-06-30,8.803799629211426,30.78364372253418
2022-07-01,8.954089164733887,31.200429916381836
2022-07-05,8.85916805267334,31.374889373779297
2022-07-06,8.748430252075195,30.3087100982666
2022-07-07,9.215118408203125,31.655975341796875
2022-07-08,9.191387176513672,31.316736221313477
2022-07-11,8.930356979370117,29.921005249023438
2022-07-12,9.143928527832031,30.56071662902832
2022-07-13,9.104379653930664,30.744874954223633
2022-07-14,9.009459495544434,30.61887550354004
2022-07-15,9.397047996520996,31.859516143798828
2022-07-18,9.4603271484375,31.617210388183594
2022-07-19,9.95865535736084,33.34248352050781
2022-07-20,10.069392204284668,33.69142150878906
2022-07-21,10.282965660095215,34.050045013427734
2022-07-22,10.140585899353027,33.604190826416016
2022-07-25,10.156404495239258,33.458797454833984
2022-07-26,9.91910457611084,32.3150749206543
2022-07-27,10.433253288269043,33.61388397216797
2022-07-28,11.073960304260254,34.64129638671875
2022-07-29,11.619750022888184,35.145301818847656
2022-08-01,12.133898735046387,35.63962936401367
2022-08-02,11.991517066955566,35.01930236816406
2022-08-03,12.410745620727539,36.163028717041016
2022-08-04,12.157628059387207,35.1162223815918
2022-08-05,12.10225772857666,34.95145797729492
2022-08-08,12.48193645477295,36.40534591674805
2022-08-09,12.015249252319336,35.49424362182617
2022-08-10,12.382736206054688,36.783348083496094
2022-08-11,12.646368980407715,37.27767562866211
2022-08-12,12.925978660583496,38.26631546020508
2022-08-15,13.037822723388672,38.18877410888672
2022-08-16,13.125699996948242,37.7913818359375
2022-08-17,12.806146621704102,37.21952438354492
2022-08-18,12.902010917663574,37.529685974121094
2022-08-19,12.686312675476074,38.47956085205078
2022-08-22,12.04720401763916,37.36491012573242
2022-08-23,12.238936424255371,37.374595642089844
2022-08-24,12.398714065551758,38.043392181396484
2022-08-25,12.72625732421875,39.14834213256836
2022-08-26,12.310836791992188,38.02400207519531
2022-08-29,12.438658714294434,38.29539108276367
2022-08-30,12.342791557312012,38.013675689697266
2022-08-31,12.17502498626709,37.119911193847656
2022-09-01,12.135082244873047,37.45992660522461
2022-09-02,12.111113548278809,37.372501373291016
2022-09-06,12.007259368896484,37.605648040771484
2022-09-07,12.326814651489258,38.9657096862793
2022-09-08,12.358769416809082,39.344581604003906
2022-09-09,12.318824768066406,40.11204528808594
2022-09-12,12.414692878723145,40.850364685058594
2022-09-13,11.775581359863281,39.37372970581055
2022-09-14,11.711671829223633,39.46115493774414
2022-09-15,11.895416259765625,39.50001907348633
2022-09-16,11.759605407714844,38.829708099365234
2022-09-19,11.927371978759766,40.20920181274414
2022-09-20,10.457419395446777,37.94567108154297
2022-09-21,10.425464630126953,36.60504150390625
2022-09-22,10.201777458190918,36.3135986328125
2022-09-23,9.834288597106934,34.46780014038086
2022-09-26,9.578644752502441,34.04035568237305
2022-09-27,9.514734268188477,33.719764709472656
2022-09-28,9.730433464050293,34.24436569213867
2022-09-29,9.163226127624512,32.311134338378906
2022-09-30,8.947525978088379,31.174514770507812
2022-10-03,9.163226127624512,31.932254791259766
2022-10-04,9.87423324584961,34.77866744995117
2022-10-05,9.99406623840332,33.8460578918457
2022-10-06,9.87423324584961,33.642051696777344
2022-10-07,9.74641227722168,32.660858154296875
2022-10-10,9.075345993041992,31.368810653686523
2022-10-11,9.235125541687012,31.174514770507812
2022-10-12,9.219147682189941,31.281375885009766
2022-10-13,9.4028902053833,31.82539176940918
2022-10-14,9.32300090789795,31.95168685913086
2022-10-17,9.450822830200195,32.6122932434082
2022-10-18,9.610600471496582,33.27289581298828
2022-10-19,9.690488815307617,32.67058181762695
2022-10-20,9.4028902053833,32.486000061035156
2022-10-21,9.738421440124512,34.00149917602539
2022-10-24,9.970100402832031,34.700958251953125
2022-10-25,10.249710083007812,35.95415115356445
2022-10-26,10.241721153259277,36.779903411865234
2022-10-27,10.385519981384277,37.07134246826172
2022-10-28,10.593231201171875,37.741661071777344
2022-10-31,10.681110382080078,38.1302490234375
2022-11-01,10.70507526397705,38.227394104003906
2022-11-02,10.433453559875488,37.42107391357422
2022-11-03,10.593231201171875,37.411346435546875
2022-11-04,10.792952537536621,37.88737869262695
2022-11-07,10.944740295410156,38.266258239746094
2022-11-08,10.960719108581543,37.935951232910156
2022-11-09,10.63317584991455,36.97419738769531
2022-11-10,11.328207015991211,38.60626983642578
2022-11-11,11.583849906921387,39.946895599365234
2022-11-14,11.349750518798828,38.79084396362305
2022-11-15,11.543487548828125,39.09200668334961
2022-11-16,11.220592498779297,37.372501373291016
2022-11-17,11.228665351867676,37.53764724731445
2022-11-18,11.293243408203125,38.63541793823242
2022-11-21,11.260954856872559,38.392547607421875
2022-11-22,11.357823371887207,38.829708099365234
2022-11-23,11.325532913208008,38.9657096862793
2022-11-25,11.365896224975586,39.305728912353516
2022-11-28,11.083362579345703,38.25654220581055
2022-11-29,11.099506378173828,38.61598587036133
2022-11-30,11.220592498779297,39.40287780761719
2022-12-01,11.365896224975586,39.36392593383789
2022-12-02,11.188302993774414,38.847904205322266
2022-12-05,10.800829887390137,37.767173767089844
2022-12-06,10.72010612487793,37.01747512817383
2022-12-07,10.57480239868164,36.95906448364258
2022-12-08,10.590948104858398,37.19273376464844
2022-12-09,10.639382362365723,37.2706184387207
2022-12-12,10.865409851074219,37.4750862121582
2022-12-13,10.954204559326172,37.74769592285156
2022-12-14,10.881552696228027,37.3485107421875
2022-12-15,10.51829719543457,36.62802505493164
2022-12-16,9.783711433410645,35.19679260253906
2022-12-19,9.436600685119629,34.48603820800781
2022-12-20,9.259008407592773,34.2718391418457
2022-12-21,9.50925064086914,34.9533805847168
2022-12-22,9.12984848022461,32.6458740234375
2022-12-23,9.170209884643555,32.937965393066406
2022-12-27,9.041053771972656,32.44140625
2022-12-28,8.83924388885498,31.6722354888916
2022-12-29,9.31551456451416,32.78217697143555
2022-12-30,9.388164520263672,32.752967834472656
2023-01-03,9.42852783203125,32.928226470947266
2023-01-04,9.694915771484375,33.7752799987793
2023-01-05,9.888650894165039,34.077117919921875
2023-01-06,10.15503978729248,34.963111877441406
2023-01-09,10.24383544921875,34.97285079956055
2023-01-10,10.364922523498535,36.1314697265625
2023-01-11,10.671670913696289,36.8227424621582
2023-01-12,10.841192245483398,37.319305419921875
2023-01-13,10.268054008483887,35.54728698730469
2023-01-17,10.227691650390625,35.6446533203125
2023-01-18,10.017810821533203,35.4791374206543
2023-01-19,9.832144737243652,34.78786087036133
2023-01-20,10.009737014770508,34.417877197265625
2023-01-23,10.332633018493652,35.4791374206543
2023-01-24,10.284197807312012,35.2454719543457
2023-01-25,10.32456111907959,35.362308502197266
2023-01-26,10.4295015335083,35.51808547973633
2023-01-27,10.712034225463867,36.94932174682617
2023-01-30,10.405285835266113,35.333099365234375
2023-01-31,10.905770301818848,38.28319549560547
2023-02-01,11.131797790527344,38.26372146606445
2023-02-02,11.559633255004883,40.40571594238281
2023-02-03,10.679744720458984,40.045467376708984
2023-02-06,10.607094764709473,40.249935150146484
2023-02-07,10.857336044311523,40.308353424072266
2023-02-08,10.833120346069336,40.4738655090332
2023-02-09,10.889626502990723,40.53229522705078
2023-02-10,10.923949241638184,40.259666442871094
2023-02-13,11.23287582397461,40.912010192871094
2023-02-14,11.129900932312012,41.311187744140625
2023-02-15,11.095574378967285,41.81748580932617
2023-02-16,11.078413963317871,41.963523864746094
2023-02-17,11.061250686645508,42.03167724609375
2023-02-21,10.469143867492676,40.045467376708984
2023-02-22,10.477725982666016,39.811798095703125
2023-02-23,10.357586860656738,38.21504211425781
2023-02-24,10.19454288482666,38.146888732910156
2023-02-27,10.349006652832031,38.27346420288086
2023-02-28,10.357586860656738,37.71849822998047
2023-03-01,10.572120666503906,37.69902420043945
2023-03-02,10.769489288330078,38.577335357666016
2023-03-03,11.224295616149902,40.02165985107422
2023-03-06,11.138480186462402,39.47515106201172
2023-03-07,11.009763717651367,38.78226852416992
2023-03-08,11.138480186462402,38.80179214477539
2023-03-09,10.683675765991211,36.90854263305664
2023-03-10,10.383331298828125,35.63987731933594
2023-03-13,10.323262214660645,34.8981819152832
2023-03-14,10.237448692321777,34.742042541503906
2023-03-15,10.048660278320312,33.50265121459961
2023-03-16,10.143054962158203,33.77589797973633
2023-03-17,9.696830749511719,32.57554244995117
2023-03-20,9.593855857849121,32.80976104736328
2023-03-21,10.057242393493652,34.25409698486328
2023-03-22,9.85129165649414,33.229393005371094
2023-03-23,9.7998046875,32.9268684387207
2023-03-24,9.877036094665527,32.897586822509766
2023-03-27,9.885618209838867,33.6197624206543
2023-03-28,9.954266548156738,33.39529800415039
2023-03-29,10.340426445007324,34.839630126953125
2023-03-30,10.54637622833252,35.122642517089844
2023-03-31,10.812396049499512,35.796016693115234
2023-04-03,10.881046295166016,35.395896911621094
2023-04-04,10.915369987487793,34.87866973876953
2023-04-05,10.66651439666748,34.24433135986328
2023-04-06,10.580700874328613,33.756385803222656
2023-04-10,10.915369987487793,34.86891174316406
2023-04-11,11.044087409973145,34.55662536621094
2023-04-12,10.872464179992676,33.78566360473633
2023-04-13,10.692256927490234,33.69782638549805
2023-04-14,10.743743896484375,33.65879440307617
2023-04-17,10.881046295166016,34.29312515258789
2023-04-18,10.923949241638184,34.47855758666992
2023-04-19,10.486306190490723,33.74662780761719
2023-04-20,10.18596076965332,32.731693267822266
2023-04-21,10.134474754333496,32.7414436340332
2023-04-24,10.434819221496582,33.4636116027832
2023-04-25,10.226296424865723,32.11687469482422
2023-04-26,10.02646255493164,31.44350242614746
2023-04-27,10.0872802734375,31.93145179748535
2023-04-28,10.321868896484375,32.24374771118164
2023-05-01,10.478261947631836,32.673133850097656
2023-05-02,10.252360343933105,32.282779693603516
2023-05-03,10.243672370910645,31.697227478027344
2023-05-04,10.043838500976562,30.92627716064453
2023-05-05,10.417442321777344,32.458431243896484
2023-05-08,10.44350814819336,32.84879684448242
2023-05-09,10.304492950439453,32.47795486450195
2023-05-10,10.330557823181152,32.282779693603516
2023-05-11,10.313179969787598,32.32181167602539
2023-05-12,10.139411926269531,31.61916160583496
2023-05-15,10.113347053527832,31.589885711669922
2023-05-16,9.774496078491211,30.779891967773438
2023-05-17,9.991707801818848,31.65819549560547
2023-05-18,10.113347053527832,32.10711669921875
2023-05-19,10.122034072875977,31.87289810180664
2023-05-22,10.104657173156738,32.068077087402344
2023-05-23,10.19154167175293,32.61457824707031
2023-05-24,9.84400463104248,31.502052307128906
2023-05-25,9.887447357177734,31.628921508789062
2023-05-26,10.504327774047852,32.48772048950195
2023-05-30,10.938749313354492,32.556026458740234
2023-05-31,10.426131248474121,31.628921508789062
2023-06-01,10.521702766418457,32.31395721435547
2023-06-02,10.764979362487793,33.5470085144043
2023-06-05,10.938749313354492,33.40022277832031
2023-06-06,11.23415470123291,34.486480712890625
2023-06-07,11.80759334564209,35.445533752441406
2023-06-08,11.798904418945312,35.083438873291016
2023-06-09,11.937918663024902,35.455318450927734
2023-06-12,11.972673416137695,35.88591003417969
2023-06-13,12.276769638061523,36.8449592590332
2023-06-14,12.337586402893066,36.5611572265625
2023-06-15,12.554798126220703,37.21682357788086
2023-06-16,12.528733253479004,37.1483268737793
2023-06-20,12.354963302612305,36.522003173828125
2023-06-21,12.181197166442871,36.2186393737793
2023-06-22,12.328898429870605,35.876121520996094
2023-06-23,12.181197166442871,35.40638732910156
2023-06-26,12.259389877319336,35.91526794433594
2023-06-27,12.520045280456543,36.67859649658203
2023-06-28,12.85020637512207,37.37340545654297
2023-06-29,12.989221572875977,37.38319396972656
2023-06-30,13.145612716674805,37.735496520996094
2023-07-03,13.241185188293457,38.12694549560547
2023-07-05,13.336758613586426,38.57710647583008
2023-07-06,13.01528549194336,38.61625289916992
2023-07-07,13.01528549194336,38.76304626464844
2023-07-10,13.09348201751709,38.792396545410156
2023-07-11,13.232497215270996,39.11534881591797
2023-07-12,13.223808288574219,39.54594039916992
2023-07-13,13.19774341583252,39.63401794433594
2023-07-14,13.01528549194336,39.14470672607422
2023-07-17,12.242013931274414,37.92143630981445
2023-07-18,12.311521530151367,38.293312072753906
2023-07-19,12.250703811645508,38.39116668701172
2023-07-20,12.189882278442383,38.420528411865234
2023-07-21,12.10300064086914,37.725711822509766
2023-07-24,12.261094093322754,38.45967102050781
2023-07-25,11.927338600158691,37.10918045043945
2023-07-26,12.006385803222656,37.47127151489258
2023-07-27,12.059082984924316,38.1367301940918
2023-07-28,11.646284103393555,37.23640060424805
2023-07-31,11.602367401123047,37.549556732177734
2023-08-01,11.786810874938965,37.304901123046875
2023-08-02,11.453057289123535,36.590511322021484
2023-08-03,11.505754470825195,36.13056564331055
2023-08-04,11.321311950683594,35.78804397583008
2023-08-07,11.365224838256836,36.29692840576172
2023-08-08,11.312527656555176,36.052276611328125
2023-08-09,11.180782318115234,35.48467254638672
2023-08-10,10.680150985717773,33.42958068847656
2023-08-11,10.662585258483887,33.165348052978516
2023-08-14,10.715282440185547,33.34150314331055
2023-08-15,10.522055625915527,32.58796691894531
2023-08-16,10.3727445602417,32.11823272705078
2023-08-17,10.39030933380127,32.21609115600586
2023-08-18,10.50448989868164,32.41181564331055
2023-08-21,10.513273239135742,32.55860900878906
2023-08-22,10.425443649291992,32.22588348388672
2023-08-23,10.50448989868164,32.8424072265625
2023-08-24,10.320046424865723,32.176944732666016
2023-08-25,10.460576057434082,32.24544906616211
2023-08-28,10.451791763305664,32.41181564331055
2023-08-29,10.583538055419922,32.74454116821289
2023-08-30,10.565970420837402,32.67604446411133
2023-08-31,10.653800964355469,32.88210678100586
2023-09-01,10.662585258483887,32.91155242919922
2023-09-05,10.618669509887695,32.65641784667969
2023-09-06,10.601102828979492,32.205039978027344
2023-09-07,10.50448989868164,31.9597225189209
2023-09-08,10.803112030029297,32.33259582519531
2023-09-11,10.73284912109375,32.008785247802734
2023-09-12,10.934858322143555,32.842857360839844
2023-09-13,11.101736068725586,33.029296875
2023-09-14,11.084169387817383,33.029296875
2023-09-15,11.075386047363281,33.31386947631836
2023-09-18,10.838245391845703,32.715293884277344
2023-09-19,11.031471252441406,33.32366943359375
2023-09-20,10.855810165405273,32.577919006347656
2023-09-21,10.715282440185547,32.09709930419922
2023-09-22,10.917292594909668,31.969539642333984
2023-09-25,11.04903793334961,32.4405403137207
2023-09-26,10.917292594909668,31.65553092956543
2023-09-27,10.882160186767578,31.743844985961914
2023-09-28,11.031471252441406,32.538665771484375
2023-09-29,10.90850830078125,32.352230072021484
2023-10-02,10.811896324157715,31.861595153808594
2023-10-03,10.601102828979492,30.792020797729492
2023-10-04,10.530839920043945,30.458389282226562
2023-10-05,10.451791763305664,29.7420711517334
2023-10-06,10.539623260498047,30.321012496948242
2023-10-09,10.601102828979492,30.409326553344727
2023-10-10,10.715282440185547,30.890146255493164
2023-10-11,10.759197235107422,30.399517059326172
2023-10-12,10.539623260498047,29.751882553100586
2023-10-13,10.3727445602417,29.104248046875
2023-10-16,10.478142738342285,29.496753692626953
2023-10-17,10.574753761291504,29.76169204711914
2023-10-18,10.320046424865723,28.9276180267334
2023-10-19,10.12682056427002,28.780431747436523
2023-10-20,10.223434448242188,29.104248046875
2023-10-23,10.082904815673828,28.6724910736084
2023-10-24,10.003859519958496,28.02486228942871
2023-10-25,10.135602951049805,28.4664249420166
2023-10-26,9.968727111816406,28.015045166015625
2023-10-27,8.747885704040527,26.70996856689453
2023-10-30,8.581009864807129,26.84734535217285
2023-10-31,8.696969032287598,27.671602249145508
2023-11-01,8.83968734741211,27.475351333618164
2023-11-02,9.044848442077637,28.26036262512207
2023-11-03,9.419486045837402,29.212188720703125
2023-11-06,9.196488380432129,28.564552307128906
2023-11-07,9.071608543395996,27.877670288085938
2023-11-08,8.964568138122559,27.043596267700195
2023-11-09,8.652368545532227,26.15064811706543
2023-11-10,8.795088768005371,26.346899032592773
2023-11-13,8.759407997131348,26.395963668823242
2023-11-14,9.276766777038574,27.671602249145508
2023-11-15,9.33920669555664,27.612728118896484
2023-11-16,9.062687873840332,26.96509552001953
2023-11-17,9.160807609558105,27.504791259765625
2023-11-20,9.223247528076172,27.98560905456543
2023-11-21,9.089446067810059,27.377227783203125
2023-11-22,9.151886940002441,27.57347869873047
2023-11-24,9.276766777038574,27.651981353759766
2023-11-27,9.223247528076172,27.96598243713379
2023-11-28,9.250006675720215,28.348676681518555
2023-11-29,9.446247100830078,31.007898330688477
2023-11-30,9.151886940002441,31.096466064453125
2023-12-01,9.437326431274414,31.8443546295166
2023-12-04,9.544364929199219,32.54303741455078
2023-12-05,9.45516586303711,32.15925216674805
2023-12-06,9.535445213317871,32.385589599609375
2023-12-07,9.651406288146973,32.97602081298828
2023-12-08,9.820884704589844,33.21220397949219
2023-12-11,9.87440299987793,33.0449104309082
2023-12-12,9.954684257507324,32.8874626159668
2023-12-13,10.026043891906738,33.44838333129883
2023-12-14,10.775321960449219,35.67237091064453
2023-12-15,10.721802711486816,35.1606559753418
2023-12-18,10.641523361206055,34.87527084350586
2023-12-19,10.721802711486816,35.29841995239258
2023-12-20,10.525562286376953,34.9047966003418
2023-12-21,11.007240295410156,35.67237091064453
2023-12-22,11.01616096496582,35.44602966308594
2023-12-26,11.105360984802246,35.55428695678711
2023-12-27,11.051840782165527,35.50507736206055
2023-12-28,11.007240295410156,35.623165130615234
2023-12-29,10.873440742492676,35.34762191772461
2024-01-02,10.846681594848633,35.47555160522461
2024-01-03,10.445282936096191,34.707977294921875
2024-01-04,10.418522834777832,34.924476623535156
2024-01-05,10.570162773132324,35.41651153564453
2024-01-08,10.677202224731445,36.115196228027344
2024-01-09,10.561241149902344,35.95774459838867
2024-01-10,10.552321434020996,35.73141098022461
2024-01-11,10.445282936096191,35.288578033447266
2024-01-12,10.222283363342285,34.698143005371094
2024-01-16,10.222283363342285,34.82606506347656
2024-01-17,10.052804946899414,34.45212173461914
2024-01-18,9.803045272827148,34.02897644042969
2024-01-19,9.990365028381348,34.944156646728516
2024-01-22,9.990365028381348,34.75718307495117
2024-01-23,10.142003059387207,34.668617248535156
2024-01-24,9.838725090026855,34.14706802368164
2024-01-25,10.11524486541748,34.59973907470703
2024-01-26,10.159845352172852,34.619415283203125
2024-01-29,10.302563667297363,34.82606506347656
2024-01-30,10.507720947265625,37.542091369628906
2024-01-31,10.454202651977539,38.181732177734375
2024-02-01,10.79316234588623,38.2506103515625
2024-02-02,10.828841209411621,38.28997802734375
2024-02-05,10.33824348449707,37.187828063964844
2024-02-06,10.766401290893555,37.42399978637695
2024-02-07,11.417559623718262,38.10300827026367
2024-02-08,11.444318771362305,38.03412628173828
2024-02-09,11.31052017211914,37.945556640625
2024-02-12,11.578119277954102,38.65408706665039
2024-02-13,11.31052017211914,37.69953536987305
2024-02-14,11.203479766845703,37.758583068847656
2024-02-15,11.469139099121094,38.36870574951172
2024-02-16,11.267603874206543,38.08332824707031
2024-02-20,11.2218017578125,38.38838577270508
2024-02-21,11.121034622192383,38.86073684692383
2024-02-22,11.10271167755127,38.71312713623047
2024-02-23,11.121034622192383,38.998504638671875
2024-02-26,10.946980476379395,39.15595626831055
2024-02-27,10.99278450012207,39.53974533081055
2024-02-28,11.267603874206543,39.98257827758789
2024-02-29,11.395853996276855,40.446449279785156
2024-03-01,11.405014038085938,40.456321716308594
2024-03-04,11.670672416687012,40.39710235595703
2024-03-05,11.524103164672852,40.12075424194336
2024-03-06,11.340889930725098,39.627262115478516
2024-03-07,11.368371963500977,38.837669372558594
2024-03-08,11.157676696777344,38.985721588134766
2024-03-11,11.093552589416504,39.01532745361328
2024-03-12,11.093552589416504,38.699493408203125
2024-03-13,11.331729888916016,39.7358283996582
2024-03-14,11.066070556640625,38.867286682128906
2024-03-15,11.047748565673828,40.16022872924805
2024-03-18,11.157676696777344,40.288536071777344
2024-03-19,11.267603874206543,40.969547271728516
2024-03-20,11.817243576049805,42.29210662841797
2024-03-21,11.835565567016602,42.85468292236328
2024-03-22,11.82640552520752,42.49937057495117
2024-03-25,11.817243576049805,42.982994079589844
2024-03-26,11.395853996276855,43.42713165283203
2024-03-27,11.963815689086914,44.00945281982422
2024-03-28,12.165348052978516,44.75955581665039
2024-04-01,12.174509048461914,44.80890655517578
2024-04-02,12.165348052978516,44.305545806884766
2024-04-03,12.504292488098145,44.5818977355957
2024-04-04,12.101224899291992,43.111297607421875
2024-04-05,12.165348052978516,43.654136657714844
2024-04-08,12.284436225891113,43.7627067565918
2024-04-09,12.403525352478027,44.14763259887695
2024-04-10,11.963815689086914,43.367916107177734
2024-04-11,11.9454927444458,43.26921463012695
2024-04-12,11.55158519744873,42.51911544799805
2024-04-15,11.203478813171387,42.134185791015625
2024-04-16,11.075230598449707,42.10457992553711
2024-04-17,11.029428482055664,41.90718460083008
2024-04-18,11.047748565673828,41.88744354248047
2024-04-19,11.121034622192383,41.818355560302734
2024-04-22,11.798922538757324,42.64741516113281
2024-04-23,11.853885650634766,44.51280975341797
2024-04-24,11.86304759979248,44.493072509765625
2024-04-25,11.9454927444458,45.026039123535156
2024-04-26,11.716477394104004,45.24317932128906
2024-04-29,11.67983341217041,45.44057083129883
2024-04-30,11.130193710327148,43.950233459472656
2024-05-01,11.175997734069824,43.891014099121094
2024-05-02,11.441657066345215,44.088409423828125
2024-05-03,11.386693954467773,44.27593231201172
2024-05-06,11.450818061828613,44.473331451416016
2024-05-07,11.283923149108887,44.690467834472656
2024-05-08,11.265378952026367,44.463462829589844
2024-05-09,11.246835708618164,44.76942825317383
2024-05-10,11.117029190063477,44.62137985229492
2024-05-13,11.43227481842041,44.5818977355957
2024-05-14,11.534265518188477,44.443721771240234
2024-05-15,11.41373062133789,44.897735595703125
2024-05-16,11.478633880615234,45.27278518676758
2024-05-17,11.38591480255127,45.164215087890625
2024-05-20,11.265378952026367,44.52267837524414
2024-05-21,11.265378952026367,44.33515167236328
2024-05-22,11.154115676879883,43.39752197265625
2024-05-23,11.228292465209961,43.16064453125
2024-05-24,11.274651527404785,43.535701751708984
2024-05-28,10.82960033416748,42.52898025512695
2024-05-29,10.718338012695312,42.0848388671875
2024-05-30,10.913046836853027,42.844810485839844
2024-05-31,11.246835708618164,44.40424728393555
2024-06-03,11.302468299865723,45.14447784423828
2024-06-04,11.154115676879883,44.670719146728516
2024-06-05,11.191204071044922,45.026039123535156
2024-06-06,11.191204071044922,45.01617431640625
2024-06-07,11.265378952026367,45.243778228759766
2024-06-10,11.478633880615234,47.07450485229492
2024-06-11,11.228292465209961,47.70783615112305
2024-06-12,11.20047664642334,48.351070404052734
2024-06-13,11.07066822052002,47.1536750793457
2024-06-14,10.857415199279785,46.2828369140625
2024-06-17,10.987222671508789,46.906280517578125
2024-06-18,10.922317504882812,46.945858001708984
2024-06-20,11.07066822052002,47.272422790527344
2024-06-21,10.977950096130371,47.22294235229492
2024-06-24,11.339553833007812,47.60887908935547
2024-06-25,11.209748268127441,45.92658615112305
2024-06-26,11.228292465209961,45.29325866699219
2024-06-27,11.339553833007812,45.10523223876953
2024-06-28,11.626984596252441,45.97606658935547
2024-07-01,11.83096694946289,46.19377899169922
2024-07-02,11.932957649230957,46.46096420288086
2024-07-03,11.932957649230957,46.22346496582031
2024-07-05,11.905142784118652,46.03544235229492
2024-07-08,12.03494930267334,46.06513214111328
2024-07-09,11.960773468017578,45.77814865112305
2024-07-10,12.211114883422852,46.04533767700195
2024-07-11,12.489273071289062,47.430755615234375
2024-07-12,13.008500099182129,48.499507904052734
2024-07-15,13.193939208984375,48.78648376464844
2024-07-16,13.342288970947266,49.251590728759766
2024-07-17,13.425736427307129,49.3802375793457
2024-07-18,13.490639686584473,49.132843017578125
2024-07-19,12.962140083312988,47.796905517578125
2024-07-22,13.091947555541992,49.04378128051758
2024-07-23,12.8230619430542,45.89690017700195
2024-07-24,12.674711227416992,46.00575637817383
2024-07-25,10.34745979309082,43.67033767700195
2024-07-26,10.375275611877441,43.66044235229492
2024-07-29,10.208380699157715,43.690128326416016
2024-07-30,10.050758361816406,43.76929473876953
2024-07-31,10.032215118408203,43.85835647583008
2024-08-01,9.9116792678833,42.91824722290039
2024-08-02,9.29973316192627,40.74116897583008
2024-08-05,9.003031730651855,39.53387451171875
2024-08-06,9.067935943603516,40.1870002746582
2024-08-07,9.199764251708984,40.22658920288086
2024-08-08,9.538752555847168,42.28491973876953
2024-08-09,9.510503768920898,43.0271110534668
2024-08-12,9.284510612487793,42.54221725463867
2024-08-13,9.548169136047363,42.8687744140625
2024-08-14,9.585834503173828,43.15575408935547
2024-08-15,9.849492073059082,44.392730712890625
2024-08-16,9.896573066711426,44.84794235229492
2024-08-19,10.094316482543945,45.283355712890625
2024-08-20,10.05665111541748,45.50106430053711
2024-08-21,10.216729164123535,46.07502746582031
2024-08-22,10.28264331817627,45.97606658935547
2024-08-23,10.612215995788574,48.0640869140625
2024-08-26,10.461553573608398,48.24221420288086
2024-08-27,10.489802360534668,48.73701095581055
2024-08-28,10.395638465881348,48.53908920288086
2024-08-29,10.461553573608398,48.95471954345703
2024-08-30,10.536883354187012,49.2614860534668
2024-09-03,10.339140892028809,47.90575408935547
2024-09-04,10.310891151428223,47.94533920288086
2024-09-05,10.141397476196289,47.64846420288086
2024-09-06,9.962488174438477,46.765533447265625
2024-09-09,10.03781795501709,47.023468017578125
2024-09-10,9.717662811279297,44.463966369628906
2024-09-11,9.840075492858887,44.31515121459961
2024-09-12,10.000152587890625,45.75363540649414
2024-09-13,10.06606674194336,45.93220520019531
2024-09-16,10.169647216796875,46.4976806640625
2024-09-17,10.263809204101562,47.14251708984375
2024-09-18,10.339140892028809,48.27345657348633
2024-09-19,10.28264331817627,48.2337760925293
2024-09-20,10.244976997375488,48.4917106628418
2024-09-23,10.273226737976074,47.65838623046875
2024-09-24,10.23556137084961,47.68814468383789
2024-09-25,9.8118257522583,45.366729736328125
2024-09-26,10.05665111541748,45.44609832763672
2024-09-27,10.150813102722168,46.110774993896484
2024-09-30,9.943655014038086,44.483802795410156
2024-10-01,10.122565269470215,44.52349090576172
2024-10-02,9.86832332611084,44.463966369628906
2024-10-03,9.840075492858887,44.62269592285156
2024-10-04,9.953071594238281,45.317134857177734
2024-10-07,9.877739906311035,45.61474609375
2024-10-08,9.877739906311035,45.644508361816406
2024-10-09,10.000152587890625,47.549259185791016
2024-10-10,10.05665111541748,47.311161041259766
2024-10-11,10.094316482543945,47.48973083496094
2024-10-14,10.28264331817627,48.24369812011719
2024-10-15,10.20731258392334,47.46989059448242
2024-10-16,10.386222839355469,48.62067794799805
2024-10-17,10.423887252807617,48.98774337768555
2024-10-18,10.45213794708252,48.789329528808594
2024-10-21,10.244976997375488,48.54131317138672
2024-10-22,10.461553573608398,53.30318832397461
2024-10-23,10.414471626281738,52.49961471557617
2024-10-24,10.583965301513672,52.30120849609375
2024-10-25,10.423887252807617,51.6563720703125
2024-10-28,10.706377983093262,52.311126708984375
2024-10-29,9.802410125732422,51.13058090209961
2024-10-30,9.858907699584961,51.55716323852539
2024-10-31,9.689414024353027,50.356773376464844
2024-11-01,9.623499870300293,50.55519104003906
2024-11-04,9.755327224731445,51.38851547241211
2024-11-05,9.98132038116455,53.27342224121094
2024-11-06,10.536883354187012,54.61269760131836
2024-11-07,10.460529327392578,54.94999694824219
2024-11-08,10.470074653625488,55.13848876953125
2024-11-11,10.718225479125977,57.20196533203125
2024-11-12,10.59415054321289,56.953948974609375
2024-11-13,10.59415054321289,57.25156784057617
2024-11-14,10.565516471862793,57.16228103637695
2024-11-15,10.508251190185547,56.586891174316406
2024-11-18,10.699137687683105,55.80316925048828
2024-11-19,10.546428680419922,54.67222213745117
2024-11-20,10.241010665893555,54.43412780761719
2024-11-21,10.307822227478027,55.237693786621094
2024-11-22,10.670504570007324,58.0650520324707
2024-11-25,10.880477905273438,59.7217903137207
2024-11-26,10.59415054321289,54.354766845703125
2024-11-27,10.59415054321289,55.05912399291992
2024-11-29,10.622782707214355,55.14841079711914
2024-12-02,10.479618072509766,54.602779388427734
2024-12-03,10.326910018920898,53.233741760253906
2024-12-04,10.250555992126465,52.936126708984375
2024-12-05,9.964226722717285,52.965885162353516
2024-12-06,10.031038284301758,53.10508728027344
2024-12-09,10.116936683654785,52.40908432006836
2024-12-10,10.07875919342041,52.43891525268555
2024-12-11,9.93559455871582,51.7429084777832
2024-12-12,9.91650676727295,52.00142288208008
2024-12-13,9.91650676727295,52.23011016845703
2024-12-16,9.534734725952148,51.941768646240234
2024-12-17,9.515645980834961,50.85799026489258
2024-12-18,9.248406410217285,49.704612731933594
2024-12-19,9.296127319335938,50.0526123046875
2024-12-20,9.42974853515625,51.514225006103516
2024-12-23,9.448836326599121,52.25994110107422
2024-12-24,9.56336784362793,53.20451354980469
2024-12-26,9.611088752746582,53.870689392089844
2024-12-27,9.572911262512207,53.97011947631836
2024-12-30,9.42974853515625,53.353660583496094
