Date,HII,GD
2015-01-02,92.10983276367188,109.41446685791016
2015-01-05,90.72706604003906,107.1305923461914
2015-01-06,94.06050109863281,107.25701141357422
2015-01-07,93.8958969116211,106.84607696533203
2015-01-08,96.9083251953125,109.42237854003906
2015-01-09,95.37742614746094,109.82539367675781
2015-01-12,95.06465911865234,108.97981262207031
2015-01-13,94.58724975585938,108.89287567138672
2015-01-14,93.4432144165039,109.03579711914062
2015-01-15,92.87527465820312,109.32156372070312
2015-01-16,95.18812561035156,110.40121459960938
2015-01-20,94.48025512695312,109.62319946289062
2015-01-21,95.40213012695312,110.2583236694336
2015-01-22,98.2746353149414,112.10005187988281
2015-01-23,98.44744110107422,112.18739318847656
2015-01-26,98.37339782714844,111.1871109008789
2015-01-27,97.9865493774414,108.91670227050781
2015-01-28,97.4844741821289,108.28160858154297
2015-01-29,97.52562713623047,106.7574234008789
2015-01-30,95.97003936767578,105.74922180175781
2015-02-02,97.13056945800781,108.0593490600586
2015-02-03,99.73149108886719,110.30595397949219
2015-02-04,99.476318359375,109.97250366210938
2015-02-05,99.45983123779297,110.09954071044922
2015-02-06,100.17594146728516,110.57586669921875
2015-02-09,98.12646484375,108.71033477783203
2015-02-10,99.1717758178711,109.67880249023438
2015-02-11,100.38993072509766,108.92461395263672
2015-02-12,102.14305877685547,109.67085266113281
2015-02-13,102.98258972167969,109.24217224121094
2015-02-17,103.30360412597656,109.59147644042969
2015-02-18,105.69051361083984,110.07574462890625
2015-02-19,109.4683837890625,110.75050354003906
2015-02-20,113.32857513427734,112.9177017211914
2015-02-23,117.2134780883789,112.13973236083984
2015-02-24,114.9582748413086,112.47315216064453
2015-02-25,116.93364715576172,111.2506332397461
2015-02-26,117.40277862548828,110.68699645996094
2015-02-27,116.32457733154297,110.17097473144531
2015-03-02,118.15177154541016,110.9807357788086
2015-03-03,117.03238677978516,108.82937622070312
2015-03-04,117.96510314941406,108.16251373291016
2015-03-05,116.28129577636719,108.305419921875
2015-03-06,113.13658905029297,106.85269165039062
2015-03-09,114.96892547607422,107.90052795410156
2015-03-10,113.35118865966797,105.3364028930664
2015-03-11,114.65528106689453,105.02681732177734
2015-03-12,116.0914535522461,106.1143798828125
2015-03-13,115.00193786621094,104.93952178955078
2015-03-16,115.08448791503906,107.14640045166016
2015-03-17,115.85213470458984,106.47956848144531
2015-03-18,116.77653503417969,108.0593490600586
2015-03-19,116.65274047851562,107.39250183105469
2015-03-20,118.08895111083984,107.49567413330078
2015-03-23,117.39559936523438,107.86882019042969
2015-03-24,117.4038314819336,107.32901763916016
2015-03-25,113.9041976928711,106.18582916259766
2015-03-26,114.15180206298828,106.79712677001953
2015-03-27,113.59878540039062,107.20195007324219
2015-03-30,117.13143157958984,109.16275024414062
2015-03-31,115.67877197265625,107.74972534179688
2015-04-01,116.07499694824219,106.36048126220703
2015-04-02,115.09274291992188,106.16201782226562
2015-04-06,116.69400787353516,107.57508087158203
2015-04-07,116.7270278930664,107.17021179199219
2015-04-08,116.23178100585938,107.9123306274414
2015-04-09,115.83560180664062,108.34320831298828
2015-04-10,117.20574951171875,108.4469223022461
2015-04-13,115.76130676269531,107.53729248046875
2015-04-14,114.72956848144531,106.20472717285156
2015-04-15,115.33209991455078,105.80575561523438
2015-04-16,116.01719665527344,106.24463653564453
2015-04-17,113.4914779663086,104.74452209472656
2015-04-20,114.03623962402344,106.34834289550781
2015-04-21,114.90291595458984,106.23664855957031
2015-04-22,115.35682678222656,106.69147491455078
2015-04-23,114.73783874511719,105.96536254882812
2015-04-24,115.19181060791016,107.00263977050781
2015-04-27,114.00321960449219,106.57177734375
2015-04-28,113.26039123535156,106.50794982910156
2015-04-29,112.82293701171875,110.53749084472656
2015-04-30,108.61339569091797,109.57200622558594
2015-05-01,110.56961059570312,111.8221206665039
2015-05-04,111.97279357910156,112.18920135498047
2015-05-05,110.49532318115234,110.0986328125
2015-05-06,110.37976837158203,109.8193588256836
2015-05-07,101.96075439453125,110.35395050048828
2015-05-08,98.01537322998047,113.03499603271484
2015-05-11,99.83123016357422,111.88597869873047
2015-05-12,99.60011291503906,111.25564575195312
2015-05-13,101.18487548828125,110.9284896850586
2015-05-14,102.47248840332031,112.46050262451172
2015-05-15,101.44075012207031,111.79821014404297
2015-05-18,101.93597412109375,111.93389892578125
2015-05-19,99.45154571533203,111.75035095214844
2015-05-20,100.8051986694336,111.67054748535156
2015-05-21,101.63059997558594,112.40463256835938
2015-05-22,101.40773010253906,111.4231948852539
2015-05-26,100.97028350830078,110.10663604736328
2015-05-27,102.60993957519531,112.15730285644531
2015-05-28,102.19586944580078,112.03762817382812
2015-05-29,102.67616271972656,111.838134765625
2015-06-01,100.80464935302734,111.90990447998047
2015-06-02,100.97026062011719,112.18920135498047
2015-06-03,100.84603881835938,112.25304412841797
2015-06-04,98.85860443115234,110.89657592773438
2015-06-05,99.09874725341797,111.08806610107422
2015-06-08,98.46941375732422,110.3858871459961
2015-06-09,97.25211334228516,110.65717315673828
2015-06-10,98.33692169189453,112.93925476074219
2015-06-11,98.15471649169922,113.50579071044922
2015-06-12,97.82347106933594,113.3462142944336
2015-06-15,96.6393051147461,113.32225799560547
2015-06-16,96.77180480957031,114.28777313232422
2015-06-17,97.3680191040039,115.30113983154297
2015-06-18,97.69926452636719,116.49007415771484
2015-06-19,97.25211334228516,115.77192687988281
2015-06-22,97.73240661621094,115.99536895751953
2015-06-23,98.7923812866211,115.99536895751953
2015-06-24,96.28323364257812,116.11502075195312
2015-06-25,96.21696472167969,115.00589752197266
2015-06-26,95.09903717041016,116.29057312011719
2015-06-29,93.119873046875,113.17864990234375
2015-06-30,93.23580169677734,113.61165618896484
2015-07-01,94.22953033447266,114.79835510253906
2015-07-02,93.6333236694336,114.78231048583984
2015-07-06,93.79064178466797,114.93461608886719
2015-07-07,94.66844940185547,115.18321990966797
2015-07-08,92.68926239013672,114.06867980957031
2015-07-09,93.23580169677734,115.36766815185547
2015-07-10,94.54422760009766,117.147705078125
2015-07-13,96.23352813720703,117.2519760131836
2015-07-14,96.97882843017578,117.84532928466797
2015-07-15,95.8443374633789,118.06979370117188
2015-07-16,97.37631225585938,119.03201293945312
2015-07-17,96.57305908203125,119.19239044189453
2015-07-20,96.20042419433594,119.48104858398438
2015-07-21,95.61248016357422,117.300048828125
2015-07-22,94.98311614990234,116.44207763671875
2015-07-23,95.09903717041016,116.10533905029297
2015-07-24,92.78036499023438,114.35734558105469
2015-07-27,92.95427703857422,114.18894958496094
2015-07-28,95.11560821533203,115.69642639160156
2015-07-29,97.28524017333984,120.24280548095703
2015-07-30,96.56477355957031,120.4993667602539
2015-07-31,97.22724151611328,119.56124114990234
2015-08-03,95.83609008789062,119.35275268554688
2015-08-04,96.01820373535156,119.31265258789062
2015-08-05,96.98711395263672,120.13057708740234
2015-08-06,101.24353790283203,119.84185791015625
2015-08-07,95.90229797363281,120.05033874511719
2015-08-10,99.82749938964844,121.8464584350586
2015-08-11,98.52738952636719,120.75597381591797
2015-08-12,97.45915222167969,120.58757781982422
2015-08-13,97.03680419921875,120.7079086303711
2015-08-14,98.70954132080078,121.56578063964844
2015-08-17,99.47969818115234,122.5600357055664
2015-08-18,99.81095123291016,122.90486145019531
2015-08-19,97.97251892089844,122.47985076904297
2015-08-20,93.39315795898438,119.41691589355469
2015-08-21,91.14900970458984,116.40196228027344
2015-08-24,88.90485382080078,112.9060287475586
2015-08-25,86.84288787841797,111.32642364501953
2015-08-26,90.93274688720703,115.50395202636719
2015-08-27,94.04169464111328,116.40196228027344
2015-08-28,94.4074478149414,115.88886260986328
2015-08-31,93.58451080322266,113.88428497314453
2015-09-01,89.40319061279297,111.36650848388672
2015-09-02,94.98101043701172,114.2209701538086
2015-09-03,94.756591796875,114.99081420898438
2015-09-04,93.60942077636719,113.20269775390625
2015-09-08,96.42744445800781,115.77661895751953
2015-09-09,95.42158508300781,114.237060546875
2015-09-10,95.78736114501953,112.82585144042969
2015-09-11,96.04505920410156,113.76396942138672
2015-09-14,95.62943267822266,112.77767944335938
2015-09-15,96.67683410644531,113.69181823730469
2015-09-16,96.75994873046875,113.73191833496094
2015-09-17,95.82891845703125,113.50737762451172
2015-09-18,92.76984405517578,111.64715576171875
2015-09-21,92.1297836303711,112.03199005126953
2015-09-22,90.61685943603516,110.61274719238281
2015-09-23,89.14549255371094,109.5062255859375
2015-09-24,89.01250457763672,111.06181335449219
2015-09-25,87.8819580078125,110.66890716552734
2015-09-28,86.43558502197266,108.33555603027344
2015-09-29,87.57439422607422,108.72046661376953
2015-09-30,89.07069396972656,110.61274719238281
2015-10-01,87.90691375732422,110.79721069335938
2015-10-02,88.89612579345703,111.5589599609375
2015-10-05,90.02666473388672,115.56011199951172
2015-10-06,90.02666473388672,112.78577423095703
2015-10-07,91.6226806640625,113.0999984741211
2015-10-08,92.66178894042969,114.34898376464844
2015-10-09,94.3575668334961,115.00166320800781
2015-10-12,93.01091766357422,115.78328704833984
2015-10-13,91.040771484375,114.18778991699219
2015-10-14,90.28433227539062,112.40701293945312
2015-10-15,90.02666473388672,113.84935760498047
2015-10-16,88.3142318725586,114.17975616455078
2015-10-19,86.97586822509766,113.8171615600586
2015-10-20,87.46633911132812,113.8171615600586
2015-10-21,87.48296356201172,115.29975128173828
2015-10-22,88.67167663574219,118.6518783569336
2015-10-23,90.38410949707031,119.48182678222656
2015-10-26,89.4780044555664,119.37706756591797
2015-10-27,91.5478515625,119.57853698730469
2015-10-28,93.69257354736328,121.49626922607422
2015-10-29,94.61526489257812,120.84358215332031
2015-10-30,99.70264434814453,119.72354125976562
2015-11-02,100.65029907226562,119.83634185791016
2015-11-03,101.10749053955078,118.58737182617188
2015-11-04,100.06009674072266,118.676025390625
2015-11-05,108.17327880859375,118.50685119628906
2015-11-06,107.23397064208984,117.58016204833984
2015-11-09,106.05358123779297,116.26673126220703
2015-11-10,106.53569793701172,115.98470306396484
2015-11-11,108.5473861694336,115.47708129882812
2015-11-12,106.39437866210938,114.30060577392578
2015-11-13,105.97875213623047,113.29341125488281
2015-11-16,109.27059173583984,115.45292663574219
2015-11-17,109.51994323730469,115.1225357055664
2015-11-18,109.25394439697266,115.79940795898438
2015-11-19,111.45681762695312,116.99999237060547
2015-11-20,111.82257080078125,117.2417221069336
2015-11-23,111.11599731445312,116.50849914550781
2015-11-24,111.68338012695312,117.26592254638672
2015-11-25,110.39006805419922,116.98388671875
2015-11-27,110.78223419189453,117.29009246826172
2015-11-30,109.23860168457031,118.01532745361328
2015-12-01,111.59992218017578,118.93390655517578
2015-12-02,109.48060607910156,117.12090301513672
2015-12-03,108.55439758300781,114.38927459716797
2015-12-04,111.04090118408203,115.90410614013672
2015-12-07,110.58200073242188,115.29975128173828
2015-12-08,108.95494079589844,114.4214859008789
2015-12-09,107.3529052734375,112.94688415527344
2015-12-10,107.20269012451172,112.80989837646484
2015-12-11,105.61732482910156,111.06941223144531
2015-12-14,105.47551727294922,112.1572265625
2015-12-15,105.93441772460938,111.23057556152344
2015-12-16,107.27777862548828,112.51985931396484
2015-12-17,105.95945739746094,111.3272705078125
2015-12-18,104.67449188232422,110.15890502929688
2015-12-21,106.1764144897461,111.27086639404297
2015-12-22,106.59358215332031,112.76158142089844
2015-12-23,107.15262603759766,112.72125244140625
2015-12-24,108.01205444335938,112.68097686767578
2015-12-28,107.04417419433594,112.47956085205078
2015-12-29,108.03707885742188,113.0838851928711
2015-12-30,106.50182342529297,112.2136459350586
2015-12-31,105.84264373779297,110.68266296386719
2016-01-04,103.64817810058594,109.6432113647461
2016-01-05,105.9844970703125,110.10249328613281
2016-01-06,106.3599624633789,108.99049377441406
2016-01-07,104.20722198486328,105.396728515625
2016-01-08,106.15138244628906,104.9051742553711
2016-01-11,105.52555084228516,105.79151153564453
2016-01-12,107.65328216552734,106.75846862792969
2016-01-13,102.55513000488281,104.53096008300781
2016-01-14,104.265625,104.52289581298828
2016-01-15,103.17257690429688,102.05235290527344
2016-01-19,101.62895202636719,103.17826080322266
2016-01-20,101.77915954589844,100.58625793457031
2016-01-21,101.30354309082031,100.69967651367188
2016-01-22,102.51339721679688,102.36014556884766
2016-01-25,101.67903137207031,100.92646026611328
2016-01-26,104.11544036865234,103.17826080322266
2016-01-27,101.9293212890625,104.49044799804688
2016-01-28,102.17132568359375,104.20697021484375
2016-01-29,106.7020492553711,108.35418701171875
2016-02-01,105.73414611816406,108.23267364501953
2016-02-02,103.94857025146484,108.1597900390625
2016-02-03,104.82467651367188,108.37039947509766
2016-02-04,105.09169006347656,109.63400268554688
2016-02-05,104.61605834960938,108.7024917602539
2016-02-08,104.44084167480469,107.13105773925781
2016-02-09,104.6828384399414,107.0257568359375
2016-02-10,108.00371551513672,107.78717041015625
2016-02-11,107.1609878540039,104.1502456665039
2016-02-12,109.55567932128906,105.44628143310547
2016-02-16,112.09224700927734,106.5235824584961
2016-02-17,112.526123046875,109.37477111816406
2016-02-18,110.9908218383789,109.39099884033203
2016-02-19,110.98249053955078,109.56108856201172
2016-02-22,112.25074768066406,110.6626968383789
2016-02-23,110.87403106689453,110.08757781982422
2016-02-24,110.85733032226562,109.4719467163086
2016-02-25,111.80020904541016,111.16490936279297
2016-02-26,111.43309020996094,111.05960083007812
2016-02-29,109.35542297363281,110.37921142578125
2016-03-01,110.81562042236328,111.97488403320312
2016-03-02,110.1120834350586,109.84459686279297
2016-03-03,111.84578704833984,109.94986724853516
2016-03-04,112.07191467285156,109.5772933959961
2016-03-07,110.79048919677734,107.18778991699219
2016-03-08,108.94786834716797,106.43447875976562
2016-03-09,110.28792572021484,106.84757232666016
2016-03-10,110.5057144165039,108.19221496582031
2016-03-11,112.28131866455078,109.77165222167969
2016-03-14,111.06685638427734,108.71057891845703
2016-03-15,112.5074691772461,107.96540069580078
2016-03-16,113.4120101928711,108.5323715209961
2016-03-17,115.22944641113281,108.6376953125
2016-03-18,116.01679992675781,109.7149887084961
2016-03-21,115.44721984863281,109.17227172851562
2016-03-22,115.23786163330078,109.54491424560547
2016-03-23,115.90787506103516,108.79971313476562
2016-03-24,115.02009582519531,104.55524444580078
2016-03-28,114.78556060791016,105.96466064453125
2016-03-29,115.73197937011719,106.80709838867188
2016-03-30,115.9665298461914,106.70176696777344
2016-03-31,114.6934585571289,106.41019439697266
2016-04-01,115.12898254394531,107.19589233398438
2016-04-04,115.49745178222656,106.66938018798828
2016-04-05,115.03685760498047,105.98087310791016
2016-04-06,117.8342056274414,107.3170166015625
2016-04-07,116.36852264404297,107.04817962646484
2016-04-08,116.77056121826172,108.2865982055664
2016-04-11,116.49414825439453,107.46366119384766
2016-04-12,118.35348510742188,108.80799865722656
2016-04-13,119.8862075805664,109.43539428710938
2016-04-14,120.2882308959961,108.8243179321289
2016-04-15,119.74385833740234,109.83457946777344
2016-04-18,120.56463623046875,111.04036712646484
2016-04-19,121.0001220703125,111.36627197265625
2016-04-20,120.65674591064453,111.38255310058594
2016-04-21,120.39712524414062,112.2054672241211
2016-04-22,120.77401733398438,112.35210418701172
2016-04-25,119.7773666381836,111.44774627685547
2016-04-26,120.92478942871094,113.0120620727539
2016-04-27,122.63337707519531,117.00428771972656
2016-04-28,121.57809448242188,115.00814056396484
2016-04-29,121.25143432617188,114.48675537109375
2016-05-02,122.25650024414062,115.55403137207031
2016-05-03,122.23971557617188,115.96953582763672
2016-05-04,121.55291748046875,115.22811126708984
2016-05-05,126.57823944091797,115.85547637939453
2016-05-06,129.98703002929688,116.86576843261719
2016-05-09,129.2835235595703,116.4828109741211
2016-05-10,130.79942321777344,118.71520233154297
2016-05-11,128.70553588867188,118.10418701171875
2016-05-12,128.6636505126953,118.38932037353516
2016-05-13,127.50790405273438,117.62344360351562
2016-05-16,129.20811462402344,118.43820190429688
2016-05-17,128.9149627685547,118.13671112060547
2016-05-18,129.2583465576172,117.57461547851562
2016-05-19,129.01547241210938,116.98792266845703
2016-05-20,129.41749572753906,117.82711029052734
2016-05-23,129.08242797851562,115.8962173461914
2016-05-24,126.9383316040039,116.47466278076172
2016-05-25,127.5770263671875,116.4828109741211
2016-05-26,129.59376525878906,116.36876678466797
2016-05-27,129.971923828125,116.61320495605469
2016-05-31,128.91310119628906,115.58660125732422
2016-06-01,131.61048889160156,115.2607421875
2016-06-02,131.71136474609375,114.16898345947266
2016-06-03,132.42562866210938,114.25041198730469
2016-06-06,133.1230926513672,114.34007263183594
2016-06-07,132.87103271484375,114.92666625976562
2016-06-08,136.78684997558594,115.27704620361328
2016-06-09,137.6019744873047,115.67620086669922
2016-06-10,137.10618591308594,115.3095932006836
2016-06-13,134.03067016601562,113.33792114257812
2016-06-14,133.85415649414062,113.59867858886719
2016-06-15,134.24911499023438,114.15267181396484
2016-06-16,133.820556640625,113.86752319335938
2016-06-17,134.24072265625,113.24015045166016
2016-06-20,134.98016357421875,114.81260681152344
2016-06-21,135.543212890625,113.58233642578125
2016-06-22,136.13143920898438,113.07722473144531
2016-06-23,136.97174072265625,113.8838119506836
2016-06-24,135.05580139160156,110.91816711425781
2016-06-27,133.69456481933594,108.40876007080078
2016-06-28,135.16506958007812,109.12574768066406
2016-06-29,138.19021606445312,111.13323974609375
2016-06-30,141.19854736328125,114.09123229980469
2016-07-01,141.4506378173828,115.81194305419922
2016-07-05,143.10609436035156,113.41117858886719
2016-07-06,144.87074279785156,114.6238021850586
2016-07-07,143.97161865234375,113.64057159423828
2016-07-08,144.97157287597656,115.10726928710938
2016-07-11,146.09759521484375,115.68905639648438
2016-07-12,145.4925537109375,115.97581481933594
2016-07-13,145.5009765625,116.1314926147461
2016-07-14,144.50938415527344,116.81159210205078
2016-07-15,144.2068634033203,116.42645263671875
2016-07-18,143.13124084472656,115.53335571289062
2016-07-19,142.3665771484375,117.42613220214844
2016-07-20,142.57666015625,118.43394470214844
2016-07-21,141.86239624023438,117.05742645263672
2016-07-22,142.12294006347656,117.80304718017578
2016-07-25,141.6018524169922,117.7620849609375
2016-07-26,143.54302978515625,118.40937042236328
2016-07-27,144.13125610351562,120.14649963378906
2016-07-28,145.0051727294922,120.53162384033203
2016-07-29,145.02195739746094,120.35956573486328
2016-08-01,145.1564483642578,122.16217803955078
2016-08-02,145.03878784179688,121.44930267333984
2016-08-03,146.2908477783203,121.11334991455078
2016-08-04,145.19845581054688,120.75284576416016
2016-08-05,142.83714294433594,121.998291015625
2016-08-08,140.97164916992188,121.35919189453125
2016-08-09,142.24891662597656,121.736083984375
2016-08-10,140.24893188476562,124.11231231689453
2016-08-11,141.06410217285156,123.9730453491211
2016-08-12,140.16497802734375,124.11231231689453
2016-08-15,142.24891662597656,125.69371795654297
2016-08-16,138.8540496826172,124.8743667602539
2016-08-17,139.39190673828125,125.34138488769531
2016-08-18,140.7027587890625,124.89891815185547
2016-08-19,140.98004150390625,124.85797119140625
2016-08-22,141.55990600585938,124.72683715820312
2016-08-23,140.6607666015625,124.66946411132812
2016-08-24,140.44163513183594,124.78423309326172
2016-08-25,140.54273986816406,125.10375213623047
2016-08-26,139.79261779785156,124.20248413085938
2016-08-29,140.74505615234375,125.21849060058594
2016-08-30,139.4217529296875,125.00543212890625
2016-08-31,139.21102905273438,124.72683715820312
2016-09-01,139.87689208984375,125.23485565185547
2016-09-02,140.50904846191406,126.0296859741211
2016-09-06,140.78720092773438,126.70158386230469
2016-09-07,140.29830932617188,125.4560775756836
2016-09-08,140.40782165527344,124.8743667602539
2016-09-09,137.31466674804688,122.8340835571289
2016-09-12,138.29237365722656,124.39092254638672
2016-09-13,135.6121368408203,123.39945983886719
2016-09-14,134.4069366455078,122.76849365234375
2016-09-15,134.7608642578125,124.67769622802734
2016-09-16,131.78570556640625,123.52234649658203
2016-09-19,130.36129760742188,124.68589782714844
2016-09-20,125.67511749267578,124.43186950683594
2016-09-21,126.4674072265625,125.44792938232422
2016-09-22,129.82188415527344,126.88998413085938
2016-09-23,129.34144592285156,126.0296859741211
2016-09-26,130.23486328125,126.07882690429688
2016-09-27,129.67019653320312,127.23411560058594
2016-09-28,130.47927856445312,127.83235931396484
2016-09-29,128.5576171875,127.50457763671875
2016-09-30,129.30772399902344,127.13583374023438
2016-10-03,129.3920135498047,126.76709747314453
2016-10-04,129.6280517578125,125.81661987304688
2016-10-05,130.3191375732422,126.58245849609375
2016-10-06,131.5328826904297,126.92828369140625
2016-10-07,130.8754119873047,125.95660400390625
2016-10-10,131.72666931152344,125.8989486694336
2016-10-11,129.91456604003906,123.18977355957031
2016-10-12,131.4317169189453,123.5191421508789
2016-10-13,131.13673400878906,124.35084533691406
2016-10-14,131.9879150390625,124.62261199951172
2016-10-17,134.23829650878906,123.91443634033203
2016-10-18,135.3424530029297,125.06729125976562
2016-10-19,134.0697784423828,124.68849182128906
2016-10-20,132.48521423339844,124.1038589477539
2016-10-21,131.21253967285156,123.66740417480469
2016-10-24,131.4654083251953,124.70498657226562
2016-10-25,131.9879150390625,125.65193939208984
2016-10-26,134.25518798828125,124.4579086303711
2016-10-27,134.12034606933594,123.626220703125
2016-10-28,134.91258239746094,124.75440979003906
2016-10-31,135.99984741210938,124.1285171508789
2016-11-01,136.17686462402344,123.50270080566406
2016-11-02,134.828369140625,123.2474136352539
2016-11-03,125.36324310302734,123.54388427734375
2016-11-04,123.68598937988281,123.36270904541016
2016-11-07,125.53181457519531,125.48726654052734
2016-11-08,126.77923583984375,126.63188934326172
2016-11-09,141.25070190429688,133.47486877441406
2016-11-10,145.7261505126953,137.114501953125
2016-11-11,147.16746520996094,138.79434204101562
2016-11-14,149.13966369628906,140.1448974609375
2016-11-15,144.33547973632812,138.35794067382812
2016-11-16,146.97352600097656,136.56280517578125
2016-11-17,149.10594177246094,136.38987731933594
2016-11-18,148.4401092529297,137.20504760742188
2016-11-21,148.50750732421875,138.6954803466797
2016-11-22,151.31529235839844,140.1366424560547
2016-11-23,150.30047607421875,140.44131469726562
2016-11-25,152.90525817871094,141.7012176513672
2016-11-28,152.2455596923828,142.18704223632812
2016-11-29,152.6938018798828,144.21275329589844
2016-11-30,151.18003845214844,144.39390563964844
2016-12-01,151.62820434570312,145.25851440429688
2016-12-02,152.94757080078125,147.12779235839844
2016-12-05,155.01954650878906,147.00428771972656
2016-12-06,155.50152587890625,146.6501922607422
2016-12-07,155.56077575683594,146.93014526367188
2016-12-08,153.24349975585938,143.010498046875
2016-12-09,153.4972686767578,144.4268798828125
2016-12-12,150.7063751220703,143.06817626953125
2016-12-13,149.30252075195312,143.53753662109375
2016-12-14,149.04029846191406,143.06817626953125
2016-12-15,151.9664764404297,143.38104248046875
2016-12-16,154.25839233398438,143.61985778808594
2016-12-19,155.78916931152344,143.80101013183594
2016-12-20,158.9605712890625,144.31982421875
2016-12-21,156.3303985595703,143.36460876464844
2016-12-22,158.9098358154297,143.71865844726562
2016-12-23,158.1571502685547,144.31163024902344
2016-12-27,156.83779907226562,143.75987243652344
2016-12-28,155.70455932617188,142.5
2016-12-29,156.16122436523438,142.63169860839844
2016-12-30,155.77223205566406,142.17880249023438
2017-01-03,159.8823699951172,144.4762725830078
2017-01-04,162.2672882080078,144.5503692626953
2017-01-05,165.43028259277344,145.0444793701172
2017-01-06,163.68807983398438,146.13148498535156
2017-01-09,161.06640625,144.98683166503906
2017-01-10,161.78529357910156,145.22560119628906
2017-01-11,160.97332763671875,145.8102569580078
2017-01-12,161.5907440185547,145.3573455810547
2017-01-13,162.0220489501953,146.48556518554688
2017-01-17,160.3560028076172,144.90447998046875
2017-01-18,161.4807586669922,145.54953002929688
2017-01-19,164.76219177246094,147.05471801757812
2017-01-20,165.5148162841797,147.44345092773438
2017-01-23,163.67965698242188,146.5751190185547
2017-01-24,164.71145629882812,146.5916290283203
2017-01-25,162.9861602783203,144.9954376220703
2017-01-26,164.32240295410156,146.63291931152344
2017-01-27,161.97975158691406,153.11683654785156
2017-01-30,162.8931427001953,150.9087371826172
2017-01-31,164.0348663330078,149.75912475585938
2017-02-01,163.04534912109375,149.71780395507812
2017-02-02,164.70298767089844,149.1636505126953
2017-02-03,168.53407287597656,151.44630432128906
2017-02-06,168.6778564453125,151.38009643554688
2017-02-07,168.30567932128906,151.52076721191406
2017-02-08,167.99282836914062,151.46279907226562
2017-02-09,168.1873321533203,151.0079803466797
2017-02-10,169.43899536132812,152.5048828125
2017-02-13,170.1493377685547,154.32437133789062
2017-02-14,171.3333740234375,154.8454132080078
2017-02-15,173.9635467529297,155.47393798828125
2017-02-16,177.54934692382812,156.09422302246094
2017-02-17,179.21542358398438,156.35885620117188
2017-02-21,179.8497314453125,156.79714965820312
2017-02-22,182.04856872558594,157.04534912109375
2017-02-23,181.27894592285156,155.7302703857422
2017-02-24,183.50323486328125,156.83023071289062
2017-02-27,184.4757843017578,157.4670867919922
2017-02-28,184.7886962890625,156.9791259765625
2017-03-01,186.1201171875,159.1294708251953
2017-03-02,185.14488220214844,158.0046844482422
2017-03-03,185.56887817382812,156.84683227539062
2017-03-06,184.89895629882812,157.91368103027344
2017-03-07,184.67845153808594,158.3520050048828
2017-03-08,182.65162658691406,157.45057678222656
2017-03-09,181.2268829345703,157.41749572753906
2017-03-10,179.53079223632812,157.83096313476562
2017-03-13,180.84527587890625,158.42642211914062
2017-03-14,179.35272216796875,156.9294891357422
2017-03-15,179.471435546875,158.50914001464844
2017-03-16,178.22483825683594,157.67385864257812
2017-03-17,181.24386596679688,159.84071350097656
2017-03-20,179.20008850097656,158.7738037109375
2017-03-21,175.64682006835938,156.0529022216797
2017-03-22,177.1223907470703,156.8054656982422
2017-03-23,176.34222412109375,156.7723846435547
2017-03-24,173.78958129882812,155.0852508544922
2017-03-27,171.3726348876953,153.40635681152344
2017-03-28,171.6949005126953,155.8461151123047
2017-03-29,171.41505432128906,155.72201538085938
2017-03-30,171.63548278808594,156.12725830078125
2017-03-31,169.81224060058594,154.820556640625
2017-04-03,171.16912841796875,155.2672119140625
2017-04-04,171.35568237304688,155.2506103515625
2017-04-05,168.48080444335938,154.39501953125
2017-04-06,169.98178100585938,154.76876831054688
2017-04-07,172.83128356933594,156.21434020996094
2017-04-10,172.90765380859375,155.89862060546875
2017-04-11,174.3747100830078,156.4967803955078
2017-04-12,172.70408630371094,154.80206298828125
2017-04-13,172.12741088867188,155.1260223388672
2017-04-17,170.27862548828125,156.9204559326172
2017-04-18,169.00660705566406,155.666015625
2017-04-19,169.65110778808594,155.97341918945312
2017-04-20,169.65110778808594,156.28909301757812
2017-04-21,169.29493713378906,156.96200561523438
2017-04-24,172.76341247558594,159.4293212890625
2017-04-25,173.84893798828125,160.53424072265625
2017-04-26,172.220703125,161.87171936035156
2017-04-27,171.4659423828125,162.02127075195312
2017-04-28,170.36346435546875,160.99111938476562
2017-05-01,169.21859741210938,160.4594268798828
2017-05-02,170.16842651367188,161.22378540039062
2017-05-03,170.49916076660156,161.31515502929688
2017-05-04,159.61026000976562,161.62249755859375
2017-05-05,165.79251098632812,162.80218505859375
2017-05-08,165.6313934326172,163.1012420654297
2017-05-09,166.20803833007812,163.3172149658203
2017-05-10,166.6151123046875,161.48959350585938
2017-05-11,165.8603515625,161.97967529296875
2017-05-12,164.59678649902344,162.4864959716797
2017-05-15,167.3190155029297,162.14585876464844
2017-05-16,166.44546508789062,162.23724365234375
2017-05-17,162.103515625,159.5124053955078
2017-05-18,161.4165802001953,160.0357666015625
2017-05-19,165.7840118408203,162.7191162109375
2017-05-22,166.1571502685547,164.2808837890625
2017-05-23,166.2419891357422,165.5851593017578
2017-05-24,166.08883666992188,166.13345336914062
2017-05-25,167.95176696777344,167.05563354492188
2017-05-26,166.99905395507812,168.01095581054688
2017-05-30,165.09356689453125,167.81988525390625
2017-05-31,166.5652618408203,168.85003662109375
2017-06-01,165.27223205566406,168.2436065673828
2017-06-02,164.84690856933594,169.22386169433594
2017-06-05,162.62677001953125,167.3712921142578
2017-06-06,160.6277618408203,164.85414123535156
2017-06-07,161.52090454101562,165.21133422851562
2017-06-08,163.758056640625,165.8509979248047
2017-06-09,164.57469177246094,165.7097930908203
2017-06-12,165.68057250976562,164.8209228515625
2017-06-13,167.2967987060547,166.60694885253906
2017-06-14,167.3817901611328,167.2134246826172
2017-06-15,166.35255432128906,167.8365020751953
2017-06-16,158.203369140625,168.36822509765625
2017-06-19,159.20712280273438,169.90509033203125
2017-06-20,158.45008850097656,169.3567657470703
2017-06-21,158.71376037597656,169.3817138671875
2017-06-22,157.82907104492188,167.1968536376953
2017-06-23,158.93490600585938,167.24668884277344
2017-06-26,158.46701049804688,166.31622314453125
2017-06-27,159.0454559326172,165.18637084960938
2017-06-28,159.37725830078125,166.83966064453125
2017-06-29,157.55685424804688,163.62457275390625
2017-06-30,158.3564910888672,164.57167053222656
2017-07-03,162.93296813964844,165.86761474609375
2017-07-05,164.14938354492188,167.4694366455078
2017-07-06,162.79685974121094,166.0345001220703
2017-07-07,164.08982849121094,167.9032440185547
2017-07-10,164.41311645507812,167.74473571777344
2017-07-11,165.77413940429688,166.7769775390625
2017-07-12,169.61903381347656,167.77806091308594
2017-07-13,168.7598876953125,166.97715759277344
2017-07-14,168.5557098388672,167.8114471435547
2017-07-17,168.66632080078125,166.96878051757812
2017-07-18,167.90074157714844,168.03671264648438
2017-07-19,168.84494018554688,168.80422973632812
2017-07-20,169.4404296875,168.8542938232422
2017-07-21,171.27781677246094,170.64797973632812
2017-07-24,171.54150390625,170.96502685546875
2017-07-25,173.20880126953125,169.82203674316406
2017-07-26,173.09825134277344,162.39712524414062
2017-07-27,172.5452423095703,161.7130126953125
2017-07-28,174.9355926513672,165.1334686279297
2017-07-31,175.32688903808594,163.7903289794922
2017-08-01,175.73521423339844,163.9571533203125
2017-08-02,177.11325073242188,165.21688842773438
2017-08-03,181.97894287109375,166.29307556152344
2017-08-04,181.99594116210938,166.91046142578125
2017-08-07,181.647216796875,167.8031463623047
2017-08-08,182.03848266601562,165.8509521484375
2017-08-09,182.68496704101562,167.686279296875
2017-08-10,181.25592041015625,165.41712951660156
2017-08-11,181.323974609375,165.09178161621094
2017-08-14,182.89764404296875,167.1023406982422
2017-08-15,182.31922912597656,166.42660522460938
2017-08-16,179.33348083496094,167.3609161376953
2017-08-17,177.3088836669922,165.1752166748047
2017-08-18,174.56983947753906,165.7925567626953
2017-08-21,173.46397399902344,165.7925567626953
2017-08-22,176.7049102783203,167.87818908691406
2017-08-23,176.45753479003906,166.6435089111328
2017-08-24,178.61590576171875,166.40989685058594
2017-08-25,178.24905395507812,166.05953979492188
2017-08-28,175.84327697753906,165.07508850097656
2017-08-29,178.12960815429688,167.6446075439453
2017-08-30,179.6226043701172,167.86985778808594
2017-08-31,182.53170776367188,167.97830200195312
2017-09-01,183.4445037841797,166.85203552246094
2017-09-05,182.0027618408203,165.7925567626953
2017-09-06,180.51834106445312,164.1324005126953
2017-09-07,179.0936279296875,164.38259887695312
2017-09-08,179.52017211914062,165.07508850097656
2017-09-11,180.67193603515625,167.12738037109375
2017-09-12,182.19049072265625,166.0177764892578
2017-09-13,179.52017211914062,164.22413635253906
2017-09-14,179.2813262939453,164.87489318847656
2017-09-15,181.20936584472656,165.4088134765625
2017-09-18,183.90518188476562,168.67074584960938
2017-09-19,185.18484497070312,169.4549560546875
2017-09-20,186.08062744140625,170.4143524169922
2017-09-21,186.98489379882812,171.62405395507812
2017-09-22,188.0001678466797,171.36538696289062
2017-09-25,188.093994140625,170.91493225097656
2017-09-26,189.56988525390625,171.2986297607422
2017-09-27,190.63624572753906,172.52505493164062
2017-09-28,190.29498291015625,171.0484161376953
2017-09-29,193.1785430908203,171.5072479248047
2017-10-02,196.15591430664062,174.12681579589844
2017-10-03,197.9217987060547,175.63682556152344
2017-10-04,199.74749755859375,176.2792205810547
2017-10-05,199.7645263671875,178.7836151123047
2017-10-06,201.189208984375,178.07167053222656
2017-10-09,201.28311157226562,178.85060119628906
2017-10-10,200.37876892089844,178.02975463867188
2017-10-11,199.5683135986328,178.26429748535156
2017-10-12,200.85650634765625,179.00973510742188
2017-10-13,199.96929931640625,178.6914825439453
2017-10-16,201.27456665039062,178.77525329589844
2017-10-17,200.67739868164062,177.1837615966797
2017-10-18,200.38729858398438,176.22055053710938
2017-10-19,200.3190155029297,177.26751708984375
2017-10-20,200.8394775390625,179.12696838378906
2017-10-23,200.12283325195312,177.9962615966797
2017-10-24,201.27456665039062,177.63604736328125
2017-10-25,199.62803649902344,173.5905303955078
2017-10-26,197.76829528808594,170.79298400878906
2017-10-27,199.16738891601562,171.6976318359375
2017-10-30,198.04977416992188,172.68594360351562
2017-10-31,198.62991333007812,170.01400756835938
2017-11-01,199.33799743652344,168.87489318847656
2017-11-02,200.11431884765625,170.7176055908203
2017-11-03,200.54087829589844,170.9186248779297
2017-11-06,201.51345825195312,169.50311279296875
2017-11-07,199.07350158691406,170.6673126220703
2017-11-08,214.94993591308594,169.71249389648438
2017-11-09,206.9221649169922,166.57150268554688
2017-11-10,205.3097686767578,167.32534790039062
2017-11-13,204.04718017578125,167.62686157226562
2017-11-14,202.63951110839844,167.70230102539062
2017-11-15,200.95887756347656,166.6720733642578
2017-11-16,201.1807403564453,166.8647003173828
2017-11-17,198.66403198242188,165.65016174316406
2017-11-20,199.9265899658203,166.46263122558594
2017-11-21,201.88026428222656,167.60174560546875
2017-11-22,200.2971954345703,167.55149841308594
2017-11-24,200.62234497070312,167.51797485351562
2017-11-27,201.1357879638672,168.41424560546875
2017-11-28,206.32139587402344,171.0275115966797
2017-11-29,205.09774780273438,171.01077270507812
2017-11-30,206.8006134033203,173.51513671875
2017-12-01,201.94015502929688,169.72921752929688
2017-12-04,200.50253295898438,168.93353271484375
2017-12-05,199.20187377929688,167.442626953125
2017-12-06,199.9377899169922,167.69390869140625
2017-12-07,201.82891845703125,167.660400390625
2017-12-08,202.81301879882812,168.41424560546875
2017-12-11,200.32286071777344,167.21646118164062
2017-12-12,199.84364318847656,164.3184051513672
2017-12-13,201.17002868652344,164.69534301757812
2017-12-14,200.13461303710938,164.3519287109375
2017-12-15,204.37039184570312,166.54637145996094
2017-12-18,204.173583984375,166.21974182128906
2017-12-19,203.66014099121094,167.37557983398438
2017-12-20,203.67723083496094,168.6068878173828
2017-12-21,201.41819763183594,169.59524536132812
2017-12-22,203.18096923828125,169.72921752929688
2017-12-26,202.63331604003906,169.1680908203125
2017-12-27,203.30934143066406,169.79624938964844
2017-12-28,204.9009246826172,170.75106811523438
2017-12-29,201.69200134277344,170.40768432617188
2018-01-02,195.11155700683594,167.9284210205078
2018-01-03,196.2924041748047,168.97540283203125
2018-01-04,199.0906524658203,171.88185119628906
2018-01-05,200.02337646484375,171.4547119140625
2018-01-08,201.9829559326172,171.4547119140625
2018-01-09,204.68701171875,172.4430694580078
2018-01-10,203.08682250976562,171.49659729003906
2018-01-11,204.7469482421875,172.13314819335938
2018-01-12,211.7295379638672,176.38807678222656
2018-01-16,201.2213592529297,172.82000732421875
2018-01-17,203.0098114013672,174.65431213378906
2018-01-18,202.7017364501953,174.75518798828125
2018-01-19,207.1857147216797,175.84841918945312
2018-01-22,204.41317749023438,175.0916290283203
2018-01-23,201.12721252441406,174.48606872558594
2018-01-24,203.77993774414062,184.4011993408203
2018-01-25,206.4412384033203,190.50669860839844
2018-01-26,212.0119171142578,190.2628936767578
2018-01-29,211.96060180664062,189.64053344726562
2018-01-30,209.47044372558594,188.614501953125
2018-01-31,203.2665252685547,187.10073852539062
2018-02-01,206.6294708251953,189.39663696289062
2018-02-02,208.59765625,186.46160888671875
2018-02-05,195.62496948242188,177.63133239746094
2018-02-06,194.8206024169922,178.6741180419922
2018-02-07,200.93896484375,180.76817321777344
2018-02-08,192.8524169921875,173.283447265625
2018-02-09,197.07968139648438,178.37142944335938
2018-02-12,201.0331268310547,176.21011352539062
2018-02-13,203.19808959960938,178.1275177001953
2018-02-14,206.56956481933594,183.54339599609375
2018-02-15,218.54100036621094,189.55641174316406
2018-02-16,227.36343383789062,188.53883361816406
2018-02-20,227.7142791748047,186.5541229248047
2018-02-21,231.79605102539062,185.64585876464844
2018-02-22,225.50689697265625,185.13287353515625
2018-02-23,227.385986328125,185.85610961914062
2018-02-26,228.3726806640625,190.7169647216797
2018-02-27,225.44691467285156,188.2864990234375
2018-02-28,224.80335998535156,187.07553100585938
2018-03-01,223.34474182128906,184.30027770996094
2018-03-02,223.80812072753906,187.82394409179688
2018-03-05,223.1474151611328,188.917236328125
2018-03-06,221.89479064941406,189.06019592285156
2018-03-07,222.69268798828125,190.2964630126953
2018-03-08,223.89393615722656,190.60763549804688
2018-03-09,226.53652954101562,193.38287353515625
2018-03-12,221.50009155273438,188.917236328125
2018-03-13,221.93771362304688,187.83236694335938
2018-03-14,219.22640991210938,186.43638610839844
2018-03-15,217.81930541992188,187.20167541503906
2018-03-16,218.00807189941406,187.31939697265625
2018-03-19,217.9308319091797,188.294921875
2018-03-20,220.0929718017578,189.53958129882812
2018-03-21,219.36373901367188,188.16880798339844
2018-03-22,213.76954650878906,183.64430236816406
2018-03-23,217.91363525390625,184.0143585205078
2018-03-26,225.00070190429688,187.93333435058594
2018-03-27,218.60011291503906,185.9149627685547
2018-03-28,217.2272491455078,182.72767639160156
2018-03-29,221.15687561035156,185.77200317382812
2018-04-02,217.42465209960938,184.0732421875
2018-04-03,222.3323974609375,185.28428649902344
2018-04-04,223.00157165527344,183.78724670410156
2018-04-05,223.9281768798828,186.04112243652344
2018-04-06,219.9127960205078,181.43255615234375
2018-04-09,220.62496948242188,180.77659606933594
2018-04-10,218.61721801757812,180.3477020263672
2018-04-11,218.3770294189453,181.92030334472656
2018-04-12,220.68504333496094,184.31053161621094
2018-04-13,220.22171020507812,184.4710235595703
2018-04-16,221.96347045898438,184.46258544921875
2018-04-17,223.9281768798828,187.00485229492188
2018-04-18,226.33921813964844,190.45083618164062
2018-04-19,227.87496948242188,190.02012634277344
2018-04-20,226.13328552246094,188.44070434570312
2018-04-23,227.3430633544922,190.84783935546875
2018-04-24,219.4580535888672,187.52003479003906
2018-04-25,216.64382934570312,181.19395446777344
2018-04-26,215.7858428955078,178.84596252441406
2018-04-27,210.86953735351562,172.05528259277344
2018-04-30,208.67308044433594,170.02825927734375
2018-05-01,201.38873291015625,166.64134216308594
2018-05-02,198.84901428222656,165.27304077148438
2018-05-03,177.88818359375,164.69871520996094
2018-05-04,180.74533081054688,164.75787353515625
2018-05-07,185.1897430419922,165.92344665527344
2018-05-08,190.3119659423828,168.600830078125
2018-05-09,190.08023071289062,169.80862426757812
2018-05-10,190.8181915283203,170.3323211669922
2018-05-11,188.9048309326172,172.23265075683594
2018-05-14,187.4290771484375,171.5147705078125
2018-05-15,187.31756591796875,170.31536865234375
2018-05-16,189.26522827148438,169.3440399169922
2018-05-17,189.51402282714844,170.4082794189453
2018-05-18,190.1918182373047,171.05020141601562
2018-05-21,191.1184539794922,173.7952117919922
2018-05-22,189.39393615722656,172.61273193359375
2018-05-23,190.8697052001953,173.6177978515625
2018-05-24,195.8191680908203,176.2952117919922
2018-05-25,193.44337463378906,175.780029296875
2018-05-29,188.88987731933594,170.4505157470703
2018-05-30,191.68739318847656,172.33399963378906
2018-05-31,190.29293823242188,170.3660888671875
2018-06-01,192.1780548095703,171.85256958007812
2018-06-04,193.05606079101562,171.11778259277344
2018-06-05,191.70462036132812,169.85084533691406
2018-06-06,193.83074951171875,170.19708251953125
2018-06-07,191.56689453125,171.32894897460938
2018-06-08,194.83787536621094,171.10092163085938
2018-06-11,194.37306213378906,170.35760498046875
2018-06-12,190.91268920898438,167.65487670898438
2018-06-13,189.94004821777344,168.76971435546875
2018-06-14,189.32884216308594,165.39132690429688
2018-06-15,189.8195343017578,165.3744354248047
2018-06-18,190.8782958984375,165.5180206298828
2018-06-19,184.6634521484375,161.05848693847656
2018-06-20,184.12974548339844,161.65814208984375
2018-06-21,182.21881103515625,159.149658203125
2018-06-22,183.31202697753906,159.95204162597656
2018-06-25,184.2244110107422,159.715576171875
2018-06-26,184.28468322753906,159.46214294433594
2018-06-27,183.0537567138672,157.0043487548828
2018-06-28,185.7566375732422,158.31349182128906
2018-06-29,186.6088104248047,157.44357299804688
2018-07-02,187.0822296142578,158.25439453125
2018-07-03,186.6002197265625,160.21383666992188
2018-07-05,187.2716064453125,160.16297912597656
2018-07-06,187.3404541015625,160.28173828125
2018-07-09,191.85955810546875,162.5734100341797
2018-07-10,192.3846435546875,163.6428680419922
2018-07-11,190.998779296875,162.54803466796875
2018-07-12,191.8509521484375,164.35581970214844
2018-07-13,193.65858459472656,163.59197998046875
2018-07-16,195.35435485839844,162.53944396972656
2018-07-17,195.91384887695312,163.23553466796875
2018-07-18,196.80906677246094,165.87513732910156
2018-07-19,195.7331085205078,164.95851135253906
2018-07-20,195.6814422607422,165.74786376953125
2018-07-23,195.2080078125,164.0078582763672
2018-07-24,195.38015747070312,166.99554443359375
2018-07-25,195.69866943359375,172.6822967529297
2018-07-26,198.99545288085938,170.1614532470703
2018-07-27,199.46885681152344,168.60821533203125
2018-07-30,196.24954223632812,166.5796661376953
2018-07-31,200.60508728027344,169.55032348632812
2018-08-01,197.5406951904297,166.367431640625
2018-08-02,207.24172973632812,165.4592742919922
2018-08-03,203.1099853515625,164.7378387451172
2018-08-06,201.0440673828125,164.25401306152344
2018-08-07,201.1646270751953,166.5966033935547
2018-08-08,202.128662109375,165.62054443359375
2018-08-09,203.70391845703125,163.44766235351562
2018-08-10,204.7368621826172,162.80264282226562
2018-08-13,207.05235290527344,162.82801818847656
2018-08-14,209.4281005859375,164.3473663330078
2018-08-15,207.21592712402344,163.2270050048828
2018-08-16,210.4007568359375,163.33734130859375
2018-08-17,212.8454132080078,164.38986206054688
2018-08-20,213.99887084960938,165.44229125976562
2018-08-21,218.19082641601562,165.4762725830078
2018-08-22,215.9786834716797,163.3712921142578
2018-08-23,212.65606689453125,162.61587524414062
2018-08-24,213.1380615234375,163.46466064453125
2018-08-27,215.72901916503906,165.75628662109375
2018-08-28,213.80088806152344,166.0364227294922
2018-08-29,212.48390197753906,165.26406860351562
2018-08-30,208.0378875732422,163.396728515625
2018-08-31,211.05081176757812,164.15213012695312
2018-09-04,210.07528686523438,163.48165893554688
2018-09-05,211.1371612548828,164.64443969726562
2018-09-06,214.21047973632812,165.7139129638672
2018-09-07,212.1126708984375,165.26406860351562
2018-09-10,213.94284057617188,166.09584045410156
2018-09-11,210.43789672851562,166.4098663330078
2018-09-12,212.2075958251953,166.5286865234375
2018-09-13,214.90975952148438,168.54031372070312
2018-09-14,218.32843017578125,170.1868896484375
2018-09-17,222.29092407226562,171.8165740966797
2018-09-18,222.73126220703125,173.66690063476562
2018-09-19,217.57737731933594,173.15757751464844
2018-09-20,215.86802673339844,172.18150329589844
2018-09-21,220.75430297851562,173.70933532714844
2018-09-24,219.2521209716797,172.1560516357422
2018-09-25,220.84063720703125,172.70774841308594
2018-09-26,220.34854125976562,171.332763671875
2018-09-27,220.99598693847656,171.51953125
2018-09-28,221.07369995117188,173.76026916503906
2018-10-01,222.19601440429688,174.42230224609375
2018-10-02,221.0564422607422,173.98092651367188
2018-10-03,223.41326904296875,174.6090087890625
2018-10-04,223.18882751464844,175.56399536132812
2018-10-05,225.56285095214844,175.9135284423828
2018-10-08,225.4420166015625,176.6297149658203
2018-10-09,223.42190551757812,174.07186889648438
2018-10-10,214.0205535888672,168.6662139892578
2018-10-11,201.21783447265625,164.50540161132812
2018-10-12,195.32147216796875,163.57603454589844
2018-10-15,202.02069091796875,164.24105834960938
2018-10-16,203.12570190429688,166.01458740234375
2018-10-17,201.2523651123047,165.27279663085938
2018-10-18,201.33004760742188,163.0388946533203
2018-10-19,202.37460327148438,162.22039794921875
2018-10-22,203.91131591796875,162.11805725097656
2018-10-23,201.01063537597656,160.08029174804688
2018-10-24,191.47116088867188,147.70870971679688
2018-10-25,189.0971221923828,145.4578094482422
2018-10-26,187.21510314941406,144.8268280029297
2018-10-29,180.07565307617188,142.42239379882812
2018-10-30,184.8842010498047,146.55764770507812
2018-10-31,188.61366271972656,147.14596557617188
2018-11-01,193.36178588867188,152.1082000732422
2018-11-02,190.3489227294922,150.8975372314453
2018-11-05,195.3387908935547,151.7415771484375
2018-11-06,196.832275390625,155.34820556640625
2018-11-07,202.08111572265625,157.76113891601562
2018-11-08,189.9776611328125,157.3603973388672
2018-11-09,193.07691955566406,157.3092498779297
2018-11-12,184.85833740234375,154.33360290527344
2018-11-13,184.0381622314453,153.54066467285156
2018-11-14,184.271240234375,153.33604431152344
2018-11-15,185.678466796875,155.46755981445312
2018-11-16,186.8352813720703,156.08148193359375
2018-11-19,182.8727264404297,152.94381713867188
2018-11-20,181.0425567626953,149.9937286376953
2018-11-21,181.6382293701172,150.701416015625
2018-11-23,182.61370849609375,151.9888458251953
2018-11-26,183.77052307128906,153.2081298828125
2018-11-27,176.18212890625,152.31280517578125
2018-11-28,184.71156311035156,155.20326232910156
2018-11-29,186.22840881347656,155.3226318359375
2018-11-30,186.79180908203125,157.64178466796875
2018-12-03,185.4309844970703,154.81106567382812
2018-12-04,176.4944305419922,147.6575164794922
2018-12-06,175.86166381835938,145.8158416748047
2018-12-07,172.0478057861328,142.71231079101562
2018-12-10,172.97531127929688,146.82196044921875
2018-12-11,173.8854217529297,146.8816375732422
2018-12-12,175.6449737548828,145.98641967773438
2018-12-13,173.0880126953125,145.80735778808594
2018-12-14,171.88319396972656,144.06802368164062
2018-12-17,171.068359375,139.36148071289062
2018-12-18,170.83432006835938,138.8158416748047
2018-12-19,163.6053466796875,135.558837890625
2018-12-20,160.5456085205078,131.82431030273438
2018-12-21,155.63961791992188,128.31150817871094
2018-12-24,153.44664001464844,126.36750793457031
2018-12-26,159.2801055908203,129.7439422607422
2018-12-27,162.58258056640625,132.25914001464844
2018-12-28,163.1025848388672,132.42967224121094
2018-12-31,164.95753479003906,134.04112243652344
2019-01-02,166.90782165527344,134.08377075195312
2019-01-03,163.68338012695312,130.76707458496094
2019-01-04,169.4734649658203,134.51858520507812
2019-01-07,169.8809051513672,135.26885986328125
2019-01-08,168.7367401123047,135.27743530273438
2019-01-09,166.6824493408203,137.1873016357422
2019-01-10,166.88180541992188,138.49180603027344
2019-01-11,168.60670471191406,139.66842651367188
2019-01-14,169.91554260253906,140.28231811523438
2019-01-15,171.18109130859375,139.0972137451172
2019-01-16,169.51683044433594,139.4893798828125
2019-01-17,170.86033630371094,142.10479736328125
2019-01-18,173.6080780029297,144.55726623535156
2019-01-22,170.32296752929688,143.3910369873047
2019-01-23,170.4182586669922,144.7544708251953
2019-01-24,172.53323364257812,146.47804260253906
2019-01-25,175.15956115722656,146.82106018066406
2019-01-28,177.32652282714844,147.65280151367188
2019-01-29,178.9474334716797,150.91989135742188
2019-01-30,180.97569274902344,146.55520629882812
2019-01-31,178.9474334716797,146.77813720703125
2019-02-01,178.87806701660156,144.9430694580078
2019-02-04,183.1773223876953,149.7279510498047
2019-02-05,183.59341430664062,147.6785125732422
2019-02-06,182.9520263671875,148.14157104492188
2019-02-07,182.23252868652344,148.85330200195312
2019-02-08,181.3831024169922,147.5928192138672
2019-02-11,182.50125122070312,146.5723114013672
2019-02-12,185.72567749023438,148.14157104492188
2019-02-13,187.21652221679688,148.75897216796875
2019-02-14,185.90773010253906,147.5756378173828
2019-02-15,190.43235778808594,150.26815795898438
2019-02-19,188.95875549316406,149.87371826171875
2019-02-20,191.41172790527344,149.59071350097656
2019-02-21,188.86215209960938,147.17263793945312
2019-02-22,188.92308044433594,147.9529266357422
2019-02-25,185.8687744140625,148.4674072265625
2019-02-26,184.5026397705078,145.77487182617188
2019-02-27,182.94497680664062,145.20892333984375
2019-02-28,182.22276306152344,145.9635009765625
2019-03-01,182.73619079589844,145.15745544433594
2019-03-04,179.57742309570312,142.9879608154297
2019-03-05,179.6470489501953,144.08555603027344
2019-03-06,178.01113891601562,142.74786376953125
2019-03-07,175.30491638183594,142.63644409179688
2019-03-08,174.1388702392578,142.46490478515625
2019-03-11,174.48690795898438,145.35467529296875
2019-03-12,177.24539184570312,144.72015380859375
2019-03-13,180.8478546142578,147.249755859375
2019-03-14,180.38670349121094,145.42330932617188
2019-03-15,177.87191772460938,145.5947723388672
2019-03-18,180.48243713378906,147.20693969726562
2019-03-19,178.38531494140625,146.3922882080078
2019-03-20,178.167724609375,144.4800567626953
2019-03-21,180.8304901123047,145.62905883789062
2019-03-22,176.75808715820312,142.21627807617188
2019-03-25,176.96690368652344,142.87652587890625
2019-03-26,176.86244201660156,143.1166229248047
2019-03-27,176.6188201904297,142.8250732421875
2019-03-28,178.4810028076172,143.8540802001953
2019-03-29,180.29971313476562,145.15745544433594
2019-04-01,184.8594207763672,147.7556915283203
2019-04-02,183.44967651367188,145.72340393066406
2019-04-03,181.5353240966797,143.84548950195312
2019-04-04,182.29238891601562,145.06312561035156
2019-04-05,185.17266845703125,146.7352294921875
2019-04-08,186.41700744628906,147.74708557128906
2019-04-09,185.24224853515625,145.06312561035156
2019-04-10,184.67666625976562,145.23464965820312
2019-04-11,189.28857421875,147.8917236328125
2019-04-12,190.81138610839844,150.9111785888672
2019-04-15,190.71559143066406,148.3834991455078
2019-04-16,192.35159301757812,149.88455200195312
2019-04-17,191.39437866210938,150.5661163330078
2019-04-18,192.2210235595703,152.5675811767578
2019-04-22,190.64601135253906,152.7228240966797
2019-04-23,196.37171936035156,157.32965087890625
2019-04-24,196.08457946777344,155.91476440429688
2019-04-25,194.32687377929688,152.59341430664062
2019-04-26,192.7779083251953,153.6200714111328
2019-04-29,192.25579833984375,154.603515625
2019-04-30,193.6829376220703,154.18080139160156
2019-05-01,194.1702117919922,152.1707305908203
2019-05-02,180.67385864257812,150.60057067871094
2019-05-03,184.5026397705078,152.4294891357422
2019-05-06,183.29306030273438,151.28213500976562
2019-05-07,181.4744110107422,147.0722198486328
2019-05-08,180.05599975585938,145.18287658691406
2019-05-09,180.45632934570312,148.42665100097656
2019-05-10,181.46572875976562,149.31515502929688
2019-05-13,178.6289520263672,144.92410278320312
2019-05-14,179.0292205810547,145.35540771484375
2019-05-15,178.3939971923828,144.69117736816406
2019-05-16,181.6310272216797,146.5287322998047
2019-05-17,180.12564086914062,143.5265350341797
2019-05-20,182.69264221191406,146.04559326171875
2019-05-21,184.4591064453125,147.90902709960938
2019-05-22,182.7535400390625,146.0369415283203
2019-05-23,178.52464294433594,141.11961364746094
2019-05-24,179.590576171875,141.5078125
2019-05-28,178.76051330566406,141.18861389160156
2019-05-29,178.58575439453125,140.02394104003906
2019-05-30,178.9964141845703,139.95494079589844
2019-05-31,179.2235870361328,138.73858642578125
2019-06-03,181.59146118164062,140.74864196777344
2019-06-04,184.4486541748047,144.74290466308594
2019-06-05,188.5640106201172,148.3317108154297
2019-06-06,187.56793212890625,148.36622619628906
2019-06-07,190.65225219726562,150.08299255371094
2019-06-10,187.62033081054688,149.5825958251953
2019-06-11,182.84970092773438,146.42518615722656
2019-06-12,184.30880737304688,146.69256591796875
2019-06-13,187.78634643554688,148.3317108154297
2019-06-14,187.6727752685547,147.73643493652344
2019-06-17,188.73004150390625,148.19371032714844
2019-06-18,191.49105834960938,149.75518798828125
2019-06-19,193.78025817871094,149.7810516357422
2019-06-20,196.38406372070312,153.525146484375
2019-06-21,194.75888061523438,153.06788635253906
2019-06-24,194.5404052734375,153.40440368652344
2019-06-25,195.26565551757812,153.24911499023438
2019-06-26,195.10841369628906,154.33609008789062
2019-06-27,195.6676025390625,153.31809997558594
2019-06-28,196.36660766601562,156.8551025390625
2019-07-01,196.10446166992188,157.4762725830078
2019-07-02,200.3421173095703,158.36488342285156
2019-07-03,203.34788513183594,158.4516143798828
2019-07-05,201.4255828857422,158.1306610107422
2019-07-08,199.9402313232422,157.4279327392578
2019-07-09,202.0459442138672,156.87271118164062
2019-07-10,201.30328369140625,158.35617065429688
2019-07-11,203.3303985595703,159.2757568359375
2019-07-12,205.04293823242188,161.21897888183594
2019-07-15,205.20021057128906,161.70477294921875
2019-07-16,206.33607482910156,162.12985229492188
2019-07-17,202.14208984375,159.23239135742188
2019-07-18,200.84889221191406,158.91139221191406
2019-07-19,200.97996520996094,159.49261474609375
2019-07-22,199.94894409179688,160.16058349609375
2019-07-23,201.22463989257812,161.33175659179688
2019-07-24,204.16917419433594,162.78050231933594
2019-07-25,203.9070587158203,162.75453186035156
2019-07-26,204.4312744140625,164.5935821533203
2019-07-29,204.32643127441406,164.68038940429688
2019-07-30,203.70608520507812,164.06442260742188
2019-07-31,199.4770965576172,161.30575561523438
2019-08-01,187.864990234375,159.1282958984375
2019-08-02,180.1585235595703,157.8616943359375
2019-08-05,176.28778076171875,153.3506317138672
2019-08-06,180.0798797607422,156.73390197753906
2019-08-07,181.1895294189453,156.8900909423828
2019-08-08,185.33985900878906,159.7702178955078
2019-08-09,182.92831420898438,159.70948791503906
2019-08-12,178.1663818359375,157.32383728027344
2019-08-13,178.01788330078125,158.8506622314453
2019-08-14,175.457763671875,156.87271118164062
2019-08-15,178.2013397216797,158.07855224609375
2019-08-16,180.70899963378906,159.92637634277344
2019-08-19,181.94972229003906,162.73712158203125
2019-08-20,181.31187438964844,162.37278747558594
2019-08-21,182.98947143554688,163.50921630859375
2019-08-22,182.21185302734375,162.70242309570312
2019-08-23,178.48092651367188,159.23239135742188
2019-08-26,178.78671264648438,160.18663024902344
2019-08-27,177.030517578125,159.0675811767578
2019-08-28,178.07896423339844,160.87196350097656
2019-08-29,181.8695831298828,164.36807250976562
2019-08-30,183.38758850097656,165.9295654296875
2019-09-03,182.5452423095703,164.20321655273438
2019-09-04,183.00149536132812,165.4438018798828
2019-09-05,187.98541259765625,166.79714965820312
2019-09-06,188.6522979736328,167.14410400390625
2019-09-09,189.04713439941406,163.1535186767578
2019-09-10,191.1793975830078,162.98001098632812
2019-09-11,193.37298583984375,163.61334228515625
2019-09-12,190.22293090820312,164.31602478027344
2019-09-13,191.55667114257812,164.79310607910156
2019-09-16,195.3735809326172,165.66928100585938
2019-09-17,193.98721313476562,165.96429443359375
2019-09-18,192.77633666992188,165.08810424804688
2019-09-19,191.68832397460938,163.20558166503906
2019-09-20,188.494384765625,162.54624938964844
2019-09-23,186.31825256347656,162.04312133789062
2019-09-24,186.58151245117188,160.22999572753906
2019-09-25,187.5554656982422,161.35775756835938
2019-09-26,188.00296020507812,161.35775756835938
2019-09-27,187.2395477294922,158.77261352539062
2019-09-30,185.83567810058594,158.52102661132812
2019-10-01,181.16763305664062,155.03358459472656
2019-10-02,175.6309051513672,151.3032989501953
2019-10-03,178.0614471435547,151.71102905273438
2019-10-04,179.86021423339844,153.23785400390625
2019-10-07,180.36036682128906,153.28988647460938
2019-10-08,178.3510284423828,153.11636352539062
2019-10-09,180.43057250976562,153.59353637695312
2019-10-10,183.0278778076172,154.1693878173828
2019-10-11,185.7917938232422,156.73468017578125
2019-10-14,186.43234252929688,156.28968811035156
2019-10-15,187.0640869140625,155.705078125
2019-10-16,188.6610565185547,155.5654754638672
2019-10-17,185.8006134033203,154.23049926757812
2019-10-18,184.35276794433594,152.19741821289062
2019-10-21,185.1512451171875,153.08743286132812
2019-10-22,188.792724609375,156.95285034179688
2019-10-23,190.54759216308594,151.43833923339844
2019-10-24,193.67137145996094,152.4068603515625
2019-10-25,194.08372497558594,151.4208984375
2019-10-28,195.39990234375,152.63369750976562
2019-10-29,195.2946319580078,153.5935516357422
2019-10-30,197.5057830810547,155.52186584472656
2019-10-31,198.00596618652344,154.26541137695312
2019-11-01,202.01589965820312,156.82192993164062
2019-11-04,200.72604370117188,155.37356567382812
2019-11-05,201.9369354248047,156.4467315673828
2019-11-06,205.3151092529297,158.4273681640625
2019-11-07,219.75802612304688,159.63148498535156
2019-11-08,220.42483520507812,161.4900360107422
2019-11-11,221.0303192138672,160.85304260253906
2019-11-12,222.83786010742188,161.66456604003906
2019-11-13,223.3116912841797,161.17591857910156
2019-11-14,224.10133361816406,161.58599853515625
2019-11-15,225.38250732421875,163.235107421875
2019-11-18,226.4353790283203,162.798828125
2019-11-19,225.77734375,161.37661743164062
2019-11-20,223.10110473632812,160.83563232421875
2019-11-21,220.003662109375,159.63148498535156
2019-11-22,219.19642639160156,159.5704345703125
2019-11-25,218.6260986328125,159.3784637451172
2019-11-26,218.83665466308594,158.82003784179688
2019-11-27,222.51963806152344,159.10801696777344
2019-11-29,221.74424743652344,158.57574462890625
2019-12-02,220.30810546875,155.3037109375
2019-12-03,219.58558654785156,154.47479248046875
2019-12-04,224.2377471923828,155.38221740722656
2019-12-05,222.06146240234375,159.12545776367188
2019-12-06,223.2773895263672,160.15504455566406
2019-12-09,223.11878967285156,159.823486328125
2019-12-10,221.84117126464844,157.4763641357422
2019-12-11,223.56814575195312,156.4205780029297
2019-12-12,224.2818145751953,157.4676055908203
2019-12-13,221.3654022216797,156.21116638183594
2019-12-16,222.30819702148438,157.5723419189453
2019-12-17,222.387451171875,158.017333984375
2019-12-18,221.7794952392578,155.71385192871094
2019-12-19,224.0086669921875,155.87957763671875
2019-12-20,223.8941192626953,155.6003875732422
2019-12-23,225.1100616455078,156.83067321777344
2019-12-24,223.78839111328125,156.02792358398438
2019-12-26,222.56369018554688,155.47821044921875
2019-12-27,221.2156219482422,154.867431640625
2019-12-30,221.86761474609375,153.57608032226562
2019-12-31,221.04820251464844,153.87274169921875
2020-01-02,225.42724609375,155.6876220703125
2020-01-03,232.16761779785156,157.21453857421875
2020-01-06,233.4892578125,158.88113403320312
2020-01-07,235.65670776367188,157.07496643066406
2020-01-08,236.97833251953125,157.4763641357422
2020-01-09,243.1900634765625,158.46234130859375
2020-01-10,238.72293090820312,156.62998962402344
2020-01-13,242.1415252685547,158.0435028076172
2020-01-14,239.119384765625,157.90386962890625
2020-01-15,241.50709533691406,158.46234130859375
2020-01-16,243.6834259033203,160.050537109375
2020-01-17,244.7760467529297,159.60304260253906
2020-01-21,245.44558715820312,160.8314666748047
2020-01-22,242.95216369628906,160.6647491455078
2020-01-23,244.1504364013672,161.99851989746094
2020-01-24,243.5953369140625,162.3933868408203
2020-01-27,241.51593017578125,160.19970703125
2020-01-28,241.683349609375,161.12985229492188
2020-01-29,232.90771484375,160.98941040039062
2020-01-30,234.2029266357422,159.02391052246094
2020-01-31,229.96482849121094,153.94332885742188
2020-02-03,230.273193359375,154.97874450683594
2020-02-04,233.54208374023438,157.53216552734375
2020-02-05,237.50701904296875,161.4281768798828
2020-02-06,236.29107666015625,163.32347106933594
2020-02-07,237.13693237304688,163.85877990722656
2020-02-10,236.94308471679688,163.42877197265625
2020-02-11,236.19418334960938,164.0342254638672
2020-02-12,237.96514892578125,165.6224822998047
2020-02-13,220.59005737304688,166.2191619873047
2020-02-14,216.9335174560547,165.01699829101562
2020-02-18,209.25917053222656,165.0872039794922
2020-02-19,207.67323303222656,163.69204711914062
2020-02-20,209.1886749267578,163.16558837890625
2020-02-21,207.9552001953125,164.61337280273438
2020-02-24,206.9154815673828,161.98974609375
2020-02-25,196.33360290527344,152.60955810546875
2020-02-26,193.62857055664062,150.53001403808594
2020-02-27,190.54798889160156,145.7828826904297
2020-02-28,181.94345092773438,140.12319946289062
2020-03-02,185.58181762695312,144.8088836669922
2020-03-03,183.77593994140625,141.31655883789062
2020-03-04,194.34564208984375,147.66065979003906
2020-03-05,185.6260528564453,143.34352111816406
2020-03-06,180.8457794189453,143.05393981933594
2020-03-09,172.48907470703125,131.63803100585938
2020-03-10,185.3693389892578,136.2711181640625
2020-03-11,175.20677185058594,130.2604217529297
2020-03-12,156.38658142089844,116.0278549194336
2020-03-13,158.1216278076172,122.52989959716797
2020-03-16,138.69061279296875,111.17545318603516
2020-03-17,142.6122589111328,115.4662857055664
2020-03-18,152.58004760742188,106.2704086303711
2020-03-19,150.02169799804688,103.56778717041016
2020-03-20,141.0365447998047,100.02279663085938
2020-03-23,136.30047607421875,93.53831481933594
2020-03-24,146.4010467529297,100.21585083007812
2020-03-25,157.07705688476562,107.05133056640625
2020-03-26,172.8786163330078,116.84391784667969
2020-03-27,164.291748046875,114.13253021240234
2020-03-30,167.78848266601562,117.22998809814453
2020-03-31,161.29966735839844,116.09808349609375
2020-04-01,153.27053833007812,111.78968048095703
2020-04-02,159.90985107421875,112.24595642089844
2020-04-03,160.26394653320312,110.28043365478516
2020-04-06,171.47994995117188,117.3089828491211
2020-04-07,169.73599243164062,117.93199157714844
2020-04-08,173.01136779785156,121.55046844482422
2020-04-09,170.31141662597656,124.75309753417969
2020-04-13,172.25892639160156,121.16117095947266
2020-04-14,174.4100799560547,122.53244018554688
2020-04-15,169.06320190429688,118.3831558227539
2020-04-16,170.3910675048828,117.17112731933594
2020-04-17,173.47174072265625,122.25818634033203
2020-04-20,170.1962890625,119.65715789794922
2020-04-21,163.28256225585938,116.5075912475586
2020-04-22,164.85830688476562,117.993896484375
2020-04-23,165.33631896972656,115.4459457397461
2020-04-24,163.32687377929688,114.39314270019531
2020-04-27,166.65536499023438,118.99363708496094
2020-04-28,169.31991577148438,120.75421905517578
2020-04-29,173.10874938964844,120.89574432373047
2020-04-30,169.44386291503906,115.56095123291016
2020-05-01,164.36256408691406,113.0660629272461
2020-05-04,159.32554626464844,110.39422607421875
2020-05-05,161.70684814453125,111.79208374023438
2020-05-06,158.14817810058594,107.69587707519531
2020-05-07,153.4210205078125,112.47330474853516
2020-05-08,159.85675048828125,119.74565887451172
2020-05-11,157.67013549804688,118.3831558227539
2020-05-12,153.60690307617188,116.8172378540039
2020-05-13,150.7210235595703,116.3395004272461
2020-05-14,152.4561004638672,117.58695220947266
2020-05-15,150.96888732910156,115.82638549804688
2020-05-18,159.70620727539062,123.39948272705078
2020-05-19,153.5891876220703,120.48880004882812
2020-05-20,155.0144500732422,121.19658660888672
2020-05-21,160.67115783691406,122.68286895751953
2020-05-22,161.79541015625,122.59442138671875
2020-05-26,171.22320556640625,127.97341918945312
2020-05-27,182.28871154785156,133.10476684570312
2020-05-28,178.54312133789062,131.37075805664062
2020-05-29,177.8402557373047,129.90208435058594
2020-06-01,173.96119689941406,130.2913818359375
2020-06-02,172.8223876953125,132.10508728027344
2020-06-03,177.64451599121094,137.33370971679688
2020-06-04,176.6213836669922,138.97923278808594
2020-06-05,180.22462463378906,143.51780700683594
2020-06-08,183.2940673828125,148.43682861328125
2020-06-09,175.94520568847656,144.632568359375
2020-06-10,175.2779541015625,139.82858276367188
2020-06-11,160.8560333251953,131.42381286621094
2020-06-12,162.1817169189453,131.99888610839844
2020-06-15,161.99490356445312,135.4403839111328
2020-06-16,165.1087646484375,138.00604248046875
2020-06-17,163.65853881835938,138.94387817382812
2020-06-18,161.47000122070312,140.72215270996094
2020-06-19,158.95213317871094,139.4481658935547
2020-06-22,158.2937469482422,136.06857299804688
2020-06-23,157.6265106201172,135.13958740234375
2020-06-24,148.77406311035156,129.56591796875
2020-06-25,153.12464904785156,130.0171661376953
2020-06-26,152.10150146484375,129.2120361328125
2020-06-29,157.8400115966797,132.12274169921875
2020-06-30,155.24217224121094,132.22889709472656
2020-07-01,154.5659637451172,131.1415557861328
2020-07-02,154.01434326171875,131.2841796875
2020-07-06,154.1656036376953,132.3269500732422
2020-07-07,149.7527313232422,129.39463806152344
2020-07-08,149.01429748535156,128.25384521484375
2020-07-09,143.92526245117188,123.01312255859375
2020-07-10,148.6138916015625,126.53368377685547
2020-07-13,150.90933227539062,127.2912826538086
2020-07-14,152.86663818359375,127.7725601196289
2020-07-15,157.44857788085938,129.93833923339844
2020-07-16,159.58383178710938,132.36260986328125
2020-07-17,160.98951721191406,132.7190704345703
2020-07-20,156.79019165039062,129.63528442382812
2020-07-21,158.37380981445312,131.7386932373047
2020-07-22,159.7973175048828,135.05421447753906
2020-07-23,160.95396423339844,134.5907440185547
2020-07-24,157.52857971191406,133.8242645263672
2020-07-27,154.09442138671875,131.89019775390625
2020-07-28,155.6869354248047,132.4160919189453
2020-07-29,156.47877502441406,133.1914825439453
2020-07-30,155.509033203125,132.674560546875
2020-07-31,154.54815673828125,130.7850799560547
2020-08-03,155.9983673095703,131.65846252441406
2020-08-04,154.39691162109375,131.23072814941406
2020-08-05,158.96104431152344,132.96865844726562
2020-08-06,144.84164428710938,132.9241180419922
2020-08-07,149.37904357910156,136.33766174316406
2020-08-10,150.47337341308594,139.53732299804688
2020-08-11,149.94847106933594,141.57833862304688
2020-08-12,146.0605010986328,139.4036102294922
2020-08-13,146.02493286132812,138.10235595703125
2020-08-14,148.48048400878906,139.44821166992188
2020-08-17,145.0996551513672,137.00611877441406
2020-08-18,144.3878936767578,136.39114379882812
2020-08-19,144.81494140625,135.90988159179688
2020-08-20,141.94126892089844,134.5283660888672
2020-08-21,141.13162231445312,133.52122497558594
2020-08-24,144.2899932861328,136.6317901611328
2020-08-25,141.40745544433594,135.00070190429688
2020-08-26,136.91445922851562,134.10948181152344
2020-08-27,137.4340057373047,135.8652801513672
2020-08-28,136.55621337890625,135.71380615234375
2020-08-31,135.7142791748047,133.1112823486328
2020-09-01,134.64837646484375,133.85992431640625
2020-09-02,135.56204223632812,137.1843719482422
2020-09-03,134.4602813720703,135.419677734375
2020-09-04,132.12257385253906,135.20579528808594
2020-09-08,126.97241973876953,130.9811553955078
2020-09-09,126.60514831542969,130.27700805664062
2020-09-10,123.45233917236328,127.07734680175781
2020-09-11,132.02403259277344,129.5550994873047
2020-09-14,131.5314178466797,131.4356689453125
2020-09-15,130.11627197265625,129.35899353027344
2020-09-16,132.50775146484375,130.8206787109375
2020-09-17,134.88131713867188,128.86878967285156
2020-09-18,133.61839294433594,127.44277954101562
2020-09-21,128.88912963867188,123.28946685791016
2020-09-22,128.62937927246094,124.28768157958984
2020-09-23,124.88543701171875,121.66732025146484
2020-09-24,124.9391860961914,122.01493072509766
2020-09-25,126.48869323730469,123.18250274658203
2020-09-28,128.19949340820312,125.59783935546875
2020-09-29,126.47977447509766,123.48552703857422
2020-09-30,126.0677261352539,123.37859344482422
2020-10-01,125.37805938720703,123.19141387939453
2020-10-02,129.09515380859375,125.21458435058594
2020-10-05,131.0567169189453,127.21101379394531
2020-10-06,131.7822265625,126.83670043945312
2020-10-07,132.50775146484375,129.1183624267578
2020-10-08,134.03036499023438,130.2589569091797
2020-10-09,134.33489990234375,129.01959228515625
2020-10-12,133.86021423339844,129.98049926757812
2020-10-13,132.97349548339844,128.6424102783203
2020-10-14,135.72320556640625,128.3280487060547
2020-10-15,132.1584014892578,126.46002960205078
2020-10-16,132.56146240234375,127.74430847167969
2020-10-19,131.6299591064453,124.54708099365234
2020-10-20,132.2927703857422,124.34951782226562
2020-10-21,133.9229278564453,122.68804931640625
2020-10-22,136.3501739501953,125.21167755126953
2020-10-23,136.87867736816406,126.3612289428711
2020-10-26,134.09307861328125,124.3944320678711
2020-10-27,131.2268524169922,121.12538146972656
2020-10-28,126.70367431640625,118.93402862548828
2020-10-29,128.05616760253906,117.9371566772461
2020-10-30,132.09571838378906,117.94612884521484
2020-11-02,133.90499877929688,122.22103118896484
2020-11-03,140.5330352783203,124.11602020263672
2020-11-04,134.99771118164062,124.91529083251953
2020-11-05,135.9739990234375,124.96918487548828
2020-11-06,136.78909301757812,125.12188720703125
2020-11-09,139.70008850097656,132.13597106933594
2020-11-10,144.68899536132812,135.88995361328125
2020-11-11,141.5541229248047,134.97390747070312
2020-11-12,141.9930419921875,132.4682159423828
2020-11-13,146.90135192871094,135.7462615966797
2020-11-16,146.22962951660156,137.3448944091797
2020-11-17,145.8355255126953,136.03366088867188
2020-11-18,146.01463317871094,137.85678100585938
2020-11-19,145.2891387939453,134.70449829101562
2020-11-20,142.18109130859375,133.2406005859375
2020-11-23,147.88662719726562,134.7314453125
2020-11-24,153.04579162597656,138.00946044921875
2020-11-25,149.2586212158203,136.54554748535156
2020-11-27,148.35694885253906,136.5635528564453
2020-11-30,144.4435577392578,134.1297149658203
2020-12-01,148.2577362060547,136.29408264160156
2020-12-02,147.130615234375,137.72206115722656
2020-12-03,147.63555908203125,138.1980438232422
2020-12-04,151.2063446044922,140.13792419433594
2020-12-07,153.32528686523438,137.40769958496094
2020-12-08,154.7229461669922,137.919677734375
2020-12-09,156.39109802246094,138.43154907226562
2020-12-10,157.3108367919922,135.0457763671875
2020-12-11,160.2323455810547,135.90792846679688
2020-12-14,157.7797088623047,137.71304321289062
2020-12-15,158.76254272460938,138.8447265625
2020-12-16,157.455078125,137.7669677734375
2020-12-17,153.71302795410156,136.14141845703125
2020-12-18,152.9465789794922,137.11138916015625
2020-12-21,149.024169921875,134.41709899902344
2020-12-22,147.54539489746094,131.57012939453125
2020-12-23,150.17837524414062,133.05201721191406
2020-12-24,149.14138793945312,133.8243408203125
2020-12-28,150.48495483398438,133.56390380859375
2020-12-29,150.20542907714844,132.5131072998047
2020-12-30,151.97279357910156,133.1867218017578
2020-12-31,153.7220458984375,133.65370178222656
2021-01-04,147.92413330078125,131.06723022460938
2021-01-05,149.28567504882812,131.1300811767578
2021-01-06,154.17291259765625,134.47998046875
2021-01-07,153.05482482910156,136.25820922851562
2021-01-08,152.4687042236328,135.40499877929688
2021-01-11,152.56785583496094,136.31210327148438
2021-01-12,155.2820281982422,137.85678100585938
2021-01-13,154.46145629882812,137.07545471191406
2021-01-14,155.1106719970703,139.39125061035156
2021-01-15,154.61474609375,138.55899047851562
2021-01-19,153.80322265625,138.52281188964844
2021-01-20,151.90061950683594,139.33697509765625
2021-01-21,150.48495483398438,136.65028381347656
2021-01-22,151.16122436523438,138.19715881347656
2021-01-25,150.14230346679688,138.54998779296875
2021-01-26,145.0657196044922,135.9899139404297
2021-01-27,147.15765380859375,138.1609649658203
2021-01-28,146.03054809570312,136.0803680419922
2021-01-29,141.86468505859375,132.68807983398438
2021-02-01,142.26145935058594,133.58364868164062
2021-02-02,143.92959594726562,135.52857971191406
2021-02-03,145.3542938232422,138.4775848388672
2021-02-04,145.39935302734375,142.5030975341797
2021-02-05,147.7888641357422,143.6700897216797
2021-02-08,148.79879760742188,144.41183471679688
2021-02-09,150.78250122070312,146.67333984375
2021-02-10,151.27847290039062,147.56890869140625
2021-02-11,153.7671661376953,147.85836791992188
2021-02-12,158.81666564941406,149.1067657470703
2021-02-16,157.94198608398438,147.7407684326172
2021-02-17,160.881591796875,148.79917907714844
2021-02-18,160.89056396484375,147.65936279296875
2021-02-19,164.22691345214844,149.06149291992188
2021-02-22,171.90036010742188,150.5450897216797
2021-02-23,168.0951690673828,151.38636779785156
2021-02-24,169.6100311279297,152.0286407470703
2021-02-25,166.22618103027344,150.3460235595703
2021-02-26,159.58547973632812,147.87649536132812
2021-03-01,161.85348510742188,151.1240234375
2021-03-02,162.96026611328125,151.6848602294922
2021-03-03,165.31898498535156,151.9291229248047
2021-03-04,162.72438049316406,149.95709228515625
2021-03-05,168.3852996826172,154.25396728515625
2021-03-08,173.36582946777344,156.21697998046875
2021-03-09,167.91355895996094,152.64376831054688
2021-03-10,170.426513671875,155.97271728515625
2021-03-11,172.2863006591797,156.19886779785156
2021-03-12,176.9855499267578,159.47357177734375
2021-03-15,179.87953186035156,159.85348510742188
2021-03-16,177.0218505859375,158.59613037109375
2021-03-17,179.57107543945312,160.58624267578125
2021-03-18,180.05189514160156,162.14215087890625
2021-03-19,178.95420837402344,160.6767120361328
2021-03-22,177.87464904785156,159.71783447265625
2021-03-23,173.7105255126953,158.1890411376953
2021-03-24,176.10557556152344,159.59112548828125
2021-03-25,181.5669403076172,162.8839569091797
2021-03-26,184.3066864013672,164.22276306152344
2021-03-29,188.11688232421875,165.8148956298828
2021-03-30,186.583740234375,164.7293701171875
2021-03-31,186.7470245361328,164.24085998535156
2021-04-01,185.2773895263672,163.5804901123047
2021-04-05,188.33462524414062,167.88644409179688
2021-04-06,188.12596130371094,167.4522247314453
2021-04-07,186.00314331054688,167.16275024414062
2021-04-08,187.46371459960938,167.62705993652344
2021-04-09,187.6724090576172,166.616455078125
2021-04-12,190.75685119628906,168.38279724121094
2021-04-13,187.01918029785156,165.96090698242188
2021-04-14,188.5705108642578,167.05348205566406
2021-04-15,189.01504516601562,167.4631805419922
2021-04-16,188.75192260742188,167.954833984375
2021-04-19,190.51190185546875,168.2462158203125
2021-04-20,188.30743408203125,167.59068298339844
2021-04-21,189.21461486816406,169.2113037109375
2021-04-22,184.9689178466797,167.982177734375
2021-04-23,187.0010528564453,169.78489685058594
2021-04-26,187.7631072998047,168.6103973388672
2021-04-27,188.1985626220703,169.24777221679688
2021-04-28,190.72962951660156,168.67413330078125
2021-04-29,193.206298828125,173.63623046875
2021-04-30,192.6166229248047,173.19918823242188
2021-05-03,195.1749267578125,174.52847290039062
2021-05-04,194.49449157714844,174.80162048339844
2021-05-05,193.11558532714844,173.60887145996094
2021-05-06,198.0507354736328,175.4298553466797
2021-05-07,196.85324096679688,177.37826538085938
2021-05-10,199.01234436035156,177.1779327392578
2021-05-11,194.7757568359375,174.3918914794922
2021-05-12,192.45333862304688,170.14910888671875
2021-05-13,195.31097412109375,174.16429138183594
2021-05-14,196.14561462402344,174.75607299804688
2021-05-17,196.71714782714844,174.49203491210938
2021-05-18,193.56918334960938,172.39796447753906
2021-05-19,193.39678955078125,171.6422119140625
2021-05-20,192.8343505859375,172.13392639160156
2021-05-21,193.84133911132812,172.8804931640625
2021-05-24,195.90975952148438,172.6255645751953
2021-05-25,192.2174835205078,171.9973602294922
2021-05-26,193.03392028808594,172.0974884033203
2021-05-27,196.66403198242188,173.59979248046875
2021-05-28,197.20216369628906,172.90785217285156
2021-06-01,198.9168701171875,172.57095336914062
2021-06-02,199.67388916015625,174.3918914794922
2021-06-03,201.21534729003906,173.72726440429688
2021-06-04,202.711181640625,176.24017333984375
2021-06-07,201.82643127441406,174.60133361816406
2021-06-08,203.0851287841797,175.46627807617188
2021-06-09,201.59841918945312,174.69235229492188
2021-06-10,201.34303283691406,174.33726501464844
2021-06-11,201.57107543945312,174.34637451171875
2021-06-14,200.47653198242188,173.75457763671875
2021-06-15,200.74105834960938,175.2203826904297
2021-06-16,197.7311248779297,173.0626220703125
2021-06-17,193.033935546875,170.8774871826172
2021-06-18,188.96600341796875,168.57400512695312
2021-06-21,194.31996154785156,173.699951171875
2021-06-22,192.99745178222656,172.60736083984375
2021-06-23,191.0729522705078,170.0853729248047
2021-06-24,192.51402282714844,171.26898193359375
2021-06-25,194.52975463867188,172.8167724609375
2021-06-28,192.5961456298828,171.9609375
2021-06-29,189.5588836669922,169.98519897460938
2021-06-30,192.22215270996094,171.4055633544922
2021-07-01,193.4990692138672,172.30349731445312
2021-07-02,193.33489990234375,172.75244140625
2021-07-06,187.76206970214844,171.2589111328125
2021-07-07,188.70152282714844,173.89779663085938
2021-07-08,185.6551513671875,172.27603149414062
2021-07-09,188.09042358398438,174.2917938232422
2021-07-12,186.6949462890625,173.47630310058594
2021-07-13,184.84341430664062,172.9357147216797
2021-07-14,183.93130493164062,173.59544372558594
2021-07-15,183.67593383789062,173.49465942382812
2021-07-16,183.09219360351562,173.43051147460938
2021-07-19,178.1395721435547,168.6750946044922
2021-07-20,185.0531768798828,174.099365234375
2021-07-21,186.75877380371094,175.58372497558594
2021-07-22,184.396484375,174.6124725341797
2021-07-23,185.83758544921875,175.7944793701172
2021-07-26,187.13272094726562,175.84942626953125
2021-07-27,186.45777893066406,177.80108642578125
2021-07-28,186.84999084472656,179.1388397216797
2021-07-29,189.01162719726562,181.54861450195312
2021-07-30,187.0962371826172,179.6152801513672
2021-08-02,185.5365753173828,179.43202209472656
2021-08-03,186.39390563964844,180.7972869873047
2021-08-04,182.79119873046875,179.46864318847656
2021-08-05,185.3359375,180.22006225585938
2021-08-06,187.50669860839844,182.40989685058594
2021-08-09,187.0962371826172,180.72401428222656
2021-08-10,188.7471160888672,182.35491943359375
2021-08-11,190.56216430664062,183.8850860595703
2021-08-12,189.248779296875,182.49234008789062
2021-08-13,187.8350372314453,181.75933837890625
2021-08-16,187.66172790527344,183.67433166503906
2021-08-17,187.58877563476562,182.6298370361328
2021-08-18,183.48439025878906,180.32081604003906
2021-08-19,182.56314086914062,179.1204833984375
2021-08-20,184.90724182128906,180.77896118164062
2021-08-23,187.87147521972656,181.42947387695312
2021-08-24,187.92623901367188,182.2633056640625
2021-08-25,188.09042358398438,182.6114959716797
2021-08-26,187.48509216308594,182.40072631835938
2021-08-27,189.8422088623047,182.99630737304688
2021-08-30,189.8605194091797,182.5106658935547
2021-08-31,187.25579833984375,183.5369110107422
2021-09-01,186.173583984375,183.0604248046875
2021-09-02,188.1362762451172,185.36026000976562
2021-09-03,186.33868408203125,185.50686645507812
2021-09-07,182.7342529296875,185.4427032470703
2021-09-08,182.96351623535156,187.28439331054688
2021-09-09,182.81678771972656,186.74383544921875
2021-09-10,181.76202392578125,184.7188720703125
2021-09-13,184.33006286621094,182.72142028808594
2021-09-14,181.36770629882812,180.19252014160156
2021-09-15,182.69752502441406,181.86009216308594
2021-09-16,178.91888427734375,178.5615692138672
2021-09-17,178.83631896972656,178.781494140625
2021-09-20,177.58900451660156,177.23297119140625
2021-09-21,173.6360626220703,175.1805877685547
2021-09-22,175.60792541503906,177.52621459960938
2021-09-23,178.423583984375,180.27499389648438
2021-09-24,179.18482971191406,180.8888702392578
2021-09-27,180.73484802246094,181.20045471191406
2021-09-28,180.25791931152344,180.59568786621094
2021-09-29,180.98245239257812,181.7776641845703
2021-09-30,177.06622314453125,179.6152801513672
2021-10-01,178.09344482421875,181.6218719482422
2021-10-04,178.9005126953125,180.97132873535156
2021-10-05,178.7812957763672,181.5669403076172
2021-10-06,180.47802734375,182.66647338867188
2021-10-07,186.05433654785156,185.94793701171875
2021-10-08,189.29188537597656,186.3074188232422
2021-10-11,193.3549346923828,187.00796508789062
2021-10-12,194.59304809570312,187.6255645751953
2021-10-13,190.74099731445312,187.4780731201172
2021-10-14,191.19041442871094,189.09115600585938
2021-10-15,193.0797576904297,191.78269958496094
2021-10-18,190.2640838623047,190.49224853515625
2021-10-19,192.07089233398438,192.29888916015625
2021-10-20,194.18032836914062,192.13296508789062
2021-10-21,193.63917541503906,191.76426696777344
2021-10-22,195.19837951660156,193.12847900390625
2021-10-25,194.87738037109375,191.6444549560547
2021-10-26,187.41171264648438,188.56576538085938
2021-10-27,185.85255432128906,189.69027709960938
2021-10-28,187.5768280029297,186.75906372070312
2021-10-29,185.9351348876953,186.88812255859375
2021-11-01,185.33895874023438,186.09539794921875
2021-11-02,183.33956909179688,185.9663543701172
2021-11-03,183.38539123535156,185.46859741210938
2021-11-04,175.46119689941406,182.65724182128906
2021-11-05,177.9466552734375,185.27503967285156
2021-11-08,178.0475311279297,186.7867431640625
2021-11-09,178.6162109375,187.00796508789062
2021-11-10,177.7632598876953,185.57923889160156
2021-11-11,173.22329711914062,183.5144500732422
2021-11-12,176.1123504638672,185.2473907470703
2021-11-15,174.6357421875,185.33958435058594
2021-11-16,172.71885681152344,183.19186401367188
2021-11-17,171.2239227294922,183.8555145263672
2021-11-18,169.84815979003906,182.50973510742188
2021-11-19,169.4721221923828,180.95196533203125
2021-11-22,174.71827697753906,183.7633819580078
2021-11-23,173.54432678222656,184.62060546875
2021-11-24,172.10458374023438,183.19186401367188
2021-11-26,169.14205932617188,178.24197387695312
2021-11-29,167.71151733398438,179.22828674316406
2021-11-30,163.82608032226562,174.1862030029297
2021-12-01,162.96775817871094,174.62864685058594
2021-12-02,164.54591369628906,179.26512145996094
2021-12-03,167.19468688964844,182.16867065429688
2021-12-06,171.54159545898438,183.9569091796875
2021-12-07,170.45257568359375,183.7265167236328
2021-12-08,171.9753875732422,185.1644287109375
2021-12-09,171.61544799804688,186.1322784423828
2021-12-10,171.63389587402344,188.89759826660156
2021-12-13,172.9075469970703,187.57025146484375
2021-12-14,171.8461456298828,187.5518035888672
2021-12-15,174.80873107910156,190.1051025390625
2021-12-16,174.1811065673828,190.04978942871094
2021-12-17,169.9172821044922,186.3811492919922
2021-12-20,165.73648071289062,183.1365509033203
2021-12-21,169.02206420898438,187.38589477539062
2021-12-22,166.4379119873047,187.81912231445312
2021-12-23,168.1637420654297,188.67637634277344
2021-12-27,169.9818878173828,190.9254913330078
2021-12-28,171.91998291015625,191.42323303222656
2021-12-29,171.18167114257812,191.62600708007812
2021-12-30,170.95095825195312,191.30340576171875
2021-12-31,172.3445281982422,192.16065979003906
2022-01-03,171.698486328125,191.2296600341797
2022-01-04,174.88253784179688,195.46054077148438
2022-01-05,172.57525634765625,193.85670471191406
2022-01-06,175.90695190429688,195.17481994628906
2022-01-07,178.08506774902344,195.49742126464844
2022-01-10,181.07528686523438,194.1332550048828
2022-01-11,183.55792236328125,195.02731323242188
2022-01-12,181.96128845214844,195.3499298095703
2022-01-13,180.53077697753906,195.93394470214844
2022-01-14,182.44119262695312,197.53759765625
2022-01-18,180.4938507080078,195.73928833007812
2022-01-19,178.74952697753906,194.99771118164062
2022-01-20,176.86680603027344,193.71847534179688
2022-01-21,176.36843872070312,191.4566650390625
2022-01-24,180.56765747070312,191.9572296142578
2022-01-25,179.66323852539062,190.91900634765625
2022-01-26,177.12522888183594,189.95497131347656
2022-01-27,173.9042510986328,193.5516357421875
2022-01-28,173.20286560058594,197.27804565429688
2022-01-31,172.76905822753906,196.61062622070312
2022-02-01,171.21859741210938,197.32440185546875
2022-02-02,172.59371948242188,198.44606018066406
2022-02-03,169.38197326660156,196.67552185058594
2022-02-04,168.5329132080078,196.78675842285156
2022-02-07,169.83421325683594,196.629150390625
2022-02-08,171.6615753173828,198.7982940673828
2022-02-09,172.7598876953125,199.70672607421875
2022-02-10,165.80108642578125,196.07301330566406
2022-02-11,169.69580078125,198.1494140625
2022-02-14,167.2869415283203,195.74856567382812
2022-02-15,166.24411010742188,197.23171997070312
2022-02-16,168.50521850585938,198.75192260742188
2022-02-17,170.6648406982422,198.74264526367188
2022-02-18,171.74465942382812,200.05897521972656
2022-02-22,172.47373962402344,200.98593139648438
2022-02-23,172.9444122314453,200.4761199951172
2022-02-24,178.31268310546875,202.57106018066406
2022-02-25,185.6220245361328,211.3309326171875
2022-02-28,189.8385772705078,217.3284454345703
2022-03-01,189.6063690185547,216.2809600830078
2022-03-02,193.64649963378906,218.53347778320312
2022-03-03,195.96841430664062,220.73973083496094
2022-03-04,202.50686645507812,227.3767852783203
2022-03-07,203.147705078125,229.23074340820312
2022-03-08,194.51954650878906,218.1256103515625
2022-03-09,193.3214111328125,219.5160675048828
2022-03-10,195.66188049316406,218.32032775878906
2022-03-11,191.38961791992188,215.5023193359375
2022-03-14,187.55380249023438,216.75369262695312
2022-03-15,188.0739288330078,220.26693725585938
2022-03-16,180.51382446289062,211.06210327148438
2022-03-17,183.2722625732422,213.67616271972656
2022-03-18,179.8915557861328,213.41664123535156
2022-03-21,186.37432861328125,218.8301544189453
2022-03-22,186.7179412841797,220.46157836914062
2022-03-23,188.57546997070312,222.185791015625
2022-03-24,189.08627319335938,223.40008544921875
2022-03-25,191.2967529296875,226.5147247314453
2022-03-28,186.07713317871094,223.29812622070312
2022-03-29,187.85104370117188,223.4835205078125
2022-03-30,188.83554077148438,226.47764587402344
2022-03-31,185.23190307617188,223.56695556640625
2022-04-01,188.19468688964844,224.79978942871094
2022-04-04,187.4888153076172,221.7593536376953
2022-04-05,186.792236328125,221.68519592285156
2022-04-06,187.71173095703125,223.17764282226562
2022-04-07,193.10780334472656,227.0075225830078
2022-04-08,191.23171997070312,225.5445098876953
2022-04-11,190.6187286376953,226.95162963867188
2022-04-12,195.0117950439453,227.20321655273438
2022-04-13,197.7701416015625,227.10069274902344
2022-04-14,206.80703735351562,227.128662109375
2022-04-18,207.0020751953125,227.24049377441406
2022-04-19,208.14447021484375,229.78443908691406
2022-04-20,211.097900390625,230.80947875976562
2022-04-21,206.1661834716797,225.56314086914062
2022-04-22,206.34262084960938,222.5159912109375
2022-04-25,202.9619598388672,222.8794708251953
2022-04-26,203.0826873779297,220.7827911376953
2022-04-27,204.1879425048828,223.62490844726562
2022-04-28,202.5440216064453,224.7617645263672
2022-04-29,197.5844268798828,220.41001892089844
2022-05-02,197.20362854003906,217.35357666015625
2022-05-03,199.46054077148438,217.4747314453125
2022-05-04,206.31480407714844,226.3645477294922
2022-05-05,204.08578491210938,222.93536376953125
2022-05-06,200.8444061279297,223.27081298828125
2022-05-09,195.0210418701172,213.7379608154297
2022-05-10,194.7145538330078,213.6727752685547
2022-05-11,191.35244750976562,211.4736328125
2022-05-12,189.25347900390625,208.2587432861328
2022-05-13,189.26275634765625,210.8865509033203
2022-05-16,190.19149780273438,212.27499389648438
2022-05-17,194.08302307128906,215.8346710205078
2022-05-18,188.38970947265625,210.5790252685547
2022-05-19,186.43002319335938,202.93788146972656
2022-05-20,183.67160034179688,198.94960021972656
2022-05-23,186.30929565429688,201.93148803710938
2022-05-24,189.54139709472656,204.83888244628906
2022-05-25,191.43605041503906,205.0531768798828
2022-05-26,197.56382751464844,206.18072509765625
2022-05-27,200.272705078125,211.0729522705078
2022-05-31,196.5923309326172,209.5819549560547
2022-06-01,196.5923309326172,210.8026885986328
2022-06-02,197.84402465820312,213.80322265625
2022-06-03,198.8155059814453,214.4462127685547
2022-06-06,198.50726318359375,214.2318572998047
2022-06-07,201.89808654785156,219.52479553222656
2022-06-08,200.13259887695312,215.59237670898438
2022-06-09,199.89906311035156,211.42701721191406
2022-06-10,198.0215301513672,209.321044921875
2022-06-13,193.6685791015625,202.7049560546875
2022-06-14,191.3146209716797,201.18600463867188
2022-06-15,192.11795043945312,203.06834411621094
2022-06-16,187.8117218017578,197.44931030273438
2022-06-17,187.4193878173828,195.48312377929688
2022-06-21,195.5648193359375,201.79171752929688
2022-06-22,195.6488800048828,201.28848266601562
2022-06-23,196.16265869140625,201.8383331298828
2022-06-24,201.15078735351562,207.17776489257812
2022-06-27,203.98114013671875,208.26808166503906
2022-06-28,202.8695068359375,205.4632110595703
2022-06-29,201.66455078125,204.33566284179688
2022-06-30,203.46739196777344,207.36293029785156
2022-07-01,206.4004669189453,209.80906677246094
2022-07-05,196.03189086914062,201.064697265625
2022-07-06,200.13259887695312,205.7789764404297
2022-07-07,202.990966796875,206.7349853515625
2022-07-08,201.46836853027344,207.23170471191406
2022-07-11,201.60850524902344,205.95706176757812
2022-07-12,198.20835876464844,203.03289794921875
2022-07-13,194.51861572265625,199.9962615966797
2022-07-14,190.69810485839844,197.2407684326172
2022-07-15,191.146484375,199.41519165039062
2022-07-18,188.5309600830078,196.62222290039062
2022-07-19,193.47239685058594,201.20529174804688
2022-07-20,195.1351318359375,203.1172332763672
2022-07-21,194.99497985839844,203.27658081054688
2022-07-22,194.97633361816406,203.15475463867188
2022-07-25,196.7044219970703,205.0667266845703
2022-07-26,196.66705322265625,203.9701385498047
2022-07-27,196.5082550048828,206.05078125
2022-07-28,198.47923278808594,209.7528839111328
2022-07-29,202.5519256591797,212.4427032470703
2022-08-01,203.2992401123047,211.9834747314453
2022-08-02,203.14044189453125,212.7895050048828
2022-08-03,204.28005981445312,216.19163513183594
2022-08-04,213.73321533203125,214.7764434814453
2022-08-05,212.5842742919922,214.4015350341797
2022-08-08,208.3900909423828,211.6179656982422
2022-08-09,210.63198852539062,213.33311462402344
2022-08-10,212.0611572265625,215.99484252929688
2022-08-11,212.36007690429688,217.2694854736328
2022-08-12,215.27450561523438,223.0146942138672
2022-08-15,217.23614501953125,226.10760498046875
2022-08-16,218.15155029296875,226.32313537597656
2022-08-17,220.6082305908203,227.45726013183594
2022-08-18,221.17803955078125,228.3944549560547
2022-08-19,219.97303771972656,226.50123596191406
2022-08-22,219.50599670410156,219.77191162109375
2022-08-23,220.58021545410156,219.31263732910156
2022-08-24,223.56002807617188,219.77191162109375
2022-08-25,226.77989196777344,223.07095336914062
2022-08-26,221.72947692871094,217.99114990234375
2022-08-29,221.28826904296875,219.03146362304688
2022-08-30,217.38314819335938,216.61341857910156
2022-08-31,216.1533966064453,214.56085205078125
2022-09-01,213.543701171875,211.22430419921875
2022-09-02,212.90538024902344,210.7650909423828
2022-09-06,215.04566955566406,210.45582580566406
2022-09-07,218.39697265625,213.445556640625
2022-09-08,217.96517944335938,213.39869689941406
2022-09-09,220.8846435546875,217.0726776123047
2022-09-12,220.6029815673828,220.6622772216797
2022-09-13,215.24281311035156,213.6704864501953
2022-09-14,218.60350036621094,216.24789428710938
2022-09-15,218.06842041015625,214.1204071044922
2022-09-16,217.8900604248047,213.17372131347656
2022-09-19,220.23690795898438,214.65460205078125
2022-09-20,218.54718017578125,214.7295684814453
2022-09-21,218.3312530517578,213.87669372558594
2022-09-22,221.07237243652344,213.77357482910156
2022-09-23,216.1627960205078,207.97210693359375
2022-09-26,212.96170043945312,206.59437561035156
2022-09-27,211.1217803955078,204.94482421875
2022-09-28,211.54421997070312,206.6131591796875
2022-09-29,209.64794921875,200.97100830078125
2022-09-30,207.93008422851562,198.85284423828125
2022-10-03,213.16819763183594,206.6881103515625
2022-10-04,217.96517944335938,212.4145965576172
2022-10-05,218.73492431640625,212.45208740234375
2022-10-06,217.61781311035156,210.55772399902344
2022-10-07,218.61289978027344,210.8121795654297
2022-10-10,220.65933227539062,212.44264221191406
2022-10-11,220.3214111328125,214.63865661621094
2022-10-12,212.81150817871094,210.47288513183594
2022-10-13,216.52890014648438,215.94866943359375
2022-10-14,209.49774169921875,208.4465789794922
2022-10-17,214.04124450683594,215.67535400390625
2022-10-18,223.9542999267578,223.8183135986328
2022-10-19,228.2443084716797,225.59957885742188
2022-10-20,228.1222686767578,223.7806396484375
2022-10-21,234.58078002929688,228.64378356933594
2022-10-24,236.63661193847656,229.78416442871094
2022-10-25,237.22802734375,231.61257934570312
2022-10-26,235.87625122070312,231.56546020507812
2022-10-27,238.1104278564453,233.73312377929688
2022-10-28,241.5931396484375,236.2966766357422
2022-10-31,241.32090759277344,235.42958068847656
2022-11-01,241.10501098632812,235.53323364257812
2022-11-02,238.23245239257812,232.19686889648438
2022-11-03,229.28631591796875,234.61904907226562
2022-11-04,229.0046844482422,235.01486206054688
2022-11-07,229.3708038330078,237.107177734375
2022-11-08,229.5491485595703,238.011962890625
2022-11-09,224.16082763671875,235.16567993164062
2022-11-10,229.21121215820312,238.89785766601562
2022-11-11,213.63755798339844,229.14328002929688
2022-11-14,207.57333374023438,228.8511199951172
2022-11-15,209.53530883789062,231.98011779785156
2022-11-16,210.22059631347656,230.78317260742188
2022-11-17,210.29568481445312,232.3382568359375
2022-11-18,213.3841094970703,233.94046020507812
2022-11-21,218.43450927734375,236.16468811035156
2022-11-22,216.29417419433594,237.0506134033203
2022-11-23,214.7935333251953,237.7763214111328
2022-11-25,217.41732788085938,239.17117309570312
2022-11-28,216.04879760742188,236.0798797607422
2022-11-29,215.2088165283203,236.76788330078125
2022-11-30,218.92747497558594,237.87057495117188
2022-12-01,217.92697143554688,237.75746154785156
2022-12-02,227.15750122070312,241.02786254882812
2022-12-05,222.58944702148438,236.47572326660156
2022-12-06,222.46676635742188,233.9969940185547
2022-12-07,221.15487670898438,232.0460968017578
2022-12-08,222.02317810058594,233.43153381347656
2022-12-09,220.24880981445312,232.8283233642578
2022-12-12,222.20248413085938,235.25991821289062
2022-12-13,218.91799926757812,234.42111206054688
2022-12-14,220.26768493652344,234.6944580078125
2022-12-15,215.6712646484375,231.0376739501953
2022-12-16,218.27621459960938,231.98011779785156
2022-12-19,216.6717529296875,230.2459716796875
2022-12-20,215.94500732421875,232.43251037597656
2022-12-21,217.46450805664062,235.5897979736328
2022-12-22,216.162109375,232.40423583984375
2022-12-23,217.1436309814453,233.6388702392578
2022-12-27,219.05014038085938,234.43055725097656
2022-12-28,216.42633056640625,232.7623748779297
2022-12-29,217.99307250976562,234.8923797607422
2022-12-30,217.71932983398438,233.83682250976562
2023-01-03,215.520263671875,234.29859924316406
2023-01-04,215.3409423828125,231.11306762695312
2023-01-05,214.1989288330078,230.5475616455078
2023-01-06,217.18138122558594,233.96875
2023-01-09,209.1117706298828,231.10365295410156
2023-01-10,211.38636779785156,233.29957580566406
2023-01-11,214.27444458007812,234.38345336914062
2023-01-12,215.63352966308594,233.4503936767578
2023-01-13,210.53692626953125,226.46665954589844
2023-01-17,209.10232543945312,227.2677459716797
2023-01-18,207.007080078125,223.36593627929688
2023-01-19,205.47808837890625,219.39585876464844
2023-01-20,205.84616088867188,220.57077026367188
2023-01-23,205.6951446533203,220.2486114501953
2023-01-24,207.78099060058594,223.0911407470703
2023-01-25,204.6758270263672,214.97097778320312
2023-01-26,205.317626953125,216.13641357421875
2023-01-27,205.9594268798828,215.54896545410156
2023-01-30,204.4965057373047,216.09854125976562
2023-01-31,208.14907836914062,220.8265838623047
2023-02-01,206.09153747558594,218.35357666015625
2023-02-02,205.47808837890625,219.26319885253906
2023-02-03,204.7796630859375,219.3863525390625
2023-02-06,209.53648376464844,220.1538543701172
2023-02-07,212.65106201171875,219.78433227539062
2023-02-08,213.01913452148438,217.09339904785156
2023-02-09,208.06411743164062,216.65757751464844
2023-02-10,208.89468383789062,220.9782257080078
2023-02-13,206.63897705078125,220.65603637695312
2023-02-14,204.04348754882812,219.88858032226562
2023-02-15,206.13876342773438,220.26759338378906
2023-02-16,206.62010192871094,219.15896606445312
2023-02-17,211.92433166503906,222.91111755371094
2023-02-21,209.54592895507812,221.26246643066406
2023-02-22,208.34727478027344,221.3856201171875
2023-02-23,206.2591552734375,219.2252960205078
2023-02-24,209.5242156982422,219.7748565673828
2023-02-27,206.32559204101562,218.5146484375
2023-02-28,204.25643920898438,215.94691467285156
2023-03-01,204.75949096679688,215.73846435546875
2023-03-02,206.4584503173828,218.16407775878906
2023-03-03,207.38864135742188,218.91262817382812
2023-03-06,205.80355834960938,220.3907470703125
2023-03-07,203.11746215820312,217.91773986816406
2023-03-08,201.55140686035156,215.14154052734375
2023-03-09,199.3303680419922,211.1714630126953
2023-03-10,197.38465881347656,209.33328247070312
2023-03-13,198.52359008789062,207.3056182861328
2023-03-14,197.7548065185547,208.29103088378906
2023-03-15,194.9832763671875,205.3727264404297
2023-03-16,194.82192993164062,208.49951171875
2023-03-17,189.23143005371094,206.69920349121094
2023-03-20,192.99005126953125,208.36685180664062
2023-03-21,195.07818603515625,210.69769287109375
2023-03-22,189.2694091796875,207.72251892089844
2023-03-23,186.72569274902344,208.55633544921875
2023-03-24,189.85789489746094,211.76841735839844
2023-03-27,194.46124267578125,213.21807861328125
2023-03-28,196.30259704589844,213.66343688964844
2023-03-29,198.1629180908203,214.8951873779297
2023-03-30,196.4449462890625,214.6014404296875
2023-03-31,196.49244689941406,216.23117065429688
2023-04-03,198.37173461914062,220.16334533691406
2023-04-04,197.73580932617188,217.2829132080078
2023-04-05,197.0998992919922,216.96075439453125
2023-04-06,195.64768981933594,215.75741577148438
2023-04-10,199.01715087890625,217.027099609375
2023-04-11,198.5330810546875,216.28805541992188
2023-04-12,199.8239288330078,217.2071075439453
2023-04-13,200.69712829589844,218.01715087890625
2023-04-14,199.2734375,216.9879150390625
2023-04-17,200.6306915283203,218.67474365234375
2023-04-18,201.24766540527344,219.15122985839844
2023-04-19,200.2985076904297,218.04576110839844
2023-04-20,200.93441772460938,216.82589721679688
2023-04-21,198.0964813232422,214.4434051513672
2023-04-24,198.66598510742188,213.94784545898438
2023-04-25,195.8849639892578,212.27059936523438
2023-04-26,189.69654846191406,204.73236083984375
2023-04-27,191.13925170898438,205.55198669433594
2023-04-28,191.40499877929688,208.07736206054688
2023-05-01,191.8795623779297,207.87725830078125
2023-05-02,186.72569274902344,202.9978790283203
2023-05-03,186.83010864257812,200.138916015625
2023-05-04,182.92913818359375,199.03346252441406
2023-05-05,187.4660186767578,201.95916748046875
2023-05-08,184.35284423828125,200.80604553222656
2023-05-09,184.590087890625,201.27301025390625
2023-05-10,188.2538299560547,201.5874786376953
2023-05-11,186.75418090820312,198.27105712890625
2023-05-12,185.33995056152344,200.09129333496094
2023-05-15,187.38063049316406,200.32955932617188
2023-05-16,186.4789276123047,197.83267211914062
2023-05-17,190.47482299804688,201.3873748779297
2023-05-18,190.90196228027344,201.01568603515625
2023-05-19,190.43687438964844,200.7488555908203
2023-05-22,192.95211791992188,202.53094482421875
2023-05-23,192.07888793945312,197.22276306152344
2023-05-24,191.77516174316406,196.82249450683594
2023-05-25,189.15843200683594,194.74496459960938
2023-05-26,192.23355102539062,195.6026611328125
2023-05-30,192.95936584472656,195.5931396484375
2023-05-31,192.3195343017578,194.58294677734375
2023-06-01,192.15716552734375,195.6789093017578
2023-06-02,198.14505004882812,199.2621612548828
2023-06-05,198.37425231933594,199.41464233398438
2023-06-06,200.43710327148438,200.90133666992188
2023-06-07,204.8778839111328,204.11293029785156
2023-06-08,206.76878356933594,203.5030059814453
2023-06-09,205.62277221679688,202.29270935058594
2023-06-12,204.60092163085938,203.05511474609375
2023-06-13,206.81654357910156,203.7603302001953
2023-06-14,205.63232421875,202.16880798339844
2023-06-15,208.7552032470703,204.85626220703125
2023-06-16,211.2286834716797,207.12440490722656
2023-06-20,208.64060974121094,205.36134338378906
2023-06-21,209.79615783691406,207.30548095703125
2023-06-22,208.14401245117188,204.3702392578125
2023-06-23,207.1985626220703,202.40704345703125
2023-06-26,208.7456512451172,202.1211395263672
2023-06-27,211.2286834716797,202.09255981445312
2023-06-28,210.5028533935547,201.0823974609375
2023-06-29,216.74862670898438,204.23681640625
2023-06-30,217.35986328125,205.0373077392578
2023-07-03,218.4580841064453,205.6377410888672
2023-07-05,217.43621826171875,205.07545471191406
2023-07-06,215.73631286621094,205.46859741210938
2023-07-07,214.1605682373047,205.3439178466797
2023-07-10,217.61769104003906,205.85214233398438
2023-07-11,220.5782012939453,208.2493438720703
2023-07-12,219.26026916503906,208.66165161132812
2023-07-13,218.00924682617188,208.0383758544922
2023-07-14,218.0760955810547,206.46585083007812
2023-07-17,222.59327697753906,207.47264099121094
2023-07-18,219.26983642578125,204.73988342285156
2023-07-19,219.15524291992188,204.7686004638672
2023-07-20,222.39273071289062,207.19456481933594
2023-07-21,221.1511993408203,206.6096649169922
2023-07-24,220.81695556640625,208.69044494628906
2023-07-25,221.17030334472656,209.03561401367188
2023-07-26,223.91119384765625,213.61907958984375
2023-07-27,220.21530151367188,210.78079223632812
2023-07-28,220.08160400390625,213.48480224609375
2023-07-31,219.33668518066406,214.3861541748047
2023-08-01,219.6232147216797,216.07379150390625
2023-08-02,217.56996154785156,216.94638061523438
2023-08-03,216.08013916015625,216.35186767578125
2023-08-04,216.63400268554688,214.79847717285156
2023-08-07,220.16757202148438,217.84771728515625
2023-08-08,215.85092163085938,215.23956298828125
2023-08-09,217.41714477539062,216.8408966064453
2023-08-10,214.58074951171875,216.38064575195312
2023-08-11,216.67222595214844,217.65594482421875
2023-08-14,217.44581604003906,217.0614471435547
2023-08-15,212.7566680908203,213.95469665527344
2023-08-16,213.6639404296875,214.395751953125
2023-08-17,210.39781188964844,213.1683807373047
2023-08-18,209.5669708251953,215.19161987304688
2023-08-21,210.0158233642578,215.057373046875
2023-08-22,210.69383239746094,215.057373046875
2023-08-23,210.31187438964844,215.61355590820312
2023-08-24,209.47630310058594,214.673828125
2023-08-25,209.89889526367188,214.395751953125
2023-08-28,210.29266357421875,216.08338928222656
2023-08-29,210.35031127929688,216.8504638671875
2023-08-30,212.06942749023438,217.89566040039062
2023-08-31,211.5988311767578,217.32034301757812
2023-09-01,212.11746215820312,217.0614471435547
2023-09-05,208.52549743652344,214.1464385986328
2023-09-06,200.91897583007812,209.08355712890625
2023-09-07,201.0918731689453,209.69725036621094
2023-09-08,202.49407958984375,208.9109649658203
2023-09-11,202.74380493164062,207.37673950195312
2023-09-12,202.98388671875,208.4411163330078
2023-09-13,201.22634887695312,210.65611267089844
2023-09-14,204.50132751464844,212.35333251953125
2023-09-15,203.27200317382812,214.83685302734375
2023-09-18,203.87710571289062,215.10531616210938
2023-09-19,200.6500701904297,213.68618774414062
2023-09-20,197.44229125976562,216.27516174316406
2023-09-21,194.4842071533203,212.75608825683594
2023-09-22,193.12042236328125,209.3616180419922
2023-09-25,193.36053466796875,210.31092834472656
2023-09-26,192.47695922851562,209.20822143554688
2023-09-27,195.1468963623047,211.9122772216797
2023-09-28,196.94287109375,213.24508666992188
2023-09-29,196.48187255859375,211.88348388671875
2023-10-02,194.0135955810547,213.7628631591797
2023-10-03,194.21530151367188,211.66294860839844
2023-10-04,193.66786193847656,210.31092834472656
2023-10-05,192.3616943359375,209.09542846679688
2023-10-06,194.50344848632812,212.17279052734375
2023-10-09,212.67449951171875,230.05801391601562
2023-10-10,210.65760803222656,228.3119659423828
2023-10-11,211.57958984375,229.3827362060547
2023-10-12,210.14862060546875,229.01614379882812
2023-10-13,215.93028259277344,234.45700073242188
2023-10-16,216.24722290039062,234.29299926757812
2023-10-17,214.13430786132812,232.74951171875
2023-10-18,214.18231201171875,231.34104919433594
2023-10-19,212.56884765625,229.5467529296875
2023-10-20,210.41751098632812,226.64305114746094
2023-10-23,207.77638244628906,224.97415161132812
2023-10-24,205.84593200683594,224.77157592773438
2023-10-25,206.5470428466797,233.83961486816406
2023-10-26,209.3994598388672,232.054931640625
2023-10-27,204.68382263183594,229.83616638183594
2023-10-30,208.74639892578125,230.5403594970703
2023-10-31,211.1186065673828,232.7880859375
2023-11-01,212.2423095703125,234.12899780273438
2023-11-02,224.59324645996094,235.39273071289062
2023-11-03,224.69888305664062,234.6210174560547
2023-11-06,225.2655487060547,235.31556701660156
2023-11-07,223.0469970703125,234.15792846679688
2023-11-08,219.4742431640625,233.4730224609375
2023-11-09,219.10928344726562,231.620849609375
2023-11-10,220.8284149169922,234.948974609375
2023-11-13,224.1226348876953,237.93948364257812
2023-11-14,226.58131408691406,239.10678100585938
2023-11-15,225.6016845703125,237.08096313476562
2023-11-16,225.28475952148438,236.5985870361328
2023-11-17,227.3784637451172,236.04872131347656
2023-11-20,230.07723999023438,237.10023498535156
2023-11-21,229.80831909179688,237.7079620361328
2023-11-22,229.90487670898438,238.59548950195312
2023-11-24,230.15594482421875,239.0778350830078
2023-11-27,228.33084106445312,237.6597442626953
2023-11-28,228.5529327392578,236.55999755859375
2023-11-29,225.7235870361328,236.18377685546875
2023-11-30,228.8812713623047,238.24818420410156
2023-12-01,230.54222106933594,240.87213134765625
2023-12-04,234.26966857910156,243.3031768798828
2023-12-05,232.2224578857422,242.02976989746094
2023-12-06,235.2256622314453,243.05235290527344
2023-12-07,236.770751953125,242.60858154296875
2023-12-08,238.412353515625,243.38034057617188
2023-12-11,241.78253173828125,243.50572204589844
2023-12-12,245.74172973632812,244.25816345214844
2023-12-13,248.74493408203125,246.81460571289062
2023-12-14,247.0453643798828,242.28057861328125
2023-12-15,244.84368896484375,243.63113403320312
2023-12-18,246.26318359375,243.93983459472656
2023-12-19,248.1848907470703,244.92384338378906
2023-12-20,243.76211547851562,240.74671936035156
2023-12-21,245.29754638671875,243.515380859375
2023-12-22,247.29644775390625,245.12640380859375
2023-12-26,248.97671508789062,247.16188049316406
2023-12-27,249.44024658203125,248.33880615234375
2023-12-28,249.59474182128906,249.0237579345703
2023-12-29,250.72457885742188,250.4997100830078
2024-01-02,251.1784210205078,249.46751403808594
2024-01-03,247.4992218017578,247.48023986816406
2024-01-04,247.51856994628906,247.13294982910156
2024-01-05,243.8297119140625,244.93345642089844
2024-01-08,246.59152221679688,244.85629272460938
2024-01-09,244.5443115234375,242.36741638183594
2024-01-10,244.1387481689453,242.3770751953125
2024-01-11,242.02394104003906,241.1133270263672
2024-01-12,245.93487548828125,245.81134033203125
2024-01-16,246.41769409179688,241.79823303222656
2024-01-17,246.06040954589844,241.1422576904297
2024-01-18,251.25564575195312,243.372802734375
2024-01-19,247.43167114257812,241.81141662597656
2024-01-22,247.95309448242188,242.21873474121094
2024-01-23,247.02606201171875,241.8405303955078
2024-01-24,244.9305877685547,253.2938995361328
2024-01-25,245.6644744873047,257.8326416015625
2024-01-26,246.8715362548828,257.0664978027344
2024-01-29,249.71058654785156,256.7851867675781
2024-01-30,251.3812255859375,260.5577697753906
2024-01-31,250.02928161621094,256.9888610839844
2024-02-01,258.614013671875,258.8121337890625
2024-02-02,259.2803039550781,257.26043701171875
2024-02-05,256.7985534667969,257.50286865234375
2024-02-06,257.0785827636719,259.60736083984375
2024-02-07,265.3060302734375,260.965087890625
2024-02-08,262.7856750488281,260.8778076171875
2024-02-09,264.494873046875,261.9833984375
2024-02-12,266.2716979980469,261.30450439453125
2024-02-13,265.663330078125,259.15155029296875
2024-02-14,270.6847839355469,260.97479248046875
2024-02-15,275.2041015625,261.8476257324219
2024-02-16,275.3006591796875,261.30450439453125
2024-02-20,275.0205993652344,260.80987548828125
2024-02-21,278.2362976074219,263.69024658203125
2024-02-22,278.6824951171875,264.1072692871094
2024-02-23,279.50701904296875,265.4844055175781
2024-02-26,279.6913146972656,264.77642822265625
2024-02-27,280.8165588378906,265.4359436035156
2024-02-28,283.1058654785156,266.0274963378906
2024-02-29,282.88275146484375,264.99951171875
2024-03-01,283.6976013183594,263.7387390136719
2024-03-04,287.54864501953125,266.4154052734375
2024-03-05,282.6014404296875,265.3388977050781
2024-03-06,285.1817321777344,265.4359436035156
2024-03-07,283.1058654785156,264.7861328125
2024-03-08,284.53179931640625,264.0878601074219
2024-03-11,279.88531494140625,265.0188903808594
2024-03-12,281.46649169921875,266.3572082519531
2024-03-13,281.2142639160156,267.0457763671875
2024-03-14,278.2750244140625,267.0845642089844
2024-03-15,280.36065673828125,266.9002990722656
2024-03-18,281.88360595703125,269.2181396484375
2024-03-19,281.9806213378906,271.2547302246094
2024-03-20,283.44537353515625,274.0187072753906
2024-03-21,285.1235046386719,272.84521484375
2024-03-22,283.7848815917969,272.6706237792969
2024-03-25,282.08734130859375,270.5564880371094
2024-03-26,281.1852111816406,269.94549560546875
2024-03-27,281.06878662109375,273.3883056640625
2024-03-28,282.7372741699219,273.96051025390625
2024-04-01,278.98321533203125,282.7469482421875
2024-04-02,278.8570861816406,281.7674255371094
2024-04-03,277.80950927734375,282.8827209472656
2024-04-04,277.6348571777344,284.3664855957031
2024-04-05,277.5086975097656,286.2673034667969
2024-04-08,277.1206970214844,284.2792053222656
2024-04-09,267.2456970214844,280.1187438964844
2024-04-10,266.90618896484375,281.2825012207031
2024-04-11,268.0314636230469,280.1910095214844
2024-04-12,267.4591369628906,280.5516052246094
2024-04-15,266.7607116699219,277.51092529296875
2024-04-16,265.7906799316406,278.0469055175781
2024-04-17,263.09393310546875,277.228271484375
2024-04-18,260.7853088378906,278.0177307128906
2024-04-19,263.520751953125,281.28253173828125
2024-04-22,266.2659606933594,283.9041442871094
2024-04-23,266.24658203125,285.2782897949219
2024-04-24,267.5755615234375,273.9634094238281
2024-04-25,267.71136474609375,277.6571044921875
2024-04-26,268.6716613769531,277.1795654296875
2024-04-29,270.2043151855469,280.4736328125
2024-04-30,268.6328430175781,279.7914123535156
2024-05-01,268.75897216796875,279.24566650390625
2024-05-02,237.84385681152344,280.0545349121094
2024-05-03,238.85269165039062,280.8147277832031
2024-05-06,239.20188903808594,283.9723815917969
2024-05-07,241.12258911132812,285.9117431640625
2024-05-08,239.5220184326172,285.29779052734375
2024-05-09,243.45066833496094,288.4456481933594
2024-05-10,244.47891235351562,288.90374755859375
2024-05-13,246.3219757080078,286.06768798828125
2024-05-14,243.97447204589844,286.584228515625
2024-05-15,244.0908966064453,287.1007385253906
2024-05-16,248.4851837158203,288.23126220703125
2024-05-17,247.94195556640625,291.4181213378906
2024-05-20,247.9322509765625,292.59735107421875
2024-05-21,246.15707397460938,289.5079345703125
2024-05-22,246.86520385742188,290.4338073730469
2024-05-23,245.303466796875,288.98162841796875
2024-05-24,248.5240020751953,292.00286865234375
2024-05-28,245.17733764648438,289.78082275390625
2024-05-29,240.8606719970703,286.01898193359375
2024-05-30,243.6931915283203,288.5528564453125
2024-05-31,246.79396057128906,292.1490478515625
2024-06-03,244.14173889160156,290.6774597167969
2024-06-04,244.21975708007812,289.7613525390625
2024-06-05,245.2923126220703,291.8371887207031
2024-06-06,244.385498046875,290.68719482421875
2024-06-07,243.00086975097656,291.53509521484375
2024-06-10,241.7625274658203,287.1884460449219
2024-06-11,238.4569854736328,285.2100524902344
2024-06-12,237.22837829589844,286.8571472167969
2024-06-13,234.27386474609375,285.0833435058594
2024-06-14,232.5187225341797,284.3621826171875
2024-06-17,235.99977111816406,286.36004638671875
2024-06-18,239.80258178710938,290.424072265625
2024-06-20,241.19696044921875,292.01263427734375
2024-06-21,242.70835876464844,290.6676940917969
2024-06-24,244.9412841796875,290.9405822753906
2024-06-25,245.25331115722656,287.773193359375
2024-06-26,243.3421630859375,287.04229736328125
2024-06-27,241.74301147460938,285.06390380859375
2024-06-28,240.19264221191406,282.76385498046875
2024-07-01,240.64117431640625,280.5516052246094
2024-07-02,241.31396484375,278.5439453125
2024-07-03,239.98785400390625,277.6376037597656
2024-07-05,237.01385498046875,275.8941650390625
2024-07-08,236.94561767578125,274.708984375
2024-07-09,235.90225219726562,273.7687683105469
2024-07-10,240.53390502929688,276.11944580078125
2024-07-11,245.4288330078125,278.31341552734375
2024-07-12,244.6877899169922,278.0587463378906
2024-07-15,249.15365600585938,279.557373046875
2024-07-16,260.7961730957031,285.6005859375
2024-07-17,260.4841613769531,285.99237060546875
2024-07-18,260.5523681640625,287.2460632324219
2024-07-19,256.8568115234375,282.2998352050781
2024-07-22,259.49932861328125,285.2283935546875
2024-07-23,260.0453796386719,288.41162109375
2024-07-24,258.6899719238281,278.82275390625
2024-07-25,267.12451171875,285.0031433105469
2024-07-26,269.15264892578125,284.4350280761719
2024-07-29,270.4494934082031,283.5437316894531
2024-07-30,272.78973388671875,286.991455078125
2024-07-31,273.0042419433594,292.5743408203125
2024-08-01,260.34765625,287.42242431640625
2024-08-02,256.7886047363281,286.38421630859375
2024-08-05,249.6509552001953,280.0274353027344
2024-08-06,250.15798950195312,279.5181579589844
2024-08-07,247.12548828125,281.27142333984375
2024-08-08,250.16773986816406,284.8267822265625
2024-08-09,252.9662322998047,286.97186279296875
2024-08-12,257.1590881347656,285.2186584472656
2024-08-13,256.2229919433594,286.1980895996094
2024-08-14,259.98687744140625,287.6966552734375
2024-08-15,262.9121398925781,289.87109375
2024-08-16,263.82867431640625,290.4978942871094
2024-08-19,264.1504821777344,289.5282287597656
2024-08-20,268.3725891113281,289.72412109375
2024-08-21,264.677001953125,288.0296630859375
2024-08-22,265.3302917480469,287.42242431640625
2024-08-23,267.6705322265625,285.4635009765625
2024-08-26,269.9424743652344,285.02276611328125
2024-08-27,270.0107116699219,284.2391662597656
2024-08-28,273.072509765625,290.546875
2024-08-29,275.8124694824219,291.71240234375
2024-08-30,276.9977722167969,293.2109680175781
2024-09-03,269.8272399902344,288.8622131347656
2024-09-04,268.6712646484375,288.30389404296875
2024-09-05,265.39947509765625,291.1835632324219
2024-09-06,263.7145690917969,286.76617431640625
2024-09-09,262.27459716796875,295.3658447265625
2024-09-10,255.54481506347656,296.1885681152344
2024-09-11,252.3611602783203,293.436279296875
2024-09-12,253.00770568847656,294.4941101074219
2024-09-13,256.2109375,298.5392761230469
2024-09-16,259.7962341308594,301.2327575683594
2024-09-17,259.9921875,297.6087951660156
2024-09-18,263.5284729003906,296.1689453125
2024-09-19,262.5586853027344,298.4707336425781
2024-09-20,262.0492858886719,300.5667724609375
2024-09-23,262.6566467285156,301.7616882324219
2024-09-24,252.0673065185547,298.41192626953125
2024-09-25,251.77342224121094,295.4931640625
2024-09-26,255.04522705078125,294.31781005859375
2024-09-27,257.6999206542969,293.9652099609375
2024-09-30,258.983154296875,295.99267578125
2024-10-01,259.2476501464844,299.058349609375
2024-10-02,256.1815490722656,297.6773681640625
2024-10-03,252.1946563720703,293.45587158203125
2024-10-04,253.0272979736328,294.48431396484375
2024-10-07,251.14649963378906,291.1835632324219
2024-10-08,252.645263671875,290.8015441894531
2024-10-09,252.811767578125,292.5548095703125
2024-10-10,247.6885528564453,289.9689636230469
2024-10-11,254.09506225585938,294.7029113769531
2024-10-14,255.51544189453125,297.0845947265625
2024-10-15,254.0362548828125,295.4607238769531
2024-10-16,255.33912658691406,300.0470275878906
2024-10-17,256.5244445800781,303.3538513183594
2024-10-18,256.19134521484375,303.59991455078125
2024-10-21,255.9072723388672,303.2062072753906
2024-10-22,251.861572265625,301.1492919921875
2024-10-23,250.77423095703125,299.58447265625
2024-10-24,249.50076293945312,296.50396728515625
2024-10-25,248.64852905273438,297.7341613769531
2024-10-28,249.95138549804688,299.112060546875
2024-10-29,248.57997131347656,296.97637939453125
2024-10-30,245.37672424316406,296.60235595703125
2024-10-31,181.18438720703125,286.99676513671875
2024-11-01,185.3672332763672,288.3549499511719
2024-11-04,187.1402587890625,288.9552917480469
2024-11-05,189.29537963867188,291.9570617675781
2024-11-06,199.06185913085938,303.5802001953125
2024-11-07,193.78187561035156,301.15911865234375
2024-11-08,198.52308654785156,304.57421875
2024-11-11,202.41204833984375,308.9440002441406
2024-11-12,200.42349243164062,307.1134033203125
2024-11-13,199.83572387695312,309.06207275390625
2024-11-14,191.34271240234375,287.79400634765625
2024-11-15,189.60882568359375,283.43402099609375
2024-11-18,192.2928924560547,281.47552490234375
2024-11-19,187.6986541748047,276.5152282714844
2024-11-20,186.36639404296875,275.6196594238281
2024-11-21,191.31332397460938,275.5015563964844
2024-11-22,194.8887939453125,277.351806640625
2024-11-25,194.8202362060547,276.89910888671875
2024-11-26,193.93861389160156,277.5584716796875
2024-11-27,195.30023193359375,277.8439025878906
2024-11-29,195.2016143798828,279.51702880859375
2024-12-02,192.16390991210938,272.0667419433594
2024-12-03,189.23471069335938,273.0312805175781
2024-12-04,190.25054931640625,273.2674560546875
2024-12-05,186.2857666015625,270.7971496582031
2024-12-06,185.36854553222656,267.5001525878906
2024-12-09,190.5957489013672,265.3054504394531
2024-12-10,188.35693359375,266.1518249511719
2024-12-11,188.88951110839844,261.2309265136719
2024-12-12,188.2287139892578,258.8787536621094
2024-12-13,189.50099182128906,258.9476623535156
2024-12-16,195.5467987060547,261.86083984375
2024-12-17,190.83245849609375,261.0242614746094
2024-12-18,191.7694091796875,258.12091064453125
2024-12-19,185.03321838378906,256.16241455078125
2024-12-20,187.83419799804688,259.46929931640625
2024-12-23,187.7947540283203,260.9947509765625
2024-12-24,189.8166046142578,261.6934814453125
2024-12-26,189.19525146484375,262.5596008300781
2024-12-27,187.8046112060547,261.9297180175781
2024-12-30,185.8222198486328,259.2133483886719
