Date,JPM,BAC
2015-01-02,46.948081970214844,14.356871604919434
2015-01-05,45.49057388305664,13.939796447753906
2015-01-06,44.3110466003418,13.52272891998291
2015-01-07,44.378662109375,13.586894035339355
2015-01-08,45.370361328125,13.86761474609375
2015-01-09,44.58151626586914,13.618975639343262
2015-01-12,44.1983642578125,13.378360748291016
2015-01-13,44.205875396728516,13.193887710571289
2015-01-14,42.68075942993164,12.865038871765137
2015-01-15,41.31340789794922,12.191308975219727
2015-01-16,42.01961898803711,12.335679054260254
2015-01-20,41.85433578491211,12.239433288574219
2015-01-21,41.98957061767578,12.359739303588867
2015-01-22,43.26675796508789,12.905143737792969
2015-01-23,42.58308792114258,12.616402626037598
2015-01-26,42.650699615478516,12.71264934539795
2015-01-27,42.22247314453125,12.536192893981934
2015-01-28,41.133094787597656,12.191308975219727
2015-01-29,41.82429122924805,12.375783920288086
2015-01-30,40.85512161254883,12.151206970214844
2015-02-02,41.67403030395508,12.399845123291016
2015-02-03,42.61314392089844,12.74472713470459
2015-02-04,42.35770034790039,12.66452693939209
2015-02-05,42.650699615478516,12.808893203735352
2015-02-06,43.49214172363281,13.225966453552246
2015-02-09,43.439552307128906,13.113680839538574
2015-02-10,43.92039108276367,13.169822692871094
2015-02-11,43.852760314941406,13.121700286865234
2015-02-12,44.75431442260742,13.370335578918457
2015-02-13,44.82943344116211,13.322216033935547
2015-02-17,45.152496337890625,13.33825397491455
2015-02-18,44.60405349731445,13.07357406616211
2015-02-19,44.49887466430664,13.001388549804688
2015-02-20,44.9271125793457,13.137742042541504
2015-02-23,44.58903121948242,12.993370056152344
2015-02-24,45.693424224853516,13.137742042541504
2015-02-25,45.933837890625,13.225966453552246
2015-02-26,46.26441192626953,12.865038871765137
2015-02-27,46.03900909423828,12.680569648742676
2015-03-02,46.40715789794922,12.840975761413574
2015-03-03,46.55739974975586,12.865038871765137
2015-03-04,46.677616119384766,12.744355201721191
2015-03-05,46.5799446105957,12.87308406829834
2015-03-06,45.74602127075195,13.050089836120605
2015-03-09,46.20429992675781,13.00986099243164
2015-03-10,45.04731369018555,12.704124450683594
2015-03-11,45.25766372680664,12.961588859558105
2015-03-12,46.106632232666016,12.945499420166016
2015-03-13,45.82865524291992,12.945499420166016
2015-03-16,46.467247009277344,12.977679252624512
2015-03-17,46.286956787109375,12.945499420166016
2015-03-18,46.39213180541992,12.856993675231934
2015-03-19,45.97892379760742,12.559301376342773
2015-03-20,46.39213180541992,12.744355201721191
2015-03-23,45.933837890625,12.647807121276855
2015-03-24,45.42296600341797,12.559301376342773
2015-03-25,44.784366607666016,12.39838981628418
2015-03-26,44.731781005859375,12.406435012817383
2015-03-27,44.73929214477539,12.31793212890625
2015-03-30,45.79861068725586,12.486895561218262
2015-03-31,45.51312255859375,12.38229751586914
2015-04-01,45.339168548583984,12.39838981628418
2015-04-02,45.7702522277832,12.502984046936035
2015-04-06,45.7324333190918,12.47884750366211
2015-04-07,46.019813537597656,12.438621520996094
2015-04-08,46.171077728271484,12.559301376342773
2015-04-09,46.48871612548828,12.639763832092285
2015-04-10,46.662662506103516,12.647807121276855
2015-04-13,46.94248580932617,12.71217155456543
2015-04-14,47.676082611083984,12.728261947631836
2015-04-15,48.560935974121094,12.583439826965332
2015-04-16,48.258419036865234,12.704124450683594
2015-04-17,47.52482604980469,12.519072532653809
2015-04-20,47.827335357666016,12.527121543884277
2015-04-21,47.1240119934082,12.470803260803223
2015-04-22,47.6004524230957,12.663897514343262
2015-04-23,47.49458312988281,12.62367057800293
2015-04-24,47.343318939208984,12.583439826965332
2015-04-27,47.146690368652344,12.519072532653809
2015-04-28,47.464324951171875,12.591485023498535
2015-04-29,48.099609375,12.856993675231934
2015-04-30,47.84247970581055,12.816765785217285
2015-05-01,48.107154846191406,12.961588859558105
2015-05-04,48.9466438293457,13.227094650268555
2015-05-05,48.70463180541992,13.154685020446777
2015-05-06,48.34160614013672,13.106411933898926
2015-05-07,48.78025436401367,13.066180229187012
2015-05-08,49.52898025512695,13.235143661499023
2015-05-11,49.49872589111328,13.267324447631836
2015-05-12,49.4306526184082,13.219050407409668
2015-05-13,49.55165481567383,13.251230239868164
2015-05-14,49.95249938964844,13.291460990905762
2015-05-15,49.82392883300781,13.154685020446777
2015-05-18,50.23231506347656,13.283416748046875
2015-05-19,50.67852020263672,13.492603302001953
2015-05-20,50.277687072753906,13.468467712402344
2015-05-21,50.4062614440918,13.460416793823242
2015-05-22,50.27013397216797,13.476511001586914
2015-05-26,49.710487365722656,13.275369644165039
2015-05-27,50.27013397216797,13.468467712402344
2015-05-28,50.0659294128418,13.412148475646973
2015-05-29,49.7483024597168,13.275369644165039
2015-06-01,49.975181579589844,13.315596580505371
2015-06-02,49.929805755615234,13.452376365661621
2015-06-03,50.44407653808594,13.662188529968262
2015-06-04,50.16425704956055,13.541143417358398
2015-06-05,50.988590240478516,13.8720064163208
2015-06-08,50.5877799987793,13.783235549926758
2015-06-09,50.80710983276367,13.968842506408691
2015-06-10,51.623897552490234,14.194793701171875
2015-06-11,51.82050704956055,14.114100456237793
2015-06-12,51.61631393432617,14.114100456237793
2015-06-15,51.41969680786133,14.097959518432617
2015-06-16,51.70706558227539,14.162510871887207
2015-06-17,51.53313064575195,14.017264366149902
2015-06-18,52.01715087890625,14.025333404541016
2015-06-19,51.48774337768555,13.855868339538574
2015-06-22,52.153289794921875,14.097959518432617
2015-06-23,52.75075149536133,14.259355545043945
2015-06-24,52.19866180419922,14.114100456237793
2015-06-25,51.918819427490234,14.017264366149902
2015-06-26,52.145713806152344,14.049537658691406
2015-06-29,50.82223129272461,13.62990951538086
2015-06-30,51.2457389831543,13.734819412231445
2015-07-01,51.816654205322266,13.896215438842773
2015-07-02,51.39799880981445,13.742887496948242
2015-07-06,51.253360748291016,13.670260429382324
2015-07-07,50.84992218017578,13.468517303466797
2015-07-08,49.80702209472656,13.113441467285156
2015-07-09,50.32465362548828,13.299047470092773
2015-07-10,51.04021453857422,13.476585388183594
2015-07-13,51.83189010620117,13.734819412231445
2015-07-14,52.5550422668457,13.823585510253906
2015-07-15,52.66923904418945,14.267425537109375
2015-07-16,52.95090103149414,14.48531436920166
2015-07-17,52.684444427490234,14.606355667114258
2015-07-20,52.72251510620117,14.622493743896484
2015-07-21,52.6007194519043,14.590219497680664
2015-07-22,53.346736907958984,14.888799667358398
2015-07-23,53.01180648803711,14.670914649963379
2015-07-24,52.45608901977539,14.444958686828613
2015-07-27,51.77099609375,14.259355545043945
2015-07-28,51.80143737792969,14.428815841674805
2015-07-29,52.478919982910156,14.654775619506836
2015-07-30,52.5550422668457,14.63056468963623
2015-07-31,52.16682434082031,14.428815841674805
2015-08-03,52.16682434082031,14.340051651000977
2015-08-04,52.11354064941406,14.364259719848633
2015-08-05,52.31906509399414,14.420751571655273
2015-08-06,51.95367431640625,14.372329711914062
2015-08-07,51.80143737792969,14.32391357421875
2015-08-10,52.44087600708008,14.557940483093262
2015-08-11,51.93844985961914,14.356193542480469
2015-08-12,51.18484115600586,14.138311386108398
2015-08-13,51.42082595825195,14.21900463104248
2015-08-14,51.679630279541016,14.283568382263184
2015-08-17,51.816654205322266,14.340051651000977
2015-08-18,51.92323684692383,14.275496482849121
2015-08-19,51.45888900756836,14.089886665344238
2015-08-20,50.19525146484375,13.49272632598877
2015-08-21,48.41398620605469,12.992395401000977
2015-08-24,45.863868713378906,12.338739395141602
2015-08-25,45.60504913330078,12.314533233642578
2015-08-26,47.88872528076172,12.960119247436523
2015-08-27,49.08385467529297,13.266770362854004
2015-08-28,48.817420959472656,13.202213287353516
2015-08-31,48.794593811035156,13.186071395874023
2015-09-01,46.777347564697266,12.572766304016113
2015-09-02,47.629913330078125,12.831829071044922
2015-09-03,47.71364974975586,12.904691696166992
2015-09-04,46.815406799316406,12.66991138458252
2015-09-08,48.07903289794922,13.082801818847656
2015-09-09,47.333045959472656,12.872307777404785
2015-09-10,47.698429107666016,12.985649108886719
2015-09-11,47.622310638427734,12.985649108886719
2015-09-14,47.48529052734375,12.92088794708252
2015-09-15,48.39875411987305,13.204237937927246
2015-09-16,48.825035095214844,13.220425605773926
2015-09-17,47.6908073425293,12.839924812316895
2015-09-18,46.38911819458008,12.597049713134766
2015-09-21,46.777347564697266,12.710395812988281
2015-09-22,46.36628341674805,12.605147361755371
2015-09-23,46.16074752807617,12.726588249206543
2015-09-24,45.841033935546875,12.588956832885742
2015-09-25,46.792564392089844,12.86421012878418
2015-09-28,45.658348083496094,12.524188041687012
2015-09-29,45.55176544189453,12.427041053771973
2015-09-30,46.41194534301758,12.613245010375977
2015-10-01,46.75450134277344,12.588956832885742
2015-10-02,46.624149322509766,12.451325416564941
2015-10-05,47.551883697509766,12.70229721069336
2015-10-06,47.57489013671875,12.70229721069336
2015-10-07,47.63623809814453,12.750870704650879
2015-10-08,47.63623809814453,12.750870704650879
2015-10-09,47.48289489746094,12.613245010375977
2015-10-12,47.3218879699707,12.564668655395508
2015-10-13,47.191532135009766,12.564668655395508
2015-10-14,45.99545669555664,12.661819458007812
2015-10-15,47.45222091674805,13.107088088989258
2015-10-16,47.86624526977539,13.050416946411133
2015-10-19,47.705230712890625,13.066606521606445
2015-10-20,47.93525314331055,13.11518383026123
2015-10-21,47.582550048828125,12.872307777404785
2015-10-22,48.448951721191406,13.082801818847656
2015-10-23,48.97031021118164,13.374246597290039
2015-10-26,48.99332809448242,13.366151809692383
2015-10-27,48.79397201538086,13.277100563049316
2015-10-28,50.22006607055664,13.989526748657227
2015-10-29,49.99771499633789,13.835709571838379
2015-10-30,49.261680603027344,13.584739685058594
2015-11-02,50.25074768066406,13.811421394348145
2015-11-03,50.434749603271484,13.908568382263184
2015-11-04,50.48841857910156,13.770940780639648
2015-11-05,50.940799713134766,14.013815879821777
2015-11-06,52.48957443237305,14.531949996948242
2015-11-09,51.66917037963867,14.313360214233398
2015-11-10,51.89151382446289,14.4509916305542
2015-11-11,51.63849639892578,14.370030403137207
2015-11-12,50.60343933105469,14.062393188476562
2015-11-13,50.26608657836914,13.924763679504395
2015-11-16,50.99445724487305,14.110962867736816
2015-11-17,50.70309829711914,14.10287094116211
2015-11-18,51.71516036987305,14.442890167236328
2015-11-19,51.87617111206055,14.321457862854004
2015-11-20,51.7841796875,14.289070129394531
2015-11-23,51.27813720703125,14.143348693847656
2015-11-24,51.20146942138672,14.143348693847656
2015-11-25,51.26280212402344,14.119065284729004
2015-11-27,51.500484466552734,14.151442527770996
2015-11-30,51.12480163574219,14.110962867736816
2015-12-01,51.83784484863281,14.41860294342041
2015-12-02,51.10948181152344,14.304943084716797
2015-12-03,50.450096130371094,14.045148849487305
2015-12-04,52.05253601074219,14.45107650756836
2015-12-07,51.37015151977539,14.239998817443848
2015-12-08,50.5727653503418,13.955848693847656
2015-12-09,50.18939971923828,13.882780075073242
2015-12-10,50.30441665649414,13.963963508605957
2015-12-11,49.12366485595703,13.582388877868652
2015-12-14,49.277008056640625,13.639223098754883
2015-12-15,50.680110931396484,14.142576217651367
2015-12-16,51.77651596069336,14.41048812866211
2015-12-17,50.818115234375,14.045148849487305
2015-12-18,49.37669372558594,13.606746673583984
2015-12-21,50.25074768066406,13.777235984802246
2015-12-22,50.35808563232422,13.86654281616211
2015-12-23,51.16312789916992,14.077624320983887
2015-12-24,51.0634651184082,14.020792961120605
2015-12-28,50.89478302001953,13.90713882446289
2015-12-29,51.42381286621094,14.028914451599121
2015-12-30,51.0557861328125,13.842184066772461
2015-12-31,50.626441955566406,13.663576126098633
2016-01-04,49.105865478515625,13.338835716247559
2016-01-05,49.19077682495117,13.338835716247559
2016-01-06,48.480655670166016,13.054685592651367
2016-01-07,46.52012252807617,12.583805084228516
2016-01-08,45.47811508178711,12.340248107910156
2016-01-11,45.40864181518555,12.42955493927002
2016-01-12,45.50897979736328,12.42955493927002
2016-01-13,44.25856399536133,12.09669017791748
2016-01-14,44.9223747253418,12.169759750366211
2016-01-15,44.027015686035156,11.739474296569824
2016-01-19,44.003849029541016,11.560864448547363
2016-01-20,42.846065521240234,11.114339828491211
2016-01-21,42.645389556884766,10.846428871154785
2016-01-22,43.95755386352539,11.00880241394043
2016-01-25,42.961849212646484,10.521684646606445
2016-01-26,44.05788040161133,10.805835723876953
2016-01-27,44.027015686035156,10.846428871154785
2016-01-28,44.21226501464844,10.98444652557373
2016-01-29,45.92580032348633,11.4796781539917
2016-02-01,45.43180465698242,11.333544731140137
2016-02-02,44.01929473876953,10.740889549255371
2016-02-03,44.31260681152344,10.578518867492676
2016-02-04,45.076751708984375,10.757123947143555
2016-02-05,44.575035095214844,10.513565063476562
2016-02-08,43.64108657836914,9.961503982543945
2016-02-09,43.37865447998047,9.904674530029297
2016-02-10,42.85378646850586,9.726064682006836
2016-02-11,40.962730407714844,9.060340881347656
2016-02-12,44.37434768676758,9.701709747314453
2016-02-16,45.03815841674805,9.945265769958496
2016-02-17,45.36233901977539,10.196943283081055
2016-02-18,44.62135696411133,9.937149047851562
2016-02-19,44.62906265258789,9.847843170166016
2016-02-22,45.20796585083008,10.180706024169922
2016-02-23,43.31690216064453,9.872198104858398
2016-02-24,43.33233642578125,9.847843170166016
2016-02-25,44.003849029541016,10.002092361450195
2016-02-26,44.41294860839844,10.310601234436035
2016-02-29,43.45583724975586,10.164466857910156
2016-03-01,45.69422912597656,10.708414077758789
2016-03-02,46.1264762878418,10.928449630737305
2016-03-03,46.28085708618164,11.001794815063477
2016-03-04,46.350318908691406,11.034394264221191
2016-03-07,46.265411376953125,11.026243209838867
2016-03-08,45.370052337646484,10.64321517944336
2016-03-09,45.632484436035156,10.708414077758789
2016-03-10,45.23883819580078,10.814359664916992
2016-03-11,45.80229949951172,11.238129615783691
2016-03-14,45.632484436035156,11.115887641906738
2016-03-15,45.69422912597656,11.05884075164795
2016-03-16,45.47811508178711,10.846955299377441
2016-03-17,45.34689712524414,10.92029857635498
2016-03-18,46.682212829589844,11.238129615783691
2016-03-21,46.666778564453125,11.278873443603516
2016-03-22,46.4969596862793,11.213680267333984
2016-03-23,46.265411376953125,11.099586486816406
2016-03-24,45.91035842895508,11.148482322692871
2016-03-28,45.84861755371094,11.099586486816406
2016-03-29,45.563011169433594,10.936599731445312
2016-03-30,46.08788299560547,10.985493659973145
2016-03-31,45.70967483520508,11.018094062805176
2016-04-01,46.21137237548828,11.050691604614258
2016-04-04,46.03255081176758,11.009942054748535
2016-04-05,45.37937545776367,10.749161720275879
2016-04-06,45.72928237915039,10.814359664916992
2016-04-07,44.57069778442383,10.472078323364258
2016-04-08,44.897274017333984,10.496525764465332
2016-04-11,45.25495529174805,10.56987190246582
2016-04-12,46.09474563598633,10.814359664916992
2016-04-13,48.04645919799805,11.238129615783691
2016-04-14,48.668521881103516,11.523359298706055
2016-04-15,48.108673095703125,11.409266471862793
2016-04-18,48.419700622558594,11.547807693481445
2016-04-19,49.23616027832031,11.775995254516602
2016-04-20,49.95151901245117,12.167170524597168
2016-04-21,49.453880310058594,12.142721176147461
2016-04-22,49.74158477783203,12.313862800598145
2016-04-25,49.453880310058594,12.191617012023926
2016-04-26,49.71046829223633,12.297561645507812
2016-04-27,49.85043716430664,12.24051570892334
2016-04-28,49.453880310058594,12.053077697753906
2016-04-29,49.142852783203125,11.86563777923584
2016-05-02,49.60162353515625,12.036779403686523
2016-05-03,48.64518737792969,11.70264720916748
2016-05-04,47.87540054321289,11.515212059020996
2016-05-05,47.61879348754883,11.4500150680542
2016-05-06,47.89872360229492,11.498912811279297
2016-05-09,47.59546661376953,11.401114463806152
2016-05-10,48.2408447265625,11.653753280639648
2016-05-11,48.062015533447266,11.57225513458252
2016-05-12,48.030921936035156,11.523359298706055
2016-05-13,47.58770751953125,11.311471939086914
2016-05-16,47.945369720458984,11.352222442626953
2016-05-17,47.945369720458984,11.417418479919434
2016-05-18,49.7960090637207,11.971582412719727
2016-05-19,49.29057693481445,11.841190338134766
2016-05-20,49.38389205932617,11.833038330078125
2016-05-23,49.345027923583984,11.792295455932617
2016-05-24,50.18480682373047,11.963434219360352
2016-05-25,50.94682312011719,12.159021377563477
2016-05-26,50.56581497192383,11.979731559753418
2016-05-27,50.876834869384766,12.126420974731445
2016-05-31,50.7524299621582,12.053077697753906
2016-06-01,51.079010009765625,12.151204109191895
2016-06-02,51.17231369018555,12.216617584228516
2016-06-03,50.2625617980957,11.791411399841309
2016-06-06,50.76021194458008,11.873176574707031
2016-06-07,50.589149475097656,11.73416805267334
2016-06-08,50.736873626708984,11.799585342407227
2016-06-09,50.34809494018555,11.603334426879883
2016-06-10,49.64048767089844,11.308958053588867
2016-06-13,49.1972770690918,11.12088394165039
2016-06-14,48.2719612121582,10.842863082885742
2016-06-15,48.186431884765625,10.908279418945312
2016-06-16,48.38082504272461,10.883747100830078
2016-06-17,48.42747497558594,10.957341194152832
2016-06-20,48.497467041015625,11.071824073791504
2016-06-21,48.948455810546875,11.137237548828125
2016-06-22,48.761837005615234,11.129059791564941
2016-06-23,49.80380630493164,11.480674743652344
2016-06-24,46.343570709228516,10.630256652832031
2016-06-27,44.79619598388672,9.959734916687012
2016-06-28,46.281375885009766,10.384941101074219
2016-06-29,47.58770751953125,10.785623550415039
2016-06-30,48.31861877441406,10.85103988647461
2016-07-01,48.005165100097656,10.71202564239502
2016-07-05,46.665164947509766,10.417652130126953
2016-07-06,47.166683197021484,10.515777587890625
2016-07-07,47.47229766845703,10.638437271118164
2016-07-08,48.45184326171875,10.769268035888672
2016-07-11,48.79662322998047,10.801979064941406
2016-07-12,49.52540588378906,11.071824073791504
2016-07-13,49.49406051635742,10.9900484085083
2016-07-14,50.246337890625,11.161768913269043
2016-07-15,50.29336166381836,11.16994571685791
2016-07-18,50.1209602355957,11.53791618347168
2016-07-19,50.042598724365234,11.660575866699219
2016-07-20,50.09744644165039,11.775054931640625
2016-07-21,49.90937805175781,11.668752670288086
2016-07-22,50.18365478515625,11.758699417114258
2016-07-25,50.050418853759766,11.750521659851074
2016-07-26,50.25417709350586,11.881357192993164
2016-07-27,50.41090393066406,11.963130950927734
2016-07-28,50.23067092895508,12.00401496887207
2016-07-29,50.128807067871094,11.848645210266113
2016-08-01,49.99558639526367,11.717813491821289
2016-08-02,49.87802505493164,11.554272651672363
2016-08-03,50.66950225830078,11.840471267700195
2016-08-04,50.59114456176758,11.840471267700195
2016-08-05,51.954654693603516,12.306567192077637
2016-08-08,51.79792785644531,12.371984481811523
2016-08-09,51.61769485473633,12.421045303344727
2016-08-10,51.15535354614258,12.110319137573242
2016-08-11,51.29640579223633,12.16755485534668
2016-08-12,51.186702728271484,12.19208812713623
2016-08-15,51.500152587890625,12.282037734985352
2016-08-16,51.4923210144043,12.404693603515625
2016-08-17,51.63335418701172,12.388339042663574
2016-08-18,51.68037033081055,12.396514892578125
2016-08-19,51.60986328125,12.445579528808594
2016-08-22,51.562843322753906,12.412871360778809
2016-08-23,51.5393180847168,12.551880836486816
2016-08-24,51.68037033081055,12.592766761779785
2016-08-25,51.77442169189453,12.699066162109375
2016-08-26,51.891971588134766,12.91167163848877
2016-08-29,52.46401596069336,12.952560424804688
2016-08-30,52.895015716552734,13.238758087158203
2016-08-31,52.895015716552734,13.259299278259277
2016-09-01,52.66776657104492,13.127857208251953
2016-09-02,52.88716125488281,13.144285202026367
2016-09-06,52.847999572753906,12.96354866027832
2016-09-07,52.62857437133789,12.897830963134766
2016-09-08,52.69911193847656,13.029271125793457
2016-09-09,52.22893142700195,12.930688858032227
2016-09-12,52.55020523071289,13.062132835388184
2016-09-13,52.134891510009766,12.914260864257812
2016-09-14,52.03302764892578,12.840326309204102
2016-09-15,52.22108459472656,12.873186111450195
2016-09-16,51.578521728515625,12.725306510925293
2016-09-19,51.86845397949219,12.807462692260742
2016-09-20,52.08003616333008,12.81567668914795
2016-09-21,52.37782287597656,12.85675048828125
2016-09-22,52.8088264465332,12.81567668914795
2016-09-23,52.69911193847656,12.749953269958496
2016-09-26,51.54715347290039,12.396703720092773
2016-09-27,52.001670837402344,12.561005592346191
2016-09-28,52.275943756103516,12.634944915771484
2016-09-29,51.44530487060547,12.45421028137207
2016-09-30,52.181907653808594,12.85675048828125
2016-10-03,52.11922073364258,12.840326309204102
2016-10-04,52.56913757324219,12.979981422424316
2016-10-05,53.429500579833984,13.23465347290039
2016-10-06,53.571590423583984,13.325017929077148
2016-10-07,53.76102828979492,13.251079559326172
2016-10-10,54.17935562133789,13.390738487243652
2016-10-11,53.91887664794922,13.23465347290039
2016-10-12,53.776798248291016,13.168929100036621
2016-10-13,53.46897888183594,13.004627227783203
2016-10-14,53.29533004760742,13.144285202026367
2016-10-17,53.019046783447266,13.185357093811035
2016-10-18,53.437400817871094,13.357877731323242
2016-10-19,53.9504508972168,13.530397415161133
2016-10-20,53.879425048828125,13.604331970214844
2016-10-21,54.06096267700195,13.69469928741455
2016-10-24,54.36090850830078,13.776851654052734
2016-10-25,54.30565643310547,13.735774993896484
2016-10-26,54.566131591796875,13.859004974365234
2016-10-27,54.64506149291992,13.891862869262695
2016-10-28,54.55035400390625,13.702914237976074
2016-10-31,54.668731689453125,13.55504035949707
2016-11-01,54.4398307800293,13.64540958404541
2016-11-02,54.210933685302734,13.538610458374023
2016-11-03,53.974124908447266,13.538610458374023
2016-11-04,53.484764099121094,13.59611701965332
2016-11-07,55.158119201660156,13.974015235900879
2016-11-08,55.27652359008789,13.965800285339355
2016-11-09,57.81815719604492,14.762674331665039
2016-11-10,60.50185775756836,15.411672592163086
2016-11-11,60.53343963623047,15.625266075134277
2016-11-14,62.75933074951172,16.496078491210938
2016-11-15,62.640926361083984,16.561800003051758
2016-11-16,61.09384536743164,16.224977493286133
2016-11-17,61.58323287963867,16.496078491210938
2016-11-18,61.33855438232422,16.43035888671875
2016-11-21,61.6069221496582,16.701459884643555
2016-11-22,61.98578643798828,16.676809310913086
2016-11-23,62.246280670166016,16.890409469604492
2016-11-25,62.22260665893555,17.136859893798828
2016-11-28,61.820037841796875,16.676809310913086
2016-11-29,62.29363250732422,16.668594360351562
2016-11-30,63.2802734375,17.414827346801758
2016-12-01,64.55899810791016,17.728158950805664
2016-12-02,64.4090347290039,17.50553321838379
2016-12-05,65.71931457519531,18.008522033691406
2016-12-06,66.0587158203125,18.272377014160156
2016-12-07,66.35868072509766,18.610448837280273
2016-12-08,67.18745422363281,18.92378044128418
2016-12-09,67.47949981689453,19.039220809936523
2016-12-12,66.87963104248047,18.64342498779297
2016-12-13,66.9032974243164,18.64342498779297
2016-12-14,66.87963104248047,18.692899703979492
2016-12-15,67.8820571899414,19.09694480895996
2016-12-16,67.04536437988281,18.684661865234375
2016-12-19,67.43215942382812,18.536235809326172
2016-12-20,68.30040740966797,18.72588348388672
2016-12-21,68.47406005859375,18.6599178314209
2016-12-22,68.58455657958984,18.58570671081543
2016-12-23,68.71087646484375,18.635183334350586
2016-12-27,68.77399444580078,18.64342498779297
2016-12-28,68.27672576904297,18.412548065185547
2016-12-29,67.79523468017578,18.14044189453125
2016-12-30,68.11097717285156,18.222898483276367
2017-01-03,68.85293579101562,18.57745933532715
2017-01-04,68.97991180419922,18.92378044128418
2017-01-05,68.34497833251953,18.701148986816406
2017-01-06,68.35289001464844,18.701148986816406
2017-01-09,68.4005126953125,18.593957901000977
2017-01-10,68.59896087646484,18.915536880493164
2017-01-11,69.11486053466797,19.02273178100586
2017-01-12,68.44815826416016,18.8990478515625
2017-01-13,68.81324768066406,18.973255157470703
2017-01-17,66.31314086914062,18.181671142578125
2017-01-18,66.62265014648438,18.6599178314209
2017-01-19,66.11468505859375,18.57745933532715
2017-01-20,66.40836334228516,18.668169021606445
2017-01-23,66.44011688232422,18.602203369140625
2017-01-24,67.24172973632812,18.92378044128418
2017-01-25,68.28146362304688,19.270099639892578
2017-01-26,68.85293579101562,19.32781982421875
2017-01-27,68.99578857421875,19.26185417175293
2017-01-30,68.28146362304688,18.92378044128418
2017-01-31,67.17029571533203,18.668169021606445
2017-02-01,67.42430877685547,18.874305725097656
2017-02-02,67.13856506347656,18.734130859375
2017-02-03,69.1942367553711,19.204137802124023
2017-02-06,68.86881256103516,19.063961029052734
2017-02-07,68.8291244506836,18.882553100585938
2017-02-08,68.22592163085938,18.692899703979492
2017-02-09,69.2100830078125,19.063961029052734
2017-02-10,69.0513687133789,19.03097152709961
2017-02-13,69.96410369873047,19.294836044311523
2017-02-14,71.08320617675781,19.839048385620117
2017-02-15,71.90072631835938,20.267822265625
2017-02-16,71.85310363769531,20.267822265625
2017-02-17,71.614990234375,20.21834945678711
2017-02-21,72.23407745361328,20.4327335357666
2017-02-22,72.27375030517578,20.44097900390625
2017-02-23,72.32930755615234,20.267822265625
2017-02-24,71.69438934326172,19.979223251342773
2017-02-27,71.77373504638672,20.259578704833984
2017-02-28,71.92454528808594,20.350276947021484
2017-03-01,74.28974151611328,21.09051513671875
2017-03-02,73.13095092773438,20.867202758789062
2017-03-03,73.65478515625,21.0408935546875
2017-03-06,72.95632934570312,20.883745193481445
2017-03-07,72.55155181884766,20.850658416748047
2017-03-08,72.39280700683594,20.892019271850586
2017-03-09,72.67855072021484,20.966453552246094
2017-03-10,72.4483642578125,20.933368682861328
2017-03-13,72.51187133789062,20.92510223388672
2017-03-14,72.63091278076172,20.9416446685791
2017-03-15,72.8055419921875,20.825851440429688
2017-03-16,72.73410034179688,20.858932495117188
2017-03-17,71.97216033935547,20.561189651489258
2017-03-20,71.45625305175781,20.213808059692383
2017-03-21,69.36090850830078,19.03936004638672
2017-03-22,69.47199249267578,18.97319793701172
2017-03-23,69.36090850830078,19.08071517944336
2017-03-24,69.28153991699219,19.1220703125
2017-03-27,69.2418441772461,19.04762840270996
2017-03-28,70.3212890625,19.41982078552246
2017-03-29,70.05936431884766,19.312294006347656
2017-03-30,70.6625747680664,19.74237632751465
2017-03-31,69.71805572509766,19.51079750061035
2017-04-03,69.46407318115234,19.51079750061035
2017-04-04,69.69557189941406,19.38673210144043
2017-04-05,68.80154418945312,19.16341781616211
2017-04-06,69.03301239013672,19.23785972595215
2017-04-07,68.79352569580078,19.155153274536133
2017-04-10,68.5540771484375,19.03936004638672
2017-04-11,68.43433380126953,18.95665740966797
2017-04-12,68.17089080810547,18.733339309692383
2017-04-13,67.3726806640625,18.476943969726562
2017-04-17,68.53811645507812,18.865676879882812
2017-04-18,67.97931671142578,18.782962799072266
2017-04-19,67.42053985595703,18.807781219482422
2017-04-20,68.2906494140625,19.08071517944336
2017-04-21,67.46842956542969,18.782962799072266
2017-04-24,69.84722900390625,19.543874740600586
2017-04-25,70.45391082763672,19.833354949951172
2017-04-26,70.5896224975586,19.75891876220703
2017-04-27,69.93504333496094,19.560420989990234
2017-04-28,69.44811248779297,19.304025650024414
2017-05-01,69.49601745605469,19.527339935302734
2017-05-02,69.04901123046875,19.461172103881836
2017-05-03,69.44811248779297,19.6596736907959
2017-05-04,69.52793884277344,19.72583770751953
2017-05-05,69.44811248779297,19.634857177734375
2017-05-08,69.52793884277344,19.816816329956055
2017-05-09,69.24855041503906,19.833354949951172
2017-05-10,69.79136657714844,19.97395896911621
2017-05-11,69.57585144042969,19.907791137695312
2017-05-12,69.38423919677734,19.849895477294922
2017-05-15,69.71952056884766,19.899518966674805
2017-05-16,69.93504333496094,19.841629028320312
2017-05-17,67.26888275146484,18.667171478271484
2017-05-18,67.02142333984375,18.807781219482422
2017-05-19,67.67597198486328,19.064167022705078
2017-05-22,67.61212158203125,19.0559024810791
2017-05-23,68.45829010009766,19.34537696838379
2017-05-24,68.41838073730469,19.320571899414062
2017-05-25,68.1310043334961,19.229589462280273
2017-05-26,68.13896942138672,19.2213191986084
2017-05-30,66.97352600097656,18.94837760925293
2017-05-31,65.57658386230469,18.595714569091797
2017-06-01,66.30299377441406,18.778270721435547
2017-06-02,65.96771240234375,18.628910064697266
2017-06-05,66.08747100830078,18.595714569091797
2017-06-06,66.22318267822266,18.446348190307617
2017-06-07,66.98151397705078,18.75337791442871
2017-06-08,67.81169891357422,19.06040382385254
2017-06-09,69.41618347167969,19.641258239746094
2017-06-12,69.43215942382812,19.732534408569336
2017-06-13,69.66365814208984,19.724241256713867
2017-06-14,69.51995849609375,19.715944290161133
2017-06-15,69.10486602783203,19.53338623046875
2017-06-16,68.79352569580078,19.442110061645508
2017-06-19,70.30226135253906,19.840412139892578
2017-06-20,69.86320495605469,19.491897583007812
2017-06-21,69.54391479492188,19.193166732788086
2017-06-22,69.46407318115234,19.02720832824707
2017-06-23,69.33636474609375,18.935935974121094
2017-06-26,69.63970184326172,18.994022369384766
2017-06-27,70.2862777709961,19.309337615966797
2017-06-28,71.69918060302734,19.81551742553711
2017-06-29,72.76087951660156,20.18062400817871
2017-06-30,72.96044158935547,20.130840301513672
2017-07-03,74.44532775878906,20.479351043701172
2017-07-05,75.19178771972656,20.678504943847656
2017-07-06,74.95099639892578,20.504241943359375
2017-07-07,75.3282241821289,20.603818893432617
2017-07-10,74.79849243164062,20.65361213684082
2017-07-11,74.5095443725586,20.4129695892334
2017-07-12,74.25270080566406,20.205522537231445
2017-07-13,74.72625732421875,20.429567337036133
2017-07-14,74.04399108886719,20.089345932006836
2017-07-17,73.35372924804688,19.931690216064453
2017-07-18,73.09690856933594,19.83211326599121
2017-07-19,73.20123291015625,19.96487808227539
2017-07-20,73.20123291015625,19.86530113220215
2017-07-21,72.9524154663086,19.749135971069336
2017-07-24,73.26545715332031,19.840412139892578
2017-07-25,74.48545837402344,20.313392639160156
2017-07-26,73.78716278076172,20.089345932006836
2017-07-27,73.482177734375,20.006370544433594
2017-07-28,73.26545715332031,19.939985275268555
2017-07-31,73.68282318115234,20.014667510986328
2017-08-01,74.67005920410156,20.288501739501953
2017-08-02,74.7342758178711,20.40467071533203
2017-08-03,74.24467468261719,20.222116470336914
2017-08-04,75.17572784423828,20.71999168395996
2017-08-07,75.46469116210938,20.71169662475586
2017-08-08,75.19178771972656,20.661909103393555
2017-08-09,75.0714111328125,20.529144287109375
2017-08-10,73.995849609375,20.014667510986328
2017-08-11,73.37779998779297,19.798921585083008
2017-08-14,74.23664855957031,20.263608932495117
2017-08-15,74.42926788330078,20.305091857910156
2017-08-16,73.91560363769531,20.072755813598633
2017-08-17,72.759765625,19.61636734008789
2017-08-18,72.83200073242188,19.59977149963379
2017-08-21,72.74372100830078,19.400617599487305
2017-08-22,73.49016571044922,19.774030685424805
2017-08-23,73.57846069335938,19.715944290161133
2017-08-24,73.45807647705078,19.782329559326172
2017-08-25,73.75504302978516,19.724241256713867
2017-08-28,73.52230072021484,19.682750701904297
2017-08-29,73.12096405029297,19.566579818725586
2017-08-30,73.28952026367188,19.908533096313477
2017-08-31,72.9524154663086,19.925216674804688
2017-09-01,73.60254669189453,20.09202766418457
2017-09-05,71.84476470947266,19.44147491455078
2017-09-06,72.32633209228516,19.52487564086914
2017-09-07,71.05815124511719,19.15789794921875
2017-09-08,70.96986389160156,19.091176986694336
2017-09-11,72.06948852539062,19.483173370361328
2017-09-12,72.9524154663086,19.975255966186523
2017-09-13,73.1611099243164,20.292192459106445
2017-09-14,73.01661682128906,20.217130661010742
2017-09-15,73.53833770751953,20.33389663696289
2017-09-18,74.58177185058594,20.600788116455078
2017-09-19,75.4004898071289,20.734233856201172
2017-09-20,75.93022155761719,20.90104103088379
2017-09-21,76.27533721923828,20.98444366455078
2017-09-22,76.11483764648438,20.86768341064453
2017-09-25,75.54495239257812,20.650829315185547
2017-09-26,75.20782470703125,20.69253158569336
2017-09-27,76.395751953125,21.192955017089844
2017-09-28,76.5562744140625,21.226318359375
2017-09-29,76.66064453125,21.13457489013672
2017-10-02,77.7281494140625,21.368104934692383
2017-10-03,78.13748168945312,21.568273544311523
2017-10-04,77.34288024902344,21.44316291809082
2017-10-05,78.38433837890625,21.7934627532959
2017-10-06,78.2470932006836,21.860183715820312
2017-10-09,77.83533477783203,21.559934616088867
2017-10-10,78.41663360595703,21.62665557861328
2017-10-11,78.18250274658203,21.543251037597656
2017-10-12,77.49626159667969,21.226318359375
2017-10-13,77.39131927490234,21.543251037597656
2017-10-16,78.98981475830078,21.885211944580078
2017-10-17,78.81224060058594,21.851848602294922
2017-10-18,79.11093139648438,22.08538055419922
2017-10-19,79.2077865600586,22.16878318786621
2017-10-20,80.33808898925781,22.66086769104004
2017-10-23,80.20084381103516,22.652528762817383
2017-10-24,81.4764175415039,23.08622932434082
2017-10-25,81.55716705322266,23.04452133178711
2017-10-26,82.13845825195312,23.136266708374023
2017-10-27,82.16265869140625,23.186309814453125
2017-10-30,81.87203216552734,23.01950454711914
2017-10-31,81.22615814208984,22.844350814819336
2017-11-01,81.4764175415039,22.961118698120117
2017-11-02,82.01734161376953,23.24469757080078
2017-11-03,81.87203216552734,23.20299530029297
2017-11-06,81.3634262084961,23.144607543945312
2017-11-07,79.7245101928711,22.669206619262695
2017-11-08,78.82835388183594,22.343929290771484
2017-11-09,78.82029724121094,22.093721389770508
2017-11-10,78.7234115600586,22.110401153564453
2017-11-13,79.00598907470703,22.01865577697754
2017-11-14,78.52967834472656,21.885211944580078
2017-11-15,79.27242279052734,22.343929290771484
2017-11-16,79.49848175048828,22.31890869140625
2017-11-17,79.23204803466797,22.202138900756836
2017-11-20,79.93443298339844,22.302228927612305
2017-11-21,79.86980438232422,22.29388999938965
2017-11-22,79.63572692871094,22.235506057739258
2017-11-24,79.37735748291016,22.177125930786133
2017-11-27,79.06250762939453,22.177125930786133
2017-11-28,81.83165740966797,23.05286407470703
2017-11-29,83.74504852294922,23.586650848388672
2017-11-30,84.38284301757812,23.595029830932617
2017-12-01,84.60084533691406,23.536394119262695
2017-12-04,86.34466552734375,24.340486526489258
2017-12-05,85.35165405273438,24.231595993041992
2017-12-06,84.71385955810547,23.988698959350586
2017-12-07,84.46358489990234,24.10595703125
2017-12-08,85.52119445800781,24.332109451293945
2017-12-11,85.27091979980469,24.239974975585938
2017-12-12,86.26393127441406,24.558259963989258
2017-12-13,85.18212127685547,24.156217575073242
2017-12-14,84.4958724975586,24.064077377319336
2017-12-15,85.69076538085938,24.3237361907959
2017-12-18,86.35274505615234,24.692277908325195
2017-12-19,85.98945617675781,24.667152404785156
2017-12-20,85.69076538085938,24.692277908325195
2017-12-21,87.05514526367188,24.977052688598633
2017-12-22,86.74834442138672,25.027305603027344
2017-12-26,86.40120697021484,24.94354820251465
2017-12-27,86.56266021728516,24.90167808532715
2017-12-28,87.02284240722656,24.96030044555664
2017-12-29,86.33660888671875,24.725778579711914
2018-01-02,87.15202331542969,25.0440616607666
2018-01-03,87.2408218383789,24.96030044555664
2018-01-04,88.49057006835938,25.28696632385254
2018-01-05,87.92252349853516,25.40423011779785
2018-01-08,88.05237579345703,25.22833824157715
2018-01-09,88.49870300292969,25.353975296020508
2018-01-10,89.4725570678711,25.588497161865234
2018-01-11,89.95137786865234,25.68063735961914
2018-01-12,91.4365005493164,26.124563217163086
2018-01-16,91.11188507080078,26.166439056396484
2018-01-17,91.69620513916016,26.11618995666504
2018-01-18,91.91531372070312,26.367462158203125
2018-01-19,91.71243286132812,26.568485260009766
2018-01-22,92.78365325927734,26.752758026123047
2018-01-23,92.686279296875,26.73600959777832
2018-01-24,93.87114715576172,26.878393173217773
2018-01-25,93.89546966552734,26.878393173217773
2018-01-26,94.39862823486328,26.970531463623047
2018-01-29,94.30123138427734,27.037538528442383
2018-01-30,93.41668701171875,26.70249366760254
2018-01-31,93.87114715576172,26.80301284790039
2018-02-01,94.84500885009766,27.221811294555664
2018-02-02,92.74309539794922,26.761133193969727
2018-02-05,88.29583740234375,25.345600128173828
2018-02-06,90.98204803466797,26.1329345703125
2018-02-07,91.59881591796875,26.174814224243164
2018-02-08,87.5492172241211,24.91005516052246
2018-02-09,89.30213165283203,25.40423011779785
2018-02-12,90.6817626953125,26.065929412841797
2018-02-13,91.24173736572266,26.11618995666504
2018-02-14,93.35173797607422,26.80301284790039
2018-02-15,93.74129486083984,26.978904724121094
2018-02-16,93.06771087646484,26.777881622314453
2018-02-20,93.092041015625,26.744380950927734
2018-02-21,93.48159790039062,26.694122314453125
2018-02-22,93.31117248535156,26.543357849121094
2018-02-23,95.20207214355469,26.82813262939453
2018-02-26,96.38689422607422,27.154794692993164
2018-02-27,95.24261474609375,27.079416275024414
2018-02-28,93.7331771850586,26.886768341064453
2018-03-01,92.05326843261719,26.466402053833008
2018-03-02,91.96398162841797,26.592514038085938
2018-03-05,93.37609100341797,27.01287841796875
2018-03-06,93.4572525024414,26.996065139770508
2018-03-07,93.1082763671875,27.054914474487305
2018-03-08,93.11640167236328,27.071731567382812
2018-03-09,95.79449462890625,27.5089168548584
2018-03-12,95.486083984375,27.609804153442383
2018-03-13,94.34182739257812,27.206253051757812
2018-03-14,93.28681945800781,27.021289825439453
2018-03-15,93.52217864990234,26.987655639648438
2018-03-16,93.6844711303711,27.046504974365234
2018-03-19,92.94598388671875,26.88677215576172
2018-03-20,93.03520965576172,26.88677215576172
2018-03-21,93.11640167236328,26.794286727905273
2018-03-22,89.22908782958984,25.68451690673828
2018-03-23,86.84317779541016,24.524303436279297
2018-03-26,89.52124786376953,25.592042922973633
2018-03-27,87.78457641601562,24.818557739257812
2018-03-28,87.64659881591797,24.709266662597656
2018-03-29,89.24534606933594,25.213706970214844
2018-04-02,87.52485656738281,24.64200782775879
2018-04-03,88.72596740722656,24.877408981323242
2018-04-04,90.07310485839844,25.121217727661133
2018-04-05,91.25581359863281,25.49114990234375
2018-04-06,88.98011016845703,24.91103744506836
2018-04-09,90.04863739013672,25.112817764282227
2018-04-10,91.76968383789062,25.625667572021484
2018-04-11,90.22809600830078,25.138036727905273
2018-04-12,92.47113037109375,25.768592834472656
2018-04-13,89.96707916259766,25.05396270751953
2018-04-16,89.89366912841797,25.163257598876953
2018-04-17,89.89366912841797,25.2557430267334
2018-04-18,89.16773223876953,24.826963424682617
2018-04-19,91.12531280517578,25.373445510864258
2018-04-20,90.92140197753906,25.440704345703125
2018-04-23,90.4809341430664,25.49114990234375
2018-04-24,90.05680084228516,25.381853103637695
2018-04-25,89.71422576904297,25.339813232421875
2018-04-26,89.80393981933594,25.28096580505371
2018-04-27,89.23297882080078,25.348230361938477
2018-04-30,88.72728729248047,25.154857635498047
2018-05-01,88.72728729248047,25.180076599121094
2018-05-02,88.02581024169922,24.869007110595703
2018-05-03,87.4711685180664,24.54952049255371
2018-05-04,88.4417724609375,24.63359260559082
2018-05-07,89.20853424072266,24.91944694519043
2018-05-08,90.5298843383789,25.163257598876953
2018-05-09,92.50379180908203,25.82744598388672
2018-05-10,93.22154235839844,25.97036361694336
2018-05-11,92.870849609375,25.995590209960938
2018-05-14,92.90345001220703,26.163738250732422
2018-05-15,92.19380950927734,26.247814178466797
2018-05-16,92.44666290283203,26.113292694091797
2018-05-17,92.13671875,25.903108596801758
2018-05-18,90.6440658569336,25.440704345703125
2018-05-21,91.47603607177734,25.68451690673828
2018-05-22,92.17750549316406,25.97036361694336
2018-05-23,91.75337219238281,25.592042922973633
2018-05-24,90.72562408447266,25.39866828918457
2018-05-25,90.26072692871094,25.356632232666016
2018-05-29,86.40264892578125,24.347749710083008
2018-05-30,88.37654876708984,24.793333053588867
2018-05-31,87.28357696533203,24.514760971069336
2018-06-01,88.41732788085938,24.818660736083984
2018-06-04,88.45809936523438,24.818660736083984
2018-06-05,87.96054077148438,24.582290649414062
2018-06-06,90.01602172851562,25.35893440246582
2018-06-07,90.37491607666016,25.401142120361328
2018-06-08,90.62775421142578,25.333608627319336
2018-06-11,90.39937591552734,25.375816345214844
2018-06-12,89.87734985351562,25.24074363708496
2018-06-13,89.6978988647461,25.19010353088379
2018-06-14,88.11550903320312,24.903074264526367
2018-06-15,88.0094985961914,24.71735954284668
2018-06-18,88.23789978027344,24.818660736083984
2018-06-19,87.72402954101562,24.700477600097656
2018-06-20,87.71587371826172,24.683591842651367
2018-06-21,87.6913833618164,24.725805282592773
2018-06-22,86.2558364868164,24.472551345825195
2018-06-25,85.47279357910156,24.042022705078125
2018-06-26,85.52989959716797,24.092674255371094
2018-06-27,84.2085189819336,23.83942413330078
2018-06-28,85.58697509765625,24.20241928100586
2018-06-29,84.99154663085938,23.797216415405273
2018-07-02,85.7093505859375,23.873184204101562
2018-07-03,84.51031494140625,23.45110321044922
2018-07-05,85.05977630615234,23.56928825378418
2018-07-06,85.3386001586914,23.66214370727539
2018-07-09,87.97928619384766,24.523202896118164
2018-07-10,87.43804931640625,24.337482452392578
2018-07-11,87.24942016601562,24.21085548400879
2018-07-12,87.62667083740234,24.28683090209961
2018-07-13,87.22482299804688,24.101118087768555
2018-07-16,90.68558502197266,25.139442443847656
2018-07-17,90.62001037597656,25.333608627319336
2018-07-18,91.46469116210938,25.434904098510742
2018-07-19,90.11973571777344,25.046588897705078
2018-07-20,91.25967407226562,25.434904098510742
2018-07-23,92.9572525024414,25.958293914794922
2018-07-24,93.6133041381836,26.02582359313965
2018-07-25,94.45802307128906,26.228425979614258
2018-07-26,94.1873779296875,26.118684768676758
2018-07-27,95.15509796142578,26.219987869262695
2018-07-30,95.72916412353516,26.431026458740234
2018-07-31,94.26939392089844,26.068031311035156
2018-08-01,94.85165405273438,26.38037872314453
2018-08-02,95.25350952148438,26.405704498291016
2018-08-03,96.02439880371094,26.599864959716797
2018-08-06,96.04899597167969,26.608306884765625
2018-08-07,96.40164947509766,26.599864959716797
2018-08-08,96.59845733642578,26.84467315673828
2018-08-09,95.85216522216797,26.67583656311035
2018-08-10,94.90907287597656,26.329727172851562
2018-08-13,93.40007019042969,25.730365753173828
2018-08-14,94.02338409423828,25.992055892944336
2018-08-15,93.2442626953125,25.629072189331055
2018-08-16,94.12178802490234,25.93297004699707
2018-08-17,94.12178802490234,25.949851989746094
2018-08-20,93.99877166748047,26.059593200683594
2018-08-21,94.57281494140625,26.18621826171875
2018-08-22,94.28581237792969,26.15245246887207
2018-08-23,94.08898162841797,26.034265518188477
2018-08-24,94.04798126220703,26.076475143432617
2018-08-27,95.7127456665039,26.431026458740234
2018-08-28,95.24529266357422,26.397260665893555
2018-08-29,94.93367767333984,26.287525177001953
2018-08-30,94.46622467041016,26.177780151367188
2018-08-31,93.9659652709961,26.110248565673828
2018-09-04,94.43341827392578,26.287525177001953
2018-09-05,93.97415924072266,26.321285247802734
2018-09-06,93.57231140136719,26.16860008239746
2018-09-07,93.75273895263672,26.17708396911621
2018-09-10,93.25247192382812,26.143156051635742
2018-09-11,93.84296417236328,26.16860008239746
2018-09-12,92.73583221435547,25.812334060668945
2018-09-13,93.09666442871094,25.566341400146484
2018-09-14,93.08025360107422,25.76144027709961
2018-09-17,93.35908508300781,25.68509864807129
2018-09-18,93.73634338378906,25.62571907043457
2018-09-19,96.45903778076172,26.295835494995117
2018-09-20,97.28732299804688,26.45700454711914
2018-09-21,96.64765930175781,26.321285247802734
2018-09-24,95.720947265625,26.075294494628906
2018-09-25,95.45030975341797,26.015914916992188
2018-09-26,94.32679748535156,25.5578556060791
2018-09-27,93.91675567626953,25.396692276000977
2018-09-28,92.53900146484375,24.989534378051758
2018-10-01,93.08025360107422,25.15069580078125
2018-10-02,93.46570587158203,25.091320037841797
2018-10-03,94.34320831298828,25.447586059570312
2018-10-04,95.19381713867188,25.812334060668945
2018-10-05,94.65702056884766,25.642683029174805
2018-10-08,95.23509216308594,25.676612854003906
2018-10-09,94.57443237304688,25.43062400817871
2018-10-10,92.0556411743164,24.80291175842285
2018-10-11,89.29735565185547,24.05645179748535
2018-10-12,88.32286834716797,24.141273498535156
2018-10-15,87.81912231445312,23.68321990966797
2018-10-16,89.70201873779297,24.200654983520508
2018-10-17,90.70124816894531,24.514507293701172
2018-10-18,89.2643051147461,23.963136672973633
2018-10-19,89.11566925048828,24.022523880004883
2018-10-22,87.83564758300781,23.22516441345215
2018-10-23,86.91897583007812,22.9197940826416
2018-10-24,85.30033111572266,22.215742111206055
2018-10-25,86.59688568115234,22.5550479888916
2018-10-26,85.40766906738281,22.385395050048828
2018-10-29,86.58861541748047,22.572011947631836
2018-10-30,88.11641693115234,22.716209411621094
2018-10-31,90.0323715209961,23.32695960998535
2018-11-01,89.99931335449219,23.58991241455078
2018-11-02,89.5038070678711,23.65777015686035
2018-11-05,90.09015655517578,23.801977157592773
2018-11-06,90.51133728027344,23.929210662841797
2018-11-07,92.06389617919922,24.20914077758789
2018-11-08,92.80714416503906,24.489065170288086
2018-11-09,91.90699768066406,24.192171096801758
2018-11-12,89.97452545166016,23.53901481628418
2018-11-13,90.50308990478516,23.547496795654297
2018-11-14,88.63668823242188,23.08095932006836
2018-11-15,90.89947509765625,23.666250228881836
2018-11-16,90.83341217041016,23.53901481628418
2018-11-19,91.52711486816406,23.53901481628418
2018-11-20,89.5616226196289,23.22516441345215
2018-11-21,88.89268493652344,23.131855010986328
2018-11-23,88.07513427734375,22.877378463745117
2018-11-26,90.23054504394531,23.377849578857422
2018-11-27,90.61043548583984,23.530532836914062
2018-11-28,91.61795806884766,24.11583137512207
2018-11-29,90.89122009277344,23.785011291503906
2018-11-30,91.82440185546875,24.090377807617188
2018-12-03,92.6915283203125,24.20914077758789
2018-12-04,88.55412292480469,22.89434814453125
2018-12-06,86.86941528320312,22.41667366027832
2018-12-07,85.30033111572266,21.691627502441406
2018-12-10,83.70645904541016,21.120119094848633
2018-12-11,82.88888549804688,20.966577529907227
2018-12-12,83.4256820678711,20.915403366088867
2018-12-13,83.5082778930664,20.813037872314453
2018-12-14,82.82283020019531,20.881277084350586
2018-12-17,81.76576232910156,20.87274742126465
2018-12-18,81.37762451171875,20.87274742126465
2018-12-19,80.34532928466797,20.62537956237793
2018-12-20,79.651611328125,20.565671920776367
2018-12-21,77.76871490478516,19.93446159362793
2018-12-24,76.09227752685547,19.38854217529297
2018-12-26,79.2469711303711,20.565671920776367
2018-12-27,80.13887023925781,20.78744888305664
2018-12-28,79.96543884277344,20.804506301879883
2018-12-31,80.61785125732422,21.01776123046875
2019-01-02,82.01349639892578,21.290712356567383
2019-01-03,80.84794616699219,20.949514389038086
2019-01-04,83.82844543457031,21.81957244873047
2019-01-07,83.8866958618164,21.80251121520996
2019-01-08,83.728515625,21.75986671447754
2019-01-09,83.58702850341797,21.973115921020508
2019-01-10,83.57868957519531,21.9475154876709
2019-01-11,83.1790771484375,22.20341682434082
2019-01-14,84.03657531738281,22.49344253540039
2019-01-15,84.65266418457031,22.646974563598633
2019-01-16,85.33535766601562,24.26766586303711
2019-01-17,85.68498229980469,24.728281021118164
2019-01-18,87.07535552978516,24.992704391479492
2019-01-22,85.70166015625,24.813579559326172
2019-01-23,85.48521423339844,24.668569564819336
2019-01-24,85.53514099121094,24.805049896240234
2019-01-25,86.07630157470703,25.23154640197754
2019-01-28,86.48422241210938,25.27419662475586
2019-01-29,86.7256851196289,25.069475173950195
2019-01-30,86.92549896240234,24.796518325805664
2019-01-31,86.16787719726562,24.28472900390625
2019-02-01,86.48422241210938,24.20795440673828
2019-02-04,86.79228973388672,24.634450912475586
2019-02-05,86.40931701660156,24.549152374267578
2019-02-06,86.36769104003906,24.50650405883789
2019-02-07,85.23543548583984,24.08853530883789
2019-02-08,84.38624572753906,24.131189346313477
2019-02-11,83.98663330078125,24.23354721069336
2019-02-12,85.4186019897461,24.472381591796875
2019-02-13,85.82653045654297,24.480911254882812
2019-02-14,85.26874542236328,24.21648406982422
2019-02-15,87.87459564208984,24.830642700195312
2019-02-19,87.5665512084961,24.847698211669922
2019-02-20,87.99116516113281,25.086538314819336
2019-02-21,87.8079833984375,24.984182357788086
2019-02-22,87.41669464111328,24.805049896240234
2019-02-25,88.33247375488281,24.967121124267578
2019-02-26,87.65814208984375,24.984182357788086
2019-02-27,87.54989624023438,25.188901901245117
2019-02-28,86.88386535644531,24.93168830871582
2019-03-01,86.942138671875,25.12887954711914
2019-03-04,86.74234771728516,24.888826370239258
2019-03-05,86.67574310302734,24.93168830871582
2019-03-06,86.35104370117188,24.725927352905273
2019-03-07,85.72663879394531,24.477296829223633
2019-03-08,85.75994110107422,24.56302833557129
2019-03-11,86.87553405761719,24.811664581298828
2019-03-12,86.61746978759766,24.811664581298828
2019-03-13,86.90885925292969,25.111740112304688
2019-03-14,87.69973754882812,25.257488250732422
2019-03-15,88.70714569091797,25.12030792236328
2019-03-18,89.2399673461914,25.56612777709961
2019-03-19,88.91525268554688,25.42038345336914
2019-03-20,87.01708221435547,24.554460525512695
2019-03-21,85.64338684082031,24.160078048706055
2019-03-22,83.05418395996094,23.156980514526367
2019-03-25,82.36317443847656,23.0112361907959
2019-03-26,83.1874008178711,23.328453063964844
2019-03-27,82.90432739257812,23.174131393432617
2019-03-28,83.84510040283203,23.431331634521484
2019-03-29,84.27802276611328,23.654239654541016
2019-04-01,87.11698150634766,24.468727111816406
2019-04-02,87.53323364257812,24.75164794921875
2019-04-03,87.70808410644531,24.725927352905273
2019-04-04,88.55538177490234,24.99170684814453
2019-04-05,88.34565734863281,24.93168830871582
2019-04-08,88.63088989257812,25.00885772705078
2019-04-09,87.97654724121094,24.768796920776367
2019-04-10,88.37080383300781,24.923118591308594
2019-04-11,89.11743927001953,24.923118591308594
2019-04-12,93.29522705078125,25.866201400756836
2019-04-15,92.22982025146484,25.58327865600586
2019-04-16,93.20294189453125,25.617568969726562
2019-04-17,95.8874740600586,25.746170043945312
2019-04-18,95.18277740478516,25.746170043945312
2019-04-22,95.30022430419922,25.763322830200195
2019-04-23,95.41767883300781,25.780467987060547
2019-04-24,95.25829315185547,25.737598419189453
2019-04-25,95.30862426757812,25.78904151916504
2019-04-26,96.03006744384766,26.020524978637695
2019-04-29,97.41427612304688,26.3806095123291
2019-04-30,97.35555267333984,26.21771240234375
2019-05-01,96.60891723632812,25.94336700439453
2019-05-02,96.8186264038086,26.149124145507812
2019-05-03,97.41427612304688,26.329166412353516
2019-05-06,96.55018615722656,26.12340545654297
2019-05-07,94.97305297851562,25.651866912841797
2019-05-08,94.46968078613281,25.548982620239258
2019-05-09,94.39418029785156,25.471820831298828
2019-05-10,94.38580322265625,25.360366821289062
2019-05-13,91.8187255859375,24.220094680786133
2019-05-14,92.54862213134766,24.53731346130371
2019-05-15,92.19624328613281,24.2543888092041
2019-05-16,93.37911987304688,24.511592864990234
2019-05-17,92.92610931396484,24.348695755004883
2019-05-20,93.41267395019531,24.348695755004883
2019-05-21,93.7314682006836,24.59733009338379
2019-05-22,92.96804809570312,24.425853729248047
2019-05-23,91.13922119140625,23.799991607666016
2019-05-24,92.03684997558594,24.160078048706055
2019-05-28,91.03855895996094,23.920021057128906
2019-05-29,90.78690338134766,23.791418075561523
2019-05-30,89.81372833251953,23.28558921813965
2019-05-31,88.89094543457031,22.80546760559082
2019-06-03,89.3104019165039,22.874055862426758
2019-06-04,92.06204986572266,23.937171936035156
2019-06-05,92.38919830322266,23.92859649658203
2019-06-06,92.59054565429688,24.032032012939453
2019-06-07,91.57545471191406,23.73033905029297
2019-06-10,92.56535339355469,24.195810317993164
2019-06-11,92.8506088256836,24.342344284057617
2019-06-12,91.66773986816406,24.09237289428711
2019-06-13,91.89424896240234,24.083751678466797
2019-06-14,92.12914276123047,24.16994857788086
2019-06-17,91.62579345703125,24.07513427734375
2019-06-18,92.87578582763672,24.669902801513672
2019-06-19,92.20464324951172,24.411306381225586
2019-06-20,92.43952941894531,24.368202209472656
2019-06-21,91.81035614013672,24.238906860351562
2019-06-24,91.156005859375,24.11822509765625
2019-06-25,90.4010009765625,23.928592681884766
2019-06-26,91.0050048828125,24.057891845703125
2019-06-27,91.3070068359375,24.31648826599121
2019-06-28,93.7901840209961,24.997451782226562
2019-07-01,95.36734771728516,25.359481811523438
2019-07-02,95.468017578125,25.12674903869629
2019-07-03,95.31593322753906,25.04055404663086
2019-07-05,95.8819808959961,25.22156524658203
2019-07-08,95.35816955566406,25.16984748840332
2019-07-09,95.76371002197266,25.29914093017578
2019-07-10,95.48491668701172,25.01469612121582
2019-07-11,96.3973388671875,25.30776596069336
2019-07-12,97.41114044189453,25.385343551635742
2019-07-15,96.22837829589844,25.187088012695312
2019-07-16,97.25908660888672,24.988832473754883
2019-07-17,96.30438995361328,25.16122817993164
2019-07-18,96.87891387939453,25.41120147705078
2019-07-19,95.92423248291016,25.342247009277344
2019-07-22,96.54093170166016,25.48877716064453
2019-07-23,98.30669403076172,26.074928283691406
2019-07-24,98.70378112792969,26.436962127685547
2019-07-25,97.75755310058594,26.152503967285156
2019-07-26,98.18841552734375,26.52315902709961
2019-07-29,97.8758316040039,26.307659149169922
2019-07-30,97.65615844726562,26.6265926361084
2019-07-31,98.00257873535156,26.445581436157227
2019-08-01,95.41730499267578,25.41982078552246
2019-08-02,95.40885162353516,25.32500457763672
2019-08-05,92.57015228271484,24.20442771911621
2019-08-06,93.29674530029297,24.497501373291016
2019-08-07,91.26910400390625,24.040651321411133
2019-08-08,92.815185546875,24.463024139404297
2019-08-09,92.71380615234375,24.419923782348633
2019-08-12,90.9734115600586,23.82515525817871
2019-08-13,92.37583923339844,23.89411735534668
2019-08-14,88.54024505615234,22.773542404174805
2019-08-15,88.878173828125,22.62700653076172
2019-08-16,91.0072021484375,23.299352645874023
2019-08-19,91.82670593261719,23.5062255859375
2019-08-20,90.66081237792969,23.032135009765625
2019-08-21,90.91426849365234,23.213151931762695
2019-08-22,91.85203552246094,23.437271118164062
2019-08-23,89.57093811035156,22.81663703918457
2019-08-26,90.28907775878906,23.08385467529297
2019-08-27,89.33441162109375,22.81663703918457
2019-08-28,90.22994995117188,23.14419174194336
2019-08-29,92.27448272705078,23.55794334411621
2019-08-30,92.815185546875,23.713102340698242
2019-09-03,91.71687316894531,23.316585540771484
2019-09-04,92.82362365722656,23.695858001708984
2019-09-05,94.93574523925781,24.398666381835938
2019-09-06,95.13850402832031,24.060274124145508
2019-09-09,97.49564361572266,24.84117317199707
2019-09-10,98.73757934570312,25.465890884399414
2019-09-11,99.0079345703125,25.56133270263672
2019-09-12,99.61622619628906,25.74354362487793
2019-09-13,101.57624816894531,26.17737579345703
2019-09-16,100.67229461669922,26.142667770385742
2019-09-17,100.17384338378906,25.977815628051758
2019-09-18,101.17921447753906,26.029874801635742
2019-09-19,100.85814666748047,25.873693466186523
2019-09-20,100.45262908935547,25.67412757873535
2019-09-23,100.43572235107422,25.61339569091797
2019-09-24,99.12621307373047,25.110149383544922
2019-09-25,99.69224548339844,25.379125595092773
2019-09-26,98.87273406982422,25.274999618530273
2019-09-27,99.45569610595703,25.465890884399414
2019-09-30,99.43035888671875,25.30971336364746
2019-10-01,97.62236785888672,24.67631721496582
2019-10-02,95.6792221069336,24.155717849731445
2019-10-03,95.54296875,24.129690170288086
2019-10-04,97.6124038696289,24.615581512451172
2019-10-07,97.39948272705078,24.563518524169922
2019-10-08,95.22787475585938,23.973506927490234
2019-10-09,95.91766357421875,24.1991024017334
2019-10-10,97.26322174072266,24.68499183654785
2019-10-11,98.90685272216797,25.084115982055664
2019-10-14,99.17086029052734,25.28368377685547
2019-10-15,102.16001892089844,25.795602798461914
2019-10-16,101.92157745361328,26.17737579345703
2019-10-17,102.49214935302734,26.25546646118164
2019-10-18,102.6709976196289,26.33354949951172
2019-10-21,105.21733856201172,26.914888381958008
2019-10-22,106.27336120605469,27.07106590270996
2019-10-23,106.55436706542969,27.261947631835938
2019-10-24,106.47772979736328,27.20989227294922
2019-10-25,107.329345703125,27.522249221801758
2019-10-28,107.73812866210938,27.626371383666992
2019-10-29,107.66998291015625,27.825931549072266
2019-10-30,107.0738525390625,27.43548583984375
2019-10-31,106.38404846191406,27.131803512573242
2019-11-01,108.83670806884766,27.591663360595703
2019-11-04,109.70536804199219,28.112260818481445
2019-11-05,109.94380950927734,28.476680755615234
2019-11-06,110.1141357421875,28.450647354125977
2019-11-07,110.71028137207031,28.832422256469727
2019-11-08,111.03386688232422,28.85845184326172
2019-11-11,110.64212799072266,28.78903579711914
2019-11-12,109.99490356445312,28.7109432220459
2019-11-13,109.41580963134766,28.450647354125977
2019-11-14,109.51799774169922,28.372560501098633
2019-11-15,110.31000518798828,28.572128295898438
2019-11-18,111.23827362060547,28.5981502532959
2019-11-19,111.20421600341797,28.58079719543457
2019-11-20,110.3951644897461,28.36388397216797
2019-11-21,110.65065002441406,28.494035720825195
2019-11-22,111.38304138183594,28.78903579711914
2019-11-25,111.97916412353516,29.0406551361084
2019-11-26,112.1324462890625,28.93653678894043
2019-11-27,112.46461486816406,28.997276306152344
2019-11-29,112.20909881591797,28.910505294799805
2019-12-02,111.96214294433594,29.005950927734375
2019-12-03,110.5229263305664,28.494035720825195
2019-12-04,112.70304107666016,28.763004302978516
2019-12-05,113.31621551513672,28.867691040039062
2019-12-06,115.00242614746094,29.37367820739746
2019-12-09,114.46588897705078,29.234102249145508
2019-12-10,114.54256439208984,29.251550674438477
2019-12-11,114.27003479003906,29.347518920898438
2019-12-12,117.54022979736328,30.25481605529785
2019-12-13,116.50980377197266,30.04543685913086
2019-12-16,116.96111297607422,30.272258758544922
2019-12-17,117.6764907836914,30.568883895874023
2019-12-18,117.5572738647461,30.62994384765625
2019-12-19,116.96966552734375,30.490354537963867
2019-12-20,116.8759536743164,30.499082565307617
2019-12-23,116.84190368652344,30.682281494140625
2019-12-24,117.16551208496094,30.725902557373047
2019-12-26,118.40888214111328,30.98761749267578
2019-12-27,118.49405670166016,30.839313507080078
2019-12-30,118.05973815917969,30.664838790893555
2019-12-31,118.7154541015625,30.725902557373047
2020-01-02,120.15471649169922,31.092313766479492
2020-01-03,118.569091796875,30.446744918823242
2020-01-06,118.47480010986328,30.403125762939453
2020-01-07,116.46068572998047,30.202465057373047
2020-01-08,117.3691635131836,30.507808685302734
2020-01-09,117.79771423339844,30.56015396118164
2020-01-10,116.62352752685547,30.30715560913086
2020-01-13,117.59201049804688,30.586326599121094
2020-01-14,118.96333312988281,30.813148498535156
2020-01-15,117.18060302734375,30.246082305908203
2020-01-16,117.6348876953125,30.28970718383789
2020-01-17,118.4491195678711,30.28097915649414
2020-01-21,117.2834701538086,29.88840675354004
2020-01-22,117.1463394165039,29.97564125061035
2020-01-23,117.02632141113281,29.76626205444336
2020-01-24,114.1208267211914,29.26028060913086
2020-01-27,113.16088104248047,28.65831756591797
2020-01-28,115.21788787841797,28.998558044433594
2020-01-29,115.0464859008789,28.797897338867188
2020-01-30,116.46924591064453,29.207935333251953
2020-01-31,113.44374084472656,28.640871047973633
2020-02-03,114.30938720703125,28.763004302978516
2020-02-04,115.95497131347656,29.330060958862305
2020-02-05,117.92627716064453,30.28097915649414
2020-02-06,117.94340515136719,30.246082305908203
2020-02-07,117.5663070678711,30.193742752075195
2020-02-10,118.05484771728516,30.26353645324707
2020-02-11,118.2776870727539,30.33332633972168
2020-02-12,118.2776870727539,30.46418571472168
2020-02-13,118.17485046386719,30.455455780029297
2020-02-14,117.81485748291016,30.403125762939453
2020-02-18,116.25495147705078,29.897130966186523
2020-02-19,117.840576171875,30.28970718383789
2020-02-20,117.840576171875,30.403125762939453
2020-02-21,116.40067291259766,29.97564125061035
2020-02-24,113.27232360839844,28.55362892150879
2020-02-25,108.21549987792969,27.114171981811523
2020-02-26,108.54119873046875,26.721590042114258
2020-02-27,104.02436828613281,25.412992477416992
2020-02-28,99.51609802246094,24.86338233947754
2020-03-02,104.1529312133789,25.62236976623535
2020-03-03,100.24462127685547,24.209081649780273
2020-03-04,102.72159576416016,24.76741600036621
2020-03-05,97.68194580078125,23.511930465698242
2020-03-06,92.63372802734375,22.572500228881836
2020-03-09,80.08600616455078,19.2537899017334
2020-03-10,86.30843353271484,20.728778839111328
2020-03-11,82.24586486816406,19.90348243713379
2020-03-12,75.4662857055664,18.007081985473633
2020-03-13,89.05968475341797,21.21165657043457
2020-03-16,75.73200988769531,17.945621490478516
2020-03-17,80.36026763916016,19.297687530517578
2020-03-18,71.90084075927734,18.25291633605957
2020-03-19,73.10933685302734,18.612878799438477
2020-03-20,71.56656646728516,17.26959228515625
2020-03-23,67.73540496826172,15.873625755310059
2020-03-24,75.79200744628906,18.463621139526367
2020-03-25,78.62037658691406,18.525081634521484
2020-03-26,84.09713745117188,19.947383880615234
2020-03-27,78.10614013671875,18.964069366455078
2020-03-30,80.1374282836914,19.350370407104492
2020-03-31,77.163330078125,18.63921546936035
2020-04-01,72.30366516113281,17.357385635375977
2020-04-02,75.00347137451172,18.05976104736328
2020-04-03,72.78656005859375,17.58565902709961
2020-04-06,77.47154998779297,18.77969741821289
2020-04-07,78.493408203125,19.43816375732422
2020-04-08,81.66295623779297,20.58830451965332
2020-04-09,88.98922729492188,21.826236724853516
2020-04-13,85.03166198730469,21.00094985961914
2020-04-14,82.70214080810547,20.834131240844727
2020-04-15,78.62332916259766,19.48206329345703
2020-04-16,75.62698364257812,18.806028366088867
2020-04-17,82.42501831054688,20.43904685974121
2020-04-20,79.42002868652344,19.754236221313477
2020-04-21,77.11649322509766,18.999181747436523
2020-04-22,77.36763763427734,19.139659881591797
2020-04-23,77.41093444824219,19.20111846923828
2020-04-24,78.55404663085938,19.473281860351562
2020-04-27,81.94007873535156,20.605857849121094
2020-04-28,82.5202865600586,20.974605560302734
2020-04-29,84.7458724975586,21.755990982055664
2020-04-30,82.92729949951172,21.115079879760742
2020-05-01,80.75366973876953,20.263452529907227
2020-05-04,79.79241180419922,20.131755828857422
2020-05-05,79.67118072509766,19.89470863342285
2020-05-06,78.17301177978516,19.62253761291504
2020-05-07,78.98704528808594,20.0527400970459
2020-05-08,80.27737426757812,20.69365882873535
2020-05-11,77.91322326660156,19.82447624206543
2020-05-12,75.36719512939453,19.20111846923828
2020-05-13,72.76922607421875,18.32315444946289
2020-05-14,75.79153442382812,19.060638427734375
2020-05-15,74.38862609863281,18.823589324951172
2020-05-18,78.32889556884766,20.131755828857422
2020-05-19,76.78742980957031,19.499622344970703
2020-05-20,79.09097290039062,20.114198684692383
2020-05-21,78.08641815185547,20.105419158935547
2020-05-22,77.4802017211914,19.89470863342285
2020-05-26,82.97926330566406,21.317014694213867
2020-05-27,87.78551483154297,22.809555053710938
2020-05-28,86.47784423828125,21.826236724853516
2020-05-29,84.26957702636719,21.176538467407227
2020-06-01,85.38672637939453,21.606739044189453
2020-06-02,85.6724853515625,21.808670043945312
2020-06-03,90.29688262939453,22.81833267211914
2020-06-04,92.17610168457031,23.675901412963867
2020-06-05,96.32416534423828,24.85173797607422
2020-06-08,98.2466812133789,25.231901168823242
2020-06-09,95.72665405273438,24.948986053466797
2020-06-10,91.84700775146484,23.516765594482422
2020-06-11,84.18299102783203,21.156248092651367
2020-06-12,86.48653411865234,21.9077205657959
2020-06-15,87.68159484863281,22.234830856323242
2020-06-16,88.3830337524414,22.809492111206055
2020-06-17,86.14878845214844,22.102224349975586
2020-06-18,85.68115234375,22.137584686279297
2020-06-19,84.70257568359375,22.3232421875
2020-06-22,83.78462219238281,21.766267776489258
2020-06-23,84.8064956665039,21.916561126708984
2020-06-24,81.9747085571289,21.050161361694336
2020-06-25,84.83248901367188,21.854673385620117
2020-06-26,80.18208312988281,20.46666145324707
2020-06-29,80.53716278076172,20.678836822509766
2020-06-30,81.45511627197266,20.997112274169922
2020-07-01,80.76233673095703,20.563907623291016
2020-07-02,81.024658203125,20.59043312072754
2020-07-06,83.07079315185547,20.917543411254883
2020-07-07,80.72734069824219,20.342884063720703
2020-07-08,81.58427429199219,20.422454833984375
2020-07-09,79.81793975830078,20.13070297241211
2020-07-10,84.18133544921875,21.235816955566406
2020-07-13,85.38806915283203,21.386112213134766
2020-07-14,85.87773132324219,21.34190559387207
2020-07-15,87.20687103271484,21.748586654663086
2020-07-16,87.45170593261719,21.156248092651367
2020-07-17,85.83402252197266,20.528547286987305
2020-07-20,85.08201599121094,20.84681510925293
2020-07-21,86.92703247070312,21.589448928833008
2020-07-22,86.29747772216797,21.492198944091797
2020-07-23,86.55105590820312,21.695547103881836
2020-07-24,85.93893432617188,21.52756118774414
2020-07-27,84.73223114013672,21.34190559387207
2020-07-28,85.09947967529297,21.53640365600586
2020-07-29,87.16313934326172,22.34092903137207
2020-07-30,84.83715057373047,21.96076774597168
2020-07-31,84.5048828125,21.99612808227539
2020-08-03,84.0326919555664,22.093379974365234
2020-08-04,83.55176544189453,22.111064910888672
2020-08-05,85.00330352783203,22.4470157623291
2020-08-06,85.029541015625,22.517744064331055
2020-08-07,86.90080261230469,23.08356475830078
2020-08-10,88.00259399414062,23.481401443481445
2020-08-11,90.78327941894531,23.7996768951416
2020-08-12,90.0137939453125,23.631694793701172
2020-08-13,89.51536560058594,23.295743942260742
2020-08-14,89.55033874511719,23.401832580566406
2020-08-17,87.18937683105469,22.89790916442871
2020-08-18,85.97393035888672,22.570791244506836
2020-08-19,86.17505645751953,22.54426383972168
2020-08-20,85.14321899414062,22.19063377380371
2020-08-21,85.09947967529297,22.08453941345215
2020-08-24,87.49544525146484,22.712251663208008
2020-08-25,87.88017272949219,22.98630714416504
2020-08-26,86.6472396850586,22.597312927246094
2020-08-27,89.49786376953125,23.030517578125
2020-08-28,89.86511993408203,23.251537322998047
2020-08-31,87.6091079711914,22.756450653076172
2020-09-01,87.56539154052734,22.729923248291016
2020-09-02,88.8857650756836,23.003992080688477
2020-09-03,88.60596466064453,22.843748092651367
2020-09-04,90.52095794677734,23.627164840698242
2020-09-08,87.37300109863281,22.683504104614258
2020-09-09,88.20372772216797,22.710216522216797
2020-09-10,87.29431915283203,22.38081932067871
2020-09-11,88.37860870361328,22.701305389404297
2020-09-14,89.60279083251953,22.92386817932129
2020-09-15,86.81338500976562,22.505456924438477
2020-09-16,87.1806411743164,22.790340423583984
2020-09-17,86.18376922607422,22.567771911621094
2020-09-18,86.00016021728516,22.443138122558594
2020-09-21,83.34188079833984,21.78435707092285
2020-09-22,82.43248748779297,21.312522888183594
2020-09-23,81.09461975097656,20.707155227661133
2020-09-24,81.024658203125,20.77837371826172
2020-09-25,81.73294830322266,20.911916732788086
2020-09-28,84.08515167236328,21.446062088012695
2020-09-29,83.37687683105469,21.16118621826172
2020-09-30,84.18133544921875,21.446062088012695
2020-10-01,84.79344940185547,21.454959869384766
2020-10-02,85.5979232788086,21.55289077758789
2020-10-05,87.4071273803711,21.917892456054688
2020-10-06,86.50691986083984,21.695331573486328
2020-10-07,88.0160903930664,22.14935302734375
2020-10-08,89.8253173828125,22.469846725463867
2020-10-09,89.31343078613281,22.576675415039062
2020-10-12,90.40779113769531,22.861553192138672
2020-10-13,88.94275665283203,22.2116756439209
2020-10-14,88.44853210449219,21.027647018432617
2020-10-15,89.7723617553711,21.499479293823242
2020-10-16,89.58702850341797,21.57960319519043
2020-10-19,88.07786560058594,21.11667251586914
2020-10-20,88.5809097290039,21.490570068359375
2020-10-21,87.6983642578125,21.410449981689453
2020-10-22,90.79610443115234,22.140453338623047
2020-10-23,91.61687469482422,22.167158126831055
2020-10-26,89.34872436523438,21.84667205810547
2020-10-27,87.6630859375,21.23240089416504
2020-10-28,85.20079040527344,20.894105911254883
2020-10-29,85.75676727294922,20.95642852783203
2020-10-30,86.52460479736328,21.098859786987305
2020-11-02,88.47500610351562,21.437156677246094
2020-11-03,91.26386260986328,21.980213165283203
2020-11-04,88.47500610351562,21.081058502197266
2020-11-05,92.09342956542969,21.90899085998535
2020-11-06,90.86670684814453,21.641916275024414
2020-11-09,103.16938018798828,24.71327018737793
2020-11-10,102.833984375,24.624248504638672
2020-11-11,101.29837799072266,24.339365005493164
2020-11-12,100.05398559570312,23.760700225830078
2020-11-13,100.68061065673828,24.036678314208984
2020-11-16,103.52237701416016,24.553024291992188
2020-11-17,102.47216033935547,24.526317596435547
2020-11-18,101.71317291259766,24.01887321472168
2020-11-19,101.98675537109375,24.01887321472168
2020-11-20,101.113037109375,23.867534637451172
2020-11-23,104.02543640136719,24.383878707885742
2020-11-24,108.83529663085938,25.79936981201172
2020-11-25,107.69682312011719,25.843883514404297
2020-11-27,106.98197174072266,25.80827522277832
2020-11-30,104.03426361083984,25.069368362426758
2020-12-01,105.67578125,25.541200637817383
2020-12-02,107.70565032958984,25.870590209960938
2020-12-03,106.9996109008789,25.89746856689453
2020-12-04,107.97040557861328,26.237865447998047
2020-12-07,107.56442260742188,26.0587100982666
2020-12-08,107.67034149169922,25.91537857055664
2020-12-09,106.83192443847656,25.798925399780273
2020-12-10,106.14353942871094,26.076623916625977
2020-12-11,105.51693725585938,25.5928955078125
2020-12-14,104.4049301147461,25.27936363220215
2020-12-15,106.18766784667969,25.655597686767578
2020-12-16,106.49654388427734,25.727262496948242
2020-12-17,105.614013671875,25.82579803466797
2020-12-18,105.09331512451172,25.682472229003906
2020-12-21,109.03829956054688,26.64097785949707
2020-12-22,107.37911224365234,26.166208267211914
2020-12-23,110.37975311279297,26.918672561645508
2020-12-24,109.89434051513672,26.838048934936523
2020-12-28,110.6180191040039,26.990333557128906
2020-12-29,110.32679748535156,26.882841110229492
2020-12-30,110.63568115234375,26.85596466064453
2020-12-31,112.14484405517578,27.151580810546875
2021-01-04,111.08577728271484,26.9007511138916
2021-01-05,111.69023132324219,27.10679054260254
2021-01-06,116.93475341796875,28.799840927124023
2021-01-07,120.77481079101562,29.43585968017578
2021-01-08,120.90813446044922,29.140241622924805
2021-01-11,122.71260833740234,29.62397003173828
2021-01-12,124.64148712158203,30.152488708496094
2021-01-13,124.75706481933594,29.97333526611328
2021-01-14,125.48594665527344,30.448116302490234
2021-01-15,123.2370376586914,29.570222854614258
2021-01-19,122.70369720458984,29.355236053466797
2021-01-20,120.86369323730469,28.97004508972168
2021-01-21,119.85034942626953,28.459436416625977
2021-01-22,118.92587280273438,28.262367248535156
2021-01-25,117.44139862060547,27.913007736206055
2021-01-26,116.96142578125,27.715923309326172
2021-01-27,113.65470123291016,26.72159767150879
2021-01-28,115.65473937988281,27.160533905029297
2021-01-29,114.37472534179688,26.560352325439453
2021-02-01,115.21917724609375,26.838048934936523
2021-02-02,118.76588439941406,27.796552658081055
2021-02-03,120.12590026855469,28.28923988342285
2021-02-04,122.89038848876953,29.113372802734375
2021-02-05,122.65034484863281,28.99691390991211
2021-02-08,124.57036590576172,29.641889572143555
2021-02-09,124.07258605957031,29.5164794921875
2021-02-10,124.14372253417969,29.54335594177246
2021-02-11,123.79706573486328,29.453781127929688
2021-02-12,125.55707550048828,29.892709732055664
2021-02-16,128.57931518554688,30.698928833007812
2021-02-17,128.97935485839844,30.824331283569336
2021-02-18,129.41488647460938,30.627267837524414
2021-02-19,131.57492065429688,30.9408016204834
2021-02-22,132.8105010986328,31.487232208251953
2021-02-23,133.87716674804688,31.818674087524414
2021-02-24,136.23275756835938,32.58905792236328
2021-02-25,134.38385009765625,32.18594741821289
2021-02-26,130.81932067871094,31.09307861328125
2021-03-01,133.7793731689453,32.06053924560547
2021-03-02,133.34384155273438,31.827634811401367
2021-03-03,135.92164611816406,32.62489318847656
2021-03-04,133.83274841308594,32.85895538330078
2021-03-05,134.1438446044922,33.246063232421875
2021-03-08,135.92164611816406,33.42610549926758
2021-03-09,134.96165466308594,32.6969108581543
2021-03-10,137.89500427246094,33.64216232299805
2021-03-11,137.17498779296875,33.525142669677734
2021-03-12,138.80166625976562,34.155303955078125
2021-03-15,138.1083526611328,33.98426818847656
2021-03-16,136.45497131347656,33.885231018066406
2021-03-17,137.8594207763672,34.164306640625
2021-03-18,140.13502502441406,35.05555725097656
2021-03-19,137.90390014648438,34.686458587646484
2021-03-22,134.1971893310547,33.90324020385742
2021-03-23,132.85494995117188,33.21905517578125
2021-03-24,133.88607788085938,33.21905517578125
2021-03-25,135.60162353515625,33.90324020385742
2021-03-26,137.8594207763672,34.82148742675781
2021-03-29,135.71719360351562,34.488407135009766
2021-03-30,137.3172149658203,35.10056686401367
2021-03-31,135.3171844482422,34.83049392700195
2021-04-01,136.63279724121094,35.550689697265625
2021-04-05,137.35699462890625,35.82976150512695
2021-04-06,136.391357421875,35.73072814941406
2021-04-07,138.52833557128906,36.05482482910156
2021-04-08,138.6981964111328,35.73974609375
2021-04-09,139.7353973388672,36.00081253051758
2021-04-12,139.4403533935547,36.06382751464844
2021-04-13,137.77725219726562,35.39765167236328
2021-04-14,135.20213317871094,35.901790618896484
2021-04-15,136.0605010986328,34.875511169433594
2021-04-16,137.07089233398438,35.24460220336914
2021-04-19,136.48968505859375,35.262603759765625
2021-04-20,133.467529296875,34.281349182128906
2021-04-21,134.60305786132812,34.857505798339844
2021-04-22,131.7686767578125,34.53341293334961
2021-04-23,134.2901153564453,35.271610260009766
2021-04-26,134.62094116210938,35.47866439819336
2021-04-27,135.23793029785156,35.901790618896484
2021-04-28,136.11415100097656,36.03681945800781
2021-04-29,138.76080322265625,37.00908660888672
2021-04-30,137.52688598632812,36.48694610595703
2021-05-03,137.12454223632812,36.513954162597656
2021-05-04,139.02011108398438,36.91006088256836
2021-05-05,140.8441619873047,37.26115417480469
2021-05-06,143.6785430908203,37.81930160522461
2021-05-07,144.17030334472656,37.972347259521484
2021-05-10,144.1524200439453,37.85531997680664
2021-05-11,141.7561492919922,37.42319869995117
2021-05-12,140.78152465820312,37.07210922241211
2021-05-13,144.4027862548828,37.66626739501953
2021-05-14,146.6470947265625,38.13439178466797
2021-05-17,147.23721313476562,38.47649002075195
2021-05-18,145.1627960205078,37.954345703125
2021-05-19,144.05410766601562,37.78330993652344
2021-05-20,143.80368041992188,37.69327163696289
2021-05-21,145.44000244140625,38.170406341552734
2021-05-24,146.22683715820312,38.37746047973633
2021-05-25,144.7157440185547,37.81930160522461
2021-05-26,144.6978759765625,37.846317291259766
2021-05-27,146.95106506347656,38.30543899536133
2021-05-28,146.8527374267578,38.161407470703125
2021-06-01,148.4710693359375,38.638526916503906
2021-06-02,148.48004150390625,38.65652847290039
2021-06-03,148.57839965820312,39.09950637817383
2021-06-04,148.81982421875,39.11758804321289
2021-06-07,148.12240600585938,38.98198699951172
2021-06-08,147.53225708007812,38.765018463134766
2021-06-09,145.6903533935547,38.25876235961914
2021-06-10,143.4192657470703,37.6892204284668
2021-06-11,143.32086181640625,37.8429069519043
2021-06-14,140.88885498046875,37.3908805847168
2021-06-15,138.7518768310547,37.41801071166992
2021-06-16,139.72650146484375,37.62593460083008
2021-06-17,135.69393920898438,35.98059844970703
2021-06-18,132.2604217529297,35.0584716796875
2021-06-21,134.5047149658203,35.935394287109375
2021-06-22,134.30799865722656,36.13428497314453
2021-06-23,135.1216583251953,36.34220504760742
2021-06-24,136.36451721191406,36.911746978759766
2021-06-25,137.74151611328125,37.62593460083008
2021-06-28,137.9918670654297,37.57169723510742
2021-06-29,137.82196044921875,36.96599197387695
2021-06-30,139.07374572753906,37.27336883544922
2021-07-01,140.4507293701172,37.553611755371094
2021-07-02,140.31582641601562,37.20103454589844
2021-07-06,137.95965576171875,36.22468566894531
2021-07-07,138.1215362548828,35.935394287109375
2021-07-08,135.73846435546875,35.0584716796875
2021-07-09,140.08201599121094,36.197566986083984
2021-07-12,142.0874481201172,36.7309455871582
2021-07-13,139.97410583496094,36.03483581542969
2021-07-14,139.49745178222656,35.130802154541016
2021-07-15,139.80323791503906,35.10368347167969
2021-07-16,136.61077880859375,34.28099822998047
2021-07-19,132.1682891845703,33.38601303100586
2021-07-20,134.63232421875,34.07307052612305
2021-07-21,137.465087890625,34.76918411254883
2021-07-22,135.72943115234375,34.317169189453125
2021-07-23,135.46865844726562,34.082122802734375
2021-07-26,136.376953125,34.47085189819336
2021-07-27,136.19708251953125,34.33525466918945
2021-07-28,136.42190551757812,34.47085189819336
2021-07-29,137.5910186767578,34.96807098388672
2021-07-30,136.49383544921875,34.67878723144531
2021-08-02,135.94528198242188,34.317169189453125
2021-08-03,137.49205017089844,34.85055160522461
2021-08-04,136.0082550048828,34.597415924072266
2021-08-05,137.7258758544922,35.27544021606445
2021-08-06,141.6377716064453,36.297000885009766
2021-08-09,141.48489379882812,36.767093658447266
2021-08-10,143.22052001953125,37.45417022705078
2021-08-11,144.92918395996094,37.924278259277344
2021-08-12,145.4957275390625,38.105079650878906
2021-08-13,143.8679962158203,37.63498306274414
2021-08-16,142.92373657226562,37.32759475708008
2021-08-17,141.19711303710938,37.14680099487305
2021-08-18,139.9111328125,36.875587463378906
2021-08-19,138.74209594726562,36.33316421508789
2021-08-20,139.13775634765625,36.49588394165039
2021-08-23,140.91835021972656,36.984066009521484
2021-08-24,141.7906494140625,37.499366760253906
2021-08-25,144.71334838867188,38.105079650878906
2021-08-26,145.4597625732422,38.0056266784668
2021-08-27,146.6288299560547,38.412452697753906
2021-08-30,144.28164672851562,37.66209030151367
2021-08-31,143.8410186767578,37.74346160888672
2021-09-01,143.63421630859375,37.23719787597656
2021-09-02,144.2996826171875,37.27354049682617
2021-09-03,143.42735290527344,37.300804138183594
2021-09-07,143.17555236816406,37.5461540222168
2021-09-08,142.5370635986328,37.05546569824219
2021-09-09,143.15757751464844,37.191768646240234
2021-09-10,141.5118865966797,36.592041015625
2021-09-13,143.76007080078125,37.20085906982422
2021-09-14,141.25108337402344,36.20132064819336
2021-09-15,142.23129272460938,36.47391891479492
2021-09-16,142.16835021972656,36.755615234375
2021-09-17,141.7996368408203,36.8010368347168
2021-09-20,137.55502319335938,35.53799819946289
2021-09-21,137.572998046875,35.55617141723633
2021-09-22,140.2079315185547,36.47391891479492
2021-09-23,144.9471435546875,37.882362365722656
2021-09-24,146.61981201171875,38.291259765625
2021-09-27,150.1630096435547,39.30896759033203
2021-09-28,149.35366821289062,39.21809005737305
2021-09-29,149.2367401123047,39.13631820678711
2021-09-30,147.204345703125,38.572940826416016
2021-10-01,150.2979278564453,39.14540481567383
2021-10-04,150.13604736328125,39.381656646728516
2021-10-05,152.5878143310547,40.1812858581543
2021-10-06,152.91351318359375,40.199459075927734
2021-10-07,153.88153076171875,40.09041213989258
2021-10-08,153.99913024902344,40.29032516479492
2021-10-11,150.76028442382812,39.781471252441406
2021-10-12,149.60226440429688,39.56338882446289
2021-10-13,145.65774536132812,39.199920654296875
2021-10-14,147.89236450195312,40.953651428222656
2021-10-15,150.73313903808594,42.134918212890625
2021-10-18,150.67886352539062,42.05314254760742
2021-10-19,152.50637817382812,42.234867095947266
2021-10-20,154.56005859375,42.78916549682617
2021-10-21,153.34774780273438,42.55290603637695
2021-10-22,155.41046142578125,43.225318908691406
2021-10-25,154.65052795410156,43.17079544067383
2021-10-26,155.06668090820312,43.579708099365234
2021-10-27,151.83688354492188,42.74373245239258
2021-10-28,154.12579345703125,43.41614532470703
2021-10-29,153.70053100585938,43.41614532470703
2021-11-01,153.61915588378906,43.4797477722168
2021-11-02,154.225341796875,43.50701141357422
2021-11-03,154.27957153320312,43.9522590637207
2021-11-04,152.25303649902344,43.00724792480469
2021-11-05,152.0359344482422,42.68012237548828
2021-11-08,152.9496612548828,43.016326904296875
2021-11-09,151.7916717529297,42.59834289550781
2021-11-10,151.64688110351562,42.91637420654297
2021-11-11,151.63784790039062,43.15263366699219
2021-11-12,150.95933532714844,42.6255989074707
2021-11-15,150.68789672851562,42.752811431884766
2021-11-16,149.60226440429688,42.78007125854492
2021-11-17,148.79710388183594,42.26213073730469
2021-11-18,147.5124053955078,42.0894889831543
2021-11-19,145.5853729248047,41.253517150878906
2021-11-22,148.68850708007812,42.05314254760742
2021-11-23,152.24400329589844,43.16171646118164
2021-11-24,151.0498046875,43.27983856201172
2021-11-26,146.49908447265625,41.58063507080078
2021-11-29,145.86582946777344,41.4261589050293
2021-11-30,143.69454956054688,40.408451080322266
2021-12-01,142.84410095214844,39.83598709106445
2021-12-02,145.84771728515625,40.986419677734375
2021-12-03,143.20599365234375,40.05512619018555
2021-12-06,144.89781188964844,40.31077194213867
2021-12-07,147.07815551757812,40.82207489013672
2021-12-08,145.39537048339844,40.319908142089844
2021-12-09,145.16921997070312,40.6212158203125
2021-12-10,144.59019470214844,40.64859390258789
2021-12-13,142.87124633789062,39.790348052978516
2021-12-14,143.96592712402344,40.292510986328125
2021-12-15,142.88934326171875,40.11902618408203
2021-12-16,145.1239776611328,41.08686065673828
2021-12-17,141.8218231201172,40.06425094604492
2021-12-20,139.27052307128906,39.4068603515625
2021-12-21,141.2156219482422,40.347293853759766
2021-12-22,141.7675018310547,40.42947006225586
2021-12-23,142.27415466308594,40.55729675292969
2021-12-27,143.08836364746094,40.7581672668457
2021-12-28,143.5226287841797,40.81293487548828
2021-12-29,143.45025634765625,40.749027252197266
2021-12-30,143.3778533935547,40.65773010253906
2021-12-31,143.26028442382812,40.6212158203125
2022-01-03,146.29103088378906,42.164241790771484
2022-01-04,151.83688354492188,43.81685256958008
2022-01-05,149.0609893798828,43.077293395996094
2022-01-06,150.64463806152344,43.94467544555664
2022-01-07,152.13723754882812,44.90336608886719
2022-01-10,152.28289794921875,44.67511749267578
2022-01-11,152.4375762939453,44.93076705932617
2022-01-12,153.30221557617188,44.6111946105957
2022-01-13,153.11106872558594,44.51988983154297
2022-01-14,143.70033264160156,43.74380874633789
2022-01-18,137.67526245117188,42.23728942871094
2022-01-19,135.54554748535156,42.401634216308594
2022-01-20,134.3897247314453,41.771636962890625
2022-01-21,132.0415802001953,41.01381301879883
2022-01-24,131.92327880859375,40.675987243652344
2022-01-25,133.36123657226562,41.47946548461914
2022-01-26,134.62631225585938,41.908592224121094
2022-01-27,132.2509002685547,41.51598358154297
2022-01-28,133.43408203125,41.88120651245117
2022-01-31,135.24525451660156,42.127723693847656
2022-02-01,137.56607055664062,42.858154296875
2022-02-02,136.46481323242188,42.8125114440918
2022-02-03,135.33624267578125,42.39250946044922
2022-02-04,138.84934997558594,44.081626892089844
2022-02-07,139.31353759765625,44.29163360595703
2022-02-08,141.93467712402344,45.08597946166992
2022-02-09,142.5262908935547,44.99467086791992
2022-02-10,141.93467712402344,44.784671783447266
2022-02-11,140.0871124267578,43.75293731689453
2022-02-14,138.78561401367188,43.296409606933594
2022-02-15,140.8152313232422,43.634246826171875
2022-02-16,141.07005310058594,43.5338020324707
2022-02-17,137.8208770751953,42.063812255859375
2022-02-18,138.4670867919922,41.963382720947266
2022-02-22,138.2213592529297,41.59816360473633
2022-02-23,135.3271484375,40.88599395751953
2022-02-24,131.5592041015625,39.80860137939453
2022-02-25,134.67184448242188,41.10511779785156
2022-02-28,129.0563507080078,40.35642623901367
2022-03-01,124.18714904785156,38.77686309814453
2022-03-02,126.7628173828125,39.4068603515625
2022-03-03,125.86177825927734,38.98480987548828
2022-03-04,122.32140350341797,37.57184982299805
2022-03-07,117.59783935546875,35.17716598510742
2022-03-08,116.76961517333984,35.406532287597656
2022-03-09,121.44767761230469,37.65442657470703
2022-03-10,120.00967407226562,37.314945220947266
2022-03-11,117.30659484863281,37.00299072265625
2022-03-14,118.47154235839844,37.80122756958008
2022-03-15,120.57394409179688,38.076480865478516
2022-03-16,125.96189880371094,39.26923370361328
2022-03-17,127.55461883544922,39.480255126953125
2022-03-18,127.50912475585938,39.36098098754883
2022-03-21,127.0995864868164,39.30592727661133
2022-03-22,129.8026580810547,40.5353889465332
2022-03-23,127.2178726196289,39.535308837890625
2022-03-24,128.04608154296875,39.516963958740234
2022-03-25,129.16555786132812,40.12251663208008
2022-03-28,128.2099151611328,39.95736312866211
2022-03-29,128.49208068847656,39.85643768310547
2022-03-30,127.9095687866211,39.45273971557617
2022-03-31,124.06884765625,37.819580078125
2022-04-01,123.14961242675781,37.52597427368164
2022-04-04,123.6957015991211,37.46174621582031
2022-04-05,122.25618743896484,36.828670501708984
2022-04-06,120.55997467041016,36.424964904785156
2022-04-07,120.1932144165039,36.14053726196289
2022-04-08,122.39374542236328,36.39743423461914
2022-04-11,121.94446563720703,36.324039459228516
2022-04-12,120.6058120727539,35.93868637084961
2022-04-13,116.71827697753906,35.61756134033203
2022-04-14,115.6363525390625,34.47067642211914
2022-04-18,117.78185272216797,35.64508819580078
2022-04-19,120.2207260131836,36.30569076538086
2022-04-20,120.64250946044922,36.388267517089844
2022-04-21,119.707275390625,35.700138092041016
2022-04-22,116.26899719238281,34.46150588989258
2022-04-25,116.23231506347656,34.21378707885742
2022-04-26,112.7940444946289,33.44308090209961
2022-04-27,111.3270492553711,33.25957107543945
2022-04-28,113.08743286132812,33.77336883544922
2022-04-29,109.43828582763672,32.73659896850586
2022-05-02,110.43766021728516,33.15864562988281
2022-05-03,112.80321502685547,34.066986083984375
2022-05-04,116.5348892211914,35.434059143066406
2022-05-05,113.61922454833984,34.44315719604492
2022-05-06,113.43585968017578,34.36057662963867
2022-05-09,111.73047637939453,33.36967468261719
2022-05-10,109.0073471069336,32.80998992919922
2022-05-11,108.31968688964844,32.63567352294922
2022-05-12,108.22799682617188,32.176918029785156
2022-05-13,109.19071960449219,32.2686653137207
2022-05-16,108.4297103881836,31.938369750976562
2022-05-17,112.02387237548828,33.02103042602539
2022-05-18,110.10758972167969,32.002586364746094
2022-05-19,108.4755630493164,31.608064651489258
2022-05-20,107.5862045288086,31.066741943359375
2022-05-23,114.2426986694336,32.91092300415039
2022-05-24,115.85639953613281,32.709068298339844
2022-05-25,116.66325378417969,32.883392333984375
2022-05-26,118.6803970336914,33.64492416381836
2022-05-27,120.35826873779297,33.96605682373047
2022-05-31,121.23847198486328,34.13121032714844
2022-06-01,119.111328125,33.64492416381836
2022-06-02,121.02758026123047,33.86639404296875
2022-06-03,119.34052276611328,33.39576721191406
2022-06-06,118.9462661743164,33.35886001586914
2022-06-07,119.25804138183594,33.543418884277344
2022-06-08,117.36007690429688,33.118934631347656
2022-06-09,114.89368438720703,31.84548568725586
2022-06-10,109.61248779296875,30.60894203186035
2022-06-13,106.34839630126953,29.54773712158203
2022-06-14,104.5788345336914,29.030975341796875
2022-06-15,105.81661987304688,29.575420379638672
2022-06-16,104.001220703125,29.39086151123047
2022-06-17,103.63446044921875,29.455459594726562
2022-06-21,106.20172119140625,30.31365394592285
2022-06-22,105.6057357788086,30.082956314086914
2022-06-23,104.4504623413086,29.603103637695312
2022-06-24,107.56786346435547,29.815343856811523
2022-06-27,106.70598602294922,29.852256774902344
2022-06-28,106.19253540039062,29.769208908081055
2022-06-29,105.71576690673828,29.40009117126465
2022-06-30,103.2493667602539,28.726451873779297
2022-07-01,104.5696792602539,29.123252868652344
2022-07-05,104.17191314697266,28.827959060668945
2022-07-06,103.4966812133789,28.588037490844727
2022-07-07,106.1144027709961,29.40009117126465
2022-07-08,105.7813949584961,29.335494995117188
2022-07-11,104.39391326904297,29.030975341796875
2022-07-12,104.49568176269531,28.93869972229004
2022-07-13,103.51519012451172,28.458845138549805
2022-07-14,99.89849853515625,27.803668975830078
2022-07-15,104.47715759277344,29.759977340698242
2022-07-18,103.4041748046875,29.769208908081055
2022-07-19,105.96640014648438,30.775041580200195
2022-07-20,105.94790649414062,30.784273147583008
2022-07-21,106.66938781738281,31.0518798828125
2022-07-22,106.15139770507812,30.84886932373047
2022-07-25,106.57687377929688,31.125703811645508
2022-07-26,104.91191864013672,30.498214721679688
2022-07-27,106.59537506103516,30.99651527404785
2022-07-28,106.1976318359375,30.747365951538086
2022-07-29,106.70637512207031,31.19952964782715
2022-08-01,105.64264678955078,31.107250213623047
2022-08-02,103.99617767333984,30.488985061645508
2022-08-03,105.08766174316406,31.04265785217285
2022-08-04,103.93143463134766,30.821191787719727
2022-08-05,107.07638549804688,31.337953567504883
2022-08-08,105.77214813232422,30.90424156188965
2022-08-09,106.72488403320312,31.301040649414062
2022-08-10,109.50910186767578,32.362247467041016
2022-08-11,111.12781524658203,33.13739013671875
2022-08-12,112.96853637695312,33.497283935546875
2022-08-15,113.2737808227539,33.45113754272461
2022-08-16,114.35601806640625,33.81101989746094
2022-08-17,113.39403533935547,33.59878921508789
2022-08-18,112.51528930664062,33.47882080078125
2022-08-19,109.7311019897461,32.74058532714844
2022-08-22,107.91810607910156,32.039276123046875
2022-08-23,106.85437774658203,31.75320053100586
2022-08-24,107.11337280273438,31.85470962524414
2022-08-25,109.65709686279297,32.42683792114258
2022-08-26,106.06815338134766,31.402542114257812
2022-08-29,105.80915069580078,31.282590866088867
2022-08-30,105.82764434814453,31.457914352416992
2022-08-31,105.19865417480469,31.01497459411621
2022-09-01,105.92015075683594,31.089279174804688
2022-09-02,105.1801528930664,31.0521297454834
2022-09-06,105.20791625976562,30.70845603942871
2022-09-07,107.20587921142578,31.18216896057129
2022-09-08,109.70333862304688,32.18535232543945
2022-09-09,110.23057556152344,32.45471954345703
2022-09-12,111.53480529785156,32.76124954223633
2022-09-13,107.65911865234375,31.58158302307129
2022-09-14,107.40937805175781,31.46082878112793
2022-09-15,109.02810668945312,32.0552978515625
2022-09-16,108.29736328125,31.693050384521484
2022-09-19,109.29634857177734,32.22250747680664
2022-09-20,107.1411361694336,31.739490509033203
2022-09-21,104.05167388916016,30.79204559326172
2022-09-22,102.8676986694336,30.188276290893555
2022-09-23,100.95297241210938,29.473051071166992
2022-09-26,98.77926635742188,28.82284164428711
2022-09-27,97.90977478027344,28.395559310913086
2022-09-28,99.88923645019531,28.859996795654297
2022-09-29,98.19651794433594,28.479158401489258
2022-09-30,96.66102600097656,28.051881790161133
2022-10-03,99.64875030517578,28.878572463989258
2022-10-04,104.3106689453125,30.076818466186523
2022-10-05,103.02276611328125,29.6495361328125
2022-10-06,100.92291259765625,29.222253799438477
2022-10-07,98.90709686279297,28.562755584716797
2022-10-10,97.98313903808594,28.479158401489258
2022-10-11,95.1553726196289,27.652463912963867
2022-10-12,96.69525146484375,27.73606300354004
2022-10-13,102.07085418701172,29.435894012451172
2022-10-14,103.7693862915039,29.44518280029297
2022-10-17,108.1277084350586,31.228614807128906
2022-10-18,110.90882110595703,32.398990631103516
2022-10-19,108.73432922363281,31.507278442382812
2022-10-20,108.37969207763672,31.30292510986328
2022-10-21,114.0726089477539,32.464012145996094
2022-10-24,114.21257781982422,32.57548141479492
2022-10-25,114.51122283935547,32.872718811035156
2022-10-26,115.82711791992188,33.160667419433594
2022-10-27,116.284423828125,33.318572998046875
2022-10-28,117.66565704345703,33.60651779174805
2022-10-31,117.47899627685547,33.47648620605469
2022-11-01,119.59748840332031,33.62510299682617
2022-11-02,118.49625396728516,33.522918701171875
2022-11-03,118.71089935302734,33.33715057373047
2022-11-04,121.95864868164062,34.173133850097656
2022-11-07,122.60260772705078,34.377479553222656
2022-11-08,122.67727661132812,34.470375061035156
2022-11-09,121.08139038085938,33.922340393066406
2022-11-10,126.06501770019531,35.41781997680664
2022-11-11,126.27030944824219,35.67790222167969
2022-11-14,124.97311401367188,35.074134826660156
2022-11-15,124.06783294677734,35.01840591430664
2022-11-16,124.23580932617188,34.70259475708008
2022-11-17,123.69452667236328,34.52610397338867
2022-11-18,124.90775299072266,34.544681549072266
2022-11-21,124.1705093383789,34.65615463256836
2022-11-22,126.02767181396484,34.82334518432617
2022-11-23,127.37154388427734,34.93479919433594
2022-11-25,127.61420440673828,35.01840591430664
2022-11-28,125.38373565673828,34.23815155029297
2022-11-29,127.44623565673828,34.36819839477539
2022-11-30,128.95811462402344,35.15773010253906
2022-12-01,127.14759826660156,34.14868927001953
2022-12-02,126.1396713256836,33.70956802368164
2022-12-05,122.60260772705078,32.205345153808594
2022-12-06,122.80793762207031,30.831926345825195
2022-12-07,122.72393035888672,30.589004516601562
2022-12-08,124.0118408203125,30.308713912963867
2022-12-09,123.33987426757812,30.25265884399414
2022-12-12,125.2530517578125,30.579660415649414
2022-12-13,125.13175201416016,30.598346710205078
2022-12-14,124.50646209716797,30.159225463867188
2022-12-15,121.41737365722656,29.68273162841797
2022-12-16,120.66141510009766,29.617332458496094
2022-12-19,121.38004302978516,29.95368003845215
2022-12-20,121.96800231933594,30.07513427734375
2022-12-21,123.33987426757812,30.53294563293457
2022-12-22,121.94000244140625,30.261995315551758
2022-12-23,122.51860809326172,30.336740493774414
2022-12-27,122.94792938232422,30.392799377441406
2022-12-28,123.61985778808594,30.617033004760742
2022-12-29,124.32913970947266,30.962726593017578
2022-12-30,125.15042877197266,30.944032669067383
2023-01-03,126.10232543945312,31.308414459228516
2023-01-04,127.27825927734375,31.897024154663086
2023-01-05,127.25003814697266,31.831619262695312
2023-01-06,129.68504333496094,32.14928436279297
2023-01-09,129.14915466308594,31.6634464263916
2023-01-10,130.30557250976562,31.878339767456055
2023-01-11,131.27391052246094,32.12126541137695
2023-01-12,131.1422882080078,32.205345153808594
2023-01-13,134.4516143798828,32.91541290283203
2023-01-17,132.37388610839844,32.25205993652344
2023-01-18,128.3970489501953,31.504621505737305
2023-01-19,126.68595123291016,31.046810150146484
2023-01-20,126.99618530273438,31.626079559326172
2023-01-23,129.05516052246094,32.0651969909668
2023-01-24,130.1645050048828,32.29877853393555
2023-01-25,130.79440307617188,32.57905578613281
2023-01-26,131.6029510498047,33.018184661865234
2023-01-27,131.92262268066406,33.1209602355957
2023-01-30,130.80384826660156,32.980812072753906
2023-01-31,131.58416748046875,33.148983001708984
2023-02-01,131.23629760742188,33.56007385253906
2023-02-02,130.6251983642578,33.75628662109375
2023-02-03,132.6465301513672,34.03657531738281
2023-02-06,133.42686462402344,33.98051452636719
2023-02-07,135.0533447265625,34.35423278808594
2023-02-08,134.10377502441406,34.10197830200195
2023-02-09,132.01661682128906,33.37321853637695
2023-02-10,132.5995330810547,33.2424201965332
2023-02-13,134.0379638671875,33.30781555175781
2023-02-14,134.63026428222656,33.279788970947266
2023-02-15,135.19436645507812,33.223724365234375
2023-02-16,133.33287048339844,32.962127685546875
2023-02-17,133.7277069091797,33.02752685546875
2023-02-21,131.27391052246094,32.25205993652344
2023-02-22,130.26795959472656,32.03717041015625
2023-02-23,131.31150817871094,32.00914001464844
2023-02-24,132.49610900878906,31.962427139282227
2023-02-27,133.6525115966797,31.962427139282227
2023-02-28,134.77130126953125,32.0465087890625
2023-03-01,134.01918029785156,31.897024154663086
2023-03-02,132.6277313232422,31.4926700592041
2023-03-03,135.06272888183594,32.122711181640625
2023-03-06,134.2729949951172,32.056884765625
2023-03-07,130.3243408203125,31.031896591186523
2023-03-08,129.5534210205078,30.618135452270508
2023-03-09,122.53986358642578,28.71860694885254
2023-03-10,125.6517562866211,28.46470832824707
2023-03-13,123.3954086303711,26.809675216674805
2023-03-14,126.56372833251953,27.04476547241211
2023-03-15,120.58433532714844,26.79086685180664
2023-03-16,122.92532348632812,27.24224090576172
2023-03-17,118.28096771240234,26.160825729370117
2023-03-20,119.53136444091797,26.094999313354492
2023-03-21,122.73728942871094,26.88490104675293
2023-03-22,119.5689697265625,25.991559982299805
2023-03-23,119.24931335449219,25.361522674560547
2023-03-24,117.434814453125,25.521379470825195
2023-03-27,120.80057525634766,26.79086685180664
2023-03-28,121.16725158691406,26.442934036254883
2023-03-29,121.41167449951172,26.960132598876953
2023-03-30,121.04501342773438,26.612197875976562
2023-03-31,122.51165008544922,26.89430809020996
2023-04-03,122.3706283569336,26.88490104675293
2023-04-04,120.73477172851562,26.31128692626953
2023-04-05,120.91478729248047,25.991559982299805
2023-04-06,120.7821273803711,26.17963218688965
2023-04-10,121.18009948730469,26.273670196533203
2023-04-11,121.77705383300781,26.997743606567383
2023-04-12,121.75810241699219,26.781461715698242
2023-04-13,122.2223892211914,26.856689453125
2023-04-14,131.4513702392578,27.75943946838379
2023-04-17,132.49366760253906,28.558748245239258
2023-04-18,133.98126220703125,28.737411499023438
2023-04-19,133.81072998046875,28.26723289489746
2023-04-20,133.4222412109375,28.11677360534668
2023-04-21,133.16636657714844,28.088565826416016
2023-04-24,133.34642028808594,27.985126495361328
2023-04-25,130.44696044921875,27.1199951171875
2023-04-26,128.13497924804688,26.743850708007812
2023-04-27,129.8595428466797,27.167009353637695
2023-04-28,130.98709106445312,27.53375244140625
2023-05-01,133.7917938232422,27.308067321777344
2023-05-02,131.63140869140625,26.480546951293945
2023-05-03,128.84564208984375,26.198442459106445
2023-05-04,127.08323669433594,25.380329132080078
2023-05-05,129.5657958984375,26.057384490966797
2023-05-08,129.87847900390625,26.0385799407959
2023-05-09,129.2530975341797,26.0103702545166
2023-05-10,129.3194122314453,25.690645217895508
2023-05-11,128.9119873046875,25.7564697265625
2023-05-12,127.06429290771484,25.474365234375
2023-05-15,128.13497924804688,26.00096321105957
2023-05-16,127.27276611328125,25.72825813293457
2023-05-17,131.1860809326172,26.8660945892334
2023-05-18,132.1809844970703,26.77206039428711
2023-05-19,131.8777313232422,26.433528900146484
2023-05-22,130.78811645507812,26.64981460571289
2023-05-23,129.42364501953125,26.875499725341797
2023-05-24,128.23924255371094,26.42412567138672
2023-05-25,128.5519256591797,26.489952087402344
2023-05-26,129.75526428222656,26.62160301208496
2023-05-30,130.2480010986328,26.5745849609375
2023-05-31,128.58981323242188,26.132614135742188
2023-06-01,130.36172485351562,26.331666946411133
2023-06-02,133.10008239746094,27.213176727294922
2023-06-05,131.79246520996094,27.05204200744629
2023-06-06,132.02935791015625,27.706069946289062
2023-06-07,133.30853271484375,27.943035125732422
2023-06-08,133.34642028808594,27.706069946289062
2023-06-09,133.61175537109375,27.743986129760742
2023-06-12,133.602294921875,27.611282348632812
2023-06-13,134.56878662109375,27.867206573486328
2023-06-14,134.0665740966797,27.601806640625
2023-06-15,135.5825958251953,27.83877182006836
2023-06-16,135.74366760253906,27.668153762817383
2023-06-20,135.052001953125,27.36484146118164
2023-06-21,134.85301208496094,27.08047866821289
2023-06-22,132.25677490234375,26.50227928161621
2023-06-23,131.56507873535156,26.30323028564453
2023-06-26,131.88722229003906,26.625503540039062
2023-06-27,131.89669799804688,26.767684936523438
2023-06-28,131.31874084472656,26.606544494628906
2023-06-29,135.90478515625,27.16578483581543
2023-06-30,137.809326171875,27.194225311279297
2023-07-03,138.91793823242188,27.67763328552246
2023-07-05,137.99252319335938,27.56389045715332
2023-07-06,136.62823486328125,26.80559730529785
2023-07-07,137.70631408691406,27.04256248474121
2023-07-10,138.47906494140625,27.16578483581543
2023-07-11,140.64474487304688,27.507017135620117
2023-07-12,141.3411865234375,27.82929229736328
2023-07-13,142.02810668945312,28.123132705688477
2023-07-14,142.88674926757812,27.59232521057129
2023-07-17,146.33084106445312,27.867206573486328
2023-07-18,146.5979766845703,29.099428176879883
2023-07-19,147.1608428955078,29.886157989501953
2023-07-20,148.97352600097656,30.03781509399414
2023-07-21,147.82867431640625,30.312698364257812
2023-07-24,150.738525390625,30.947763442993164
2023-07-25,149.61273193359375,30.47383689880371
2023-07-26,150.509521484375,30.72027587890625
2023-07-27,148.84951782226562,30.28426170349121
2023-07-28,149.69862365722656,30.23686408996582
2023-07-31,150.7003631591797,30.33165168762207
2023-08-01,149.9561767578125,29.971466064453125
2023-08-02,148.25799560546875,29.56388282775879
2023-08-03,149.16432189941406,29.772411346435547
2023-08-04,148.84951782226562,29.66814613342285
2023-08-07,149.5554962158203,30.21790885925293
2023-08-08,148.71592712402344,29.639713287353516
2023-08-09,146.72198486328125,29.25108528137207
2023-08-10,146.50253295898438,29.32691764831543
2023-08-11,147.35166931152344,29.65867042541504
2023-08-14,147.65696716308594,29.31743812561035
2023-08-15,143.8980255126953,28.37905502319336
2023-08-16,143.28746032714844,27.762941360473633
2023-08-17,141.79913330078125,27.753461837768555
2023-08-18,142.12353515625,27.59232521057129
2023-08-21,142.61007690429688,27.630237579345703
2023-08-22,139.6525421142578,26.957256317138672
2023-08-23,140.59701538085938,26.966737747192383
2023-08-24,140.4634552001953,27.127870559692383
2023-08-25,140.291748046875,27.01412582397461
2023-08-28,140.77833557128906,27.26057243347168
2023-08-29,141.92312622070312,27.649198532104492
2023-08-30,141.3507537841797,27.525976181030273
2023-08-31,139.6048583984375,27.4017276763916
2023-09-01,140.0723419189453,27.69801139831543
2023-09-05,138.52676391601562,27.382610321044922
2023-09-06,138.29782104492188,27.134111404418945
2023-09-07,137.1147918701172,26.8856143951416
2023-09-08,137.2197265625,27.105440139770508
2023-09-11,137.82078552246094,27.220129013061523
2023-09-12,139.6143798828125,27.688453674316406
2023-09-13,139.68116760253906,27.602436065673828
2023-09-14,142.39064025878906,27.908281326293945
2023-09-15,141.97085571289062,27.564208984375
2023-09-18,142.26658630371094,27.48774528503418
2023-09-19,142.08535766601562,27.382610321044922
2023-09-20,141.48431396484375,27.28703498840332
2023-09-21,140.3776092529297,26.80915069580078
2023-09-22,139.03244018554688,26.41728973388672
2023-09-25,139.7193145751953,26.379060745239258
2023-09-26,138.26918029785156,25.96808433532715
2023-09-27,139.08013916015625,26.063657760620117
2023-09-28,140.80694580078125,26.340829849243164
2023-09-29,138.3550567626953,26.168790817260742
2023-10-02,137.16250610351562,25.51887321472168
2023-10-03,136.15122985839844,24.763822555541992
2023-10-04,136.76181030273438,24.792491912841797
2023-10-05,137.33843994140625,24.907184600830078
2023-10-06,139.45281982421875,24.9167423248291
2023-10-09,139.1356658935547,25.146127700805664
2023-10-10,139.98143005371094,25.815160751342773
2023-10-11,140.46194458007812,25.82472038269043
2023-10-12,140.1352081298828,25.710025787353516
2023-10-13,142.23995971679688,25.57621955871582
2023-10-16,142.09579467773438,25.796045303344727
2023-10-17,141.7882537841797,26.398174285888672
2023-10-18,140.23130798339844,26.101886749267578
2023-10-19,139.6354217529297,25.767372131347656
2023-10-20,137.38650512695312,25.146127700805664
2023-10-23,135.51242065429688,24.438859939575195
2023-10-24,135.67576599121094,24.34328269958496
2023-10-25,134.93576049804688,24.41974449157715
2023-10-26,135.28172302246094,24.96453094482422
2023-10-27,130.4090576171875,24.056556701660156
2023-10-30,132.0717315673828,24.553550720214844
2023-10-31,133.6479034423828,25.17479705810547
2023-11-01,133.53256225585938,25.232145309448242
2023-11-02,135.9160614013672,26.398174285888672
2023-11-03,137.43455505371094,27.16278648376465
2023-11-06,138.47250366210938,27.076766967773438
2023-11-07,138.40524291992188,26.91428565979004
2023-11-08,139.08761596679688,26.656230926513672
2023-11-09,138.67434692382812,26.31215476989746
2023-11-10,140.73106384277344,26.455520629882812
2023-11-13,140.10635375976562,26.47463607788086
2023-11-14,142.662841796875,27.927396774291992
2023-11-15,143.91224670410156,28.309703826904297
2023-11-16,145.55572509765625,28.233240127563477
2023-11-17,146.87237548828125,28.653776168823242
2023-11-20,147.32408142089844,28.682449340820312
2023-11-21,147.0165252685547,28.347932815551758
2023-11-22,147.36251831054688,28.319257736206055
2023-11-24,147.5643310546875,28.41483497619629
2023-11-27,147.2279815673828,28.252357482910156
2023-11-28,147.5643310546875,28.223684310913086
2023-11-29,148.31399536132812,28.969179153442383
2023-11-30,150.0054931640625,29.37380027770996
2023-12-01,150.73593139648438,29.826595306396484
2023-12-04,151.84115600585938,29.691720962524414
2023-12-05,151.8219451904297,29.460506439208984
2023-12-06,150.22654724121094,29.41234016418457
2023-12-07,150.6878662109375,29.537578582763672
2023-12-08,152.3505401611328,29.826595306396484
2023-12-11,152.907958984375,29.720624923706055
2023-12-12,154.27268981933594,29.614646911621094
2023-12-13,154.79168701171875,30.86705780029297
2023-12-14,157.607666015625,32.69750213623047
2023-12-15,158.79937744140625,32.36994934082031
2023-12-18,159.76046752929688,32.206172943115234
2023-12-19,161.89405822753906,32.28324508666992
2023-12-20,160.06802368164062,31.77264976501465
2023-12-21,160.9810333251953,31.98459243774414
2023-12-22,160.8849334716797,32.206172943115234
2023-12-26,161.83641052246094,32.62043380737305
2023-12-27,162.8070831298828,32.601165771484375
2023-12-28,163.67205810546875,32.63970184326172
2023-12-29,163.47984313964844,32.43738555908203
2024-01-02,165.3828125,32.65896987915039
2024-01-03,164.6619873046875,32.30250930786133
2024-01-04,165.75469970703125,32.5626335144043
2024-01-05,166.58631896972656,33.16956329345703
2024-01-08,166.34457397460938,32.909446716308594
2024-01-09,165.02944946289062,32.39885330200195
2024-01-10,165.37759399414062,32.36994934082031
2024-01-11,164.68133544921875,31.936424255371094
2024-01-12,163.47256469726562,31.5992374420166
2024-01-16,162.44754028320312,30.944129943847656
2024-01-17,161.5772247314453,30.635845184326172
2024-01-18,161.89633178710938,30.56840705871582
2024-01-19,164.6909942626953,31.040470123291016
2024-01-22,164.4976043701172,31.358386993408203
2024-01-23,163.41453552246094,31.57033348083496
2024-01-24,164.87472534179688,31.77264976501465
2024-01-25,167.23423767089844,32.167633056640625
2024-01-26,166.59597778320312,32.206172943115234
2024-01-29,167.03115844726562,32.379581451416016
2024-01-30,170.45436096191406,33.51638412475586
2024-01-31,168.60739135742188,32.76493453979492
2024-02-01,167.9981689453125,32.32177734375
2024-02-02,168.9651336669922,32.24470520019531
2024-02-05,168.74276733398438,31.782283782958984
2024-02-06,169.3229522705078,31.83045196533203
2024-02-07,169.64207458496094,31.96532440185547
2024-02-08,169.03286743164062,31.907516479492188
2024-02-09,169.2359161376953,31.859352111816406
2024-02-12,169.9901885986328,32.389217376708984
2024-02-13,168.51068115234375,31.55106544494629
2024-02-14,170.22227478027344,31.917150497436523
2024-02-15,173.93557739257812,32.8227424621582
2024-02-16,173.123291015625,32.842010498046875
2024-02-20,173.80020141601562,32.716773986816406
2024-02-21,174.9315948486328,32.46628952026367
2024-02-22,177.03001403808594,32.379581451416016
2024-02-23,177.91964721679688,32.6782341003418
2024-02-26,177.3104248046875,32.379581451416016
2024-02-27,177.39744567871094,33.025054931640625
2024-02-28,178.29678344726562,33.053958892822266
2024-02-29,179.9213409423828,33.490535736083984
2024-03-01,179.1767578125,33.32560348510742
2024-03-04,180.52088928222656,34.101749420166016
2024-03-05,182.32920837402344,34.33458709716797
2024-03-06,183.27687072753906,34.36369705200195
2024-03-07,181.67164611816406,34.56743621826172
2024-03-08,182.0100860595703,34.53832244873047
2024-03-11,182.07777404785156,34.819679260253906
2024-03-12,183.57664489746094,34.88759231567383
2024-03-13,185.0658416748047,35.00401306152344
2024-03-14,181.76834106445312,34.62564468383789
2024-03-15,184.02146911621094,34.3539924621582
2024-03-18,186.30361938476562,34.93609619140625
2024-03-19,187.3963165283203,34.955501556396484
2024-03-20,189.8525390625,35.65403366088867
2024-03-21,192.49244689941406,36.39136505126953
2024-03-22,190.13294982910156,35.94508743286133
2024-03-25,188.39234924316406,35.76074981689453
2024-03-26,189.27230834960938,35.98389434814453
2024-03-27,192.9373016357422,36.68242645263672
2024-03-28,193.69154357910156,36.78913879394531
2024-04-01,192.37640380859375,36.40106964111328
2024-04-02,192.29905700683594,36.18762969970703
2024-04-03,191.7575225830078,36.32345199584961
2024-04-04,190.2985382080078,35.81896209716797
2024-04-05,192.04930114746094,36.003299713134766
2024-04-08,193.0511474609375,36.38166046142578
2024-04-09,191.7575225830078,36.60480880737305
2024-04-10,190.1234893798828,35.5570182800293
2024-04-11,190.08456420898438,35.26595687866211
2024-04-12,177.79029846191406,34.7226676940918
2024-04-15,177.88755798339844,34.877891540527344
2024-04-16,175.854736328125,33.64576721191406
2024-04-17,175.15443420410156,34.17936325073242
2024-04-18,176.29241943359375,34.70326232910156
2024-04-19,180.71795654296875,35.86747360229492
2024-04-22,184.22923278808594,36.60480880737305
2024-04-23,186.88455200195312,37.2257194519043
2024-04-24,187.79884338378906,37.17721176147461
2024-04-25,188.08091735839844,36.77943801879883
2024-04-26,188.19764709472656,36.70182800292969
2024-04-29,187.99337768554688,36.43017578125
2024-04-30,186.49551391601562,35.906280517578125
2024-05-01,186.61221313476562,35.84806823730469
2024-05-02,186.41769409179688,35.780155181884766
2024-05-03,185.2991485595703,36.139122009277344
2024-05-06,186.74838256835938,36.566001892089844
2024-05-07,186.50523376464844,36.711524963378906
2024-05-08,190.2985382080078,36.58540725708008
2024-05-09,192.0979461669922,37.138404846191406
2024-05-10,193.33323669433594,37.3033332824707
2024-05-13,193.2943115234375,37.070491790771484
2024-05-14,195.99826049804688,37.34214401245117
2024-05-15,196.5818634033203,37.74961471557617
2024-05-16,196.9320068359375,38.05037307739258
2024-05-17,199.1885528564453,38.1182861328125
2024-05-20,190.23048400878906,37.66230010986328
2024-05-21,194.0626983642578,38.467552185058594
2024-05-22,192.88580322265625,38.57426834106445
2024-05-23,191.53382873535156,38.00185775756836
2024-05-24,195.22015380859375,38.516056060791016
2024-05-28,194.0432586669922,38.14738845825195
2024-05-29,192.69126892089844,37.56528091430664
2024-05-30,193.87789916992188,37.477970123291016
2024-05-31,197.08763122558594,38.79741287231445
2024-06-03,196.29978942871094,38.69068908691406
2024-06-04,193.71255493164062,38.49665069580078
2024-06-05,191.86451721191406,38.76830291748047
2024-06-06,191.5240936279297,38.516056060791016
2024-06-07,194.48094177246094,38.82840347290039
2024-06-10,194.15025329589844,38.721031188964844
2024-06-11,189.0438232421875,37.93041229248047
2024-06-12,186.29124450683594,38.46725082397461
2024-06-13,188.3629913330078,38.320838928222656
2024-06-14,188.47970581054688,38.30132293701172
2024-06-17,189.64686584472656,38.564857482910156
2024-06-18,191.61163330078125,39.033382415771484
2024-06-20,193.2359619140625,39.033382415771484
2024-06-21,190.9307861328125,38.54534149169922
2024-06-24,193.44020080566406,39.06266403198242
2024-06-25,192.65235900878906,38.4379768371582
2024-06-26,192.0298614501953,38.06705856323242
2024-06-27,193.72225952148438,38.31108093261719
2024-06-28,196.72775268554688,38.818641662597656
2024-07-01,199.83050537109375,39.05289840698242
2024-07-02,203.11807250976562,39.95089340209961
2024-07-03,202.9818878173828,39.92161178588867
2024-07-05,200.29225158691406,39.443328857421875
2024-07-08,200.66392517089844,39.64830780029297
2024-07-09,203.06991577148438,40.42917251586914
2024-07-10,203.23617553710938,40.741519927978516
2024-07-11,202.89385986328125,40.80984115600586
2024-07-12,200.43899536132812,40.5951042175293
2024-07-15,205.436767578125,40.8879280090332
2024-07-16,208.9283447265625,43.07434844970703
2024-07-17,212.10696411132812,42.92793273925781
2024-07-18,205.36827087402344,41.981136322021484
2024-07-19,205.1726837158203,41.87377166748047
2024-07-22,205.6616973876953,41.28812026977539
2024-07-23,205.7106170654297,41.39548873901367
2024-07-24,204.00881958007812,41.18075180053711
2024-07-25,204.08706665039062,40.682952880859375
2024-07-26,207.5786590576172,40.67319107055664
2024-07-29,206.21917724609375,40.10706329345703
2024-07-30,210.4638671875,40.29252243041992
2024-07-31,208.12637329101562,39.345726013183594
2024-08-01,203.39266967773438,38.55510330200195
2024-08-02,194.76637268066406,36.6810302734375
2024-08-05,190.61947631835938,35.77328109741211
2024-08-06,195.9400177001953,36.03681564331055
2024-08-07,195.99868774414062,36.4077262878418
2024-08-08,199.57830810546875,37.29595947265625
2024-08-09,201.2801055908203,37.36428451538086
2024-08-12,201.6615447998047,37.25691604614258
2024-08-13,203.37310791015625,37.53997802734375
2024-08-14,205.62258911132812,37.88160705566406
2024-08-15,206.90380859375,38.096343994140625
2024-08-16,209.27066040039062,38.39892578125
2024-08-19,210.71815490722656,38.721031188964844
2024-08-20,209.80857849121094,37.76447677612305
2024-08-21,209.8868408203125,37.82304000854492
2024-08-22,211.8722381591797,38.30132293701172
2024-08-23,213.51535034179688,38.818641662597656
2024-08-26,214.35646057128906,38.96505355834961
2024-08-27,215.3442840576172,38.721031188964844
2024-08-28,216.42990112304688,38.99433517456055
2024-08-29,217.3297119140625,39.20907211303711
2024-08-30,219.86280822753906,39.77519607543945
2024-09-03,215.46163940429688,39.72639846801758
2024-09-04,214.512939453125,39.53117752075195
2024-09-05,212.8502960205078,39.179786682128906
2024-09-06,207.79383850097656,38.0794563293457
2024-09-09,212.0482940673828,38.77699279785156
2024-09-10,201.04534912109375,38.590328216552734
2024-09-11,202.6786651611328,38.315242767333984
2024-09-12,202.06253051757812,38.09910202026367
2024-09-13,199.83261108398438,37.97138595581055
2024-09-16,203.29486083984375,38.41348648071289
2024-09-17,204.65432739257812,38.85558319091797
2024-09-18,202.9720916748047,38.92435836791992
2024-09-19,205.85731506347656,40.15240478515625
2024-09-20,206.45391845703125,39.56294631958008
2024-09-23,206.7962188720703,39.16996765136719
2024-09-24,206.94293212890625,38.75733947753906
2024-09-25,205.5736846923828,38.56085205078125
2024-09-26,205.1726837158203,38.82611083984375
2024-09-27,205.8768768310547,38.70822525024414
2024-09-30,206.2289581298828,38.98330307006836
2024-10-01,202.49285888671875,38.53137969970703
2024-10-02,202.73736572265625,38.541202545166016
2024-10-03,200.72262573242188,38.56085205078125
2024-10-04,207.8470001220703,39.40575408935547
2024-10-07,207.56161499023438,39.258384704589844
2024-10-08,207.38450622558594,39.228912353515625
2024-10-09,210.01185607910156,39.48434829711914
2024-10-10,209.44113159179688,39.268211364746094
2024-10-11,218.74020385742188,41.21344757080078
2024-10-14,217.94314575195312,41.17414855957031
2024-10-15,218.838623046875,41.400108337402344
2024-10-16,220.0686492919922,42.04852294921875
2024-10-17,220.83621215820312,41.85203170776367
2024-10-18,221.77102661132812,41.57695007324219
2024-10-21,219.4388885498047,41.02677917480469
2024-10-22,220.54098510742188,41.55729675292969
2024-10-23,219.8423309326172,41.596595764160156
2024-10-24,221.3872528076172,41.90115737915039
2024-10-25,218.7598876953125,41.154502868652344
2024-10-28,221.89895629882812,41.871681213378906
2024-10-29,219.34046936035156,41.783260345458984
2024-10-30,220.8263702392578,41.5671272277832
2024-10-31,218.37611389160156,41.08572769165039
2024-11-01,219.37985229492188,41.02677917480469
2024-11-04,216.27029418945312,40.60433578491211
2024-11-05,217.9530029296875,41.144676208496094
2024-11-06,243.11465454101562,44.61269760131836
2024-11-07,232.605224609375,43.98393630981445
2024-11-08,233.19561767578125,44.33761215209961
2024-11-11,235.46873474121094,45.27093505859375
2024-11-12,235.73443603515625,45.05479431152344
2024-11-13,237.3088836669922,45.06461715698242
2024-11-14,238.00753784179688,45.094093322753906
2024-11-15,241.39260864257812,45.929168701171875
2024-11-18,241.1170654296875,45.89970016479492
2024-11-19,239.20803833007812,45.59513473510742
2024-11-20,236.93495178222656,45.251285552978516
2024-11-21,240.85137939453125,45.64426040649414
2024-11-22,244.58087158203125,46.174781799316406
2024-11-25,246.29307556152344,46.6660041809082
2024-11-26,245.9781951904297,46.91161346435547
2024-11-27,245.80105590820312,46.93125915527344
2024-11-29,245.73219299316406,46.67582321166992
2024-12-02,242.31759643554688,46.21407699584961
2024-12-03,240.91043090820312,45.99794006347656
2024-12-04,239.51309204101562,45.55583572387695
2024-12-05,241.5598907470703,46.174781799316406
2024-12-06,243.4098663330078,46.18465805053711
2024-12-09,239.91656494140625,45.35481643676758
2024-12-10,238.9817352294922,45.19675064086914
2024-12-11,239.6410369873047,45.522762298583984
2024-12-12,237.67295837402344,45.522762298583984
2024-12-13,236.10836791992188,45.11771774291992
2024-12-16,235.7541046142578,44.92013931274414
2024-12-17,234.5535888671875,44.50521469116211
2024-12-18,226.69117736816406,42.973960876464844
2024-12-19,229.23983764648438,42.855411529541016
2024-12-20,233.8057403564453,43.63585662841797
2024-12-23,234.58311462402344,43.3592414855957
2024-12-24,238.4405059814453,43.843318939208984
2024-12-26,239.25726318359375,44.01126480102539
2024-12-27,237.3187255859375,43.803802490234375
2024-12-30,235.49826049804688,43.379005432128906
