Date,KO,PEP
2015-01-02,30.222618103027344,69.21913146972656
2015-01-05,30.222618103027344,68.69872283935547
2015-01-06,30.452125549316406,68.1783447265625
2015-01-07,30.832233428955078,70.17192840576172
2015-01-08,31.205183029174805,71.44725799560547
2015-01-09,30.86092758178711,70.9635238647461
2015-01-12,30.581218719482422,70.67033386230469
2015-01-13,30.57404899597168,70.6190185546875
2015-01-14,30.523839950561523,70.85356903076172
2015-01-15,30.394742965698242,70.85356903076172
2015-01-16,30.502321243286133,71.30801391601562
2015-01-20,30.954153060913086,71.46924591064453
2015-01-21,31.097593307495117,71.3886489868164
2015-01-22,31.398813247680664,72.488037109375
2015-01-23,31.061744689941406,72.21683502197266
2015-01-26,30.839405059814453,72.33411407470703
2015-01-27,30.401906967163086,70.8902587890625
2015-01-28,30.064828872680664,70.15727996826172
2015-01-29,30.193941116333008,70.38450622558594
2015-01-30,29.526933670043945,68.73538970947266
2015-02-02,29.82816505432129,69.87144470214844
2015-02-03,29.85685920715332,70.50909423828125
2015-02-04,29.892715454101562,70.80226135253906
2015-02-05,29.97159767150879,70.8095703125
2015-02-06,29.727746963500977,70.88291931152344
2015-02-09,29.569969177246094,70.34050750732422
2015-02-10,30.409093856811523,71.82106018066406
2015-02-11,30.387575149536133,73.58745574951172
2015-02-12,30.244129180908203,73.49217987060547
2015-02-13,30.11503791809082,72.6566162109375
2015-02-17,29.985933303833008,72.09223175048828
2015-02-18,29.928569793701172,72.80322265625
2015-02-19,30.201107025146484,72.35609436035156
2015-02-20,30.100692749023438,72.60531616210938
2015-02-23,30.014636993408203,72.89115905761719
2015-02-24,30.2154483795166,72.98644256591797
2015-02-25,30.158069610595703,72.92778778076172
2015-02-26,30.452125549316406,72.6126480102539
2015-02-27,31.054563522338867,72.54668426513672
2015-03-02,30.982847213745117,72.56133270263672
2015-03-03,30.803543090820312,72.12155151367188
2015-03-04,30.480810165405273,71.83748626708984
2015-03-05,30.409093856811523,71.7415771484375
2015-03-06,29.777957916259766,70.95946502685547
2015-03-09,29.684715270996094,70.86353302001953
2015-03-10,29.18268394470215,69.67557525634766
2015-03-11,28.759531021118164,69.08531188964844
2015-03-12,29.338058471679688,70.62004089355469
2015-03-13,28.86078643798828,69.59440612792969
2015-03-16,29.13558006286621,70.42819213867188
2015-03-17,29.29467010498047,69.45423126220703
2015-03-18,29.359745025634766,69.8305435180664
2015-03-19,28.940332412719727,69.43211364746094
2015-03-20,29.39590072631836,70.34701538085938
2015-03-23,29.374223709106445,70.72332763671875
2015-03-24,29.26573944091797,70.73072052001953
2015-03-25,29.251272201538086,70.2879867553711
2015-03-26,29.17896270751953,70.56099700927734
2015-03-27,28.98371124267578,70.79710388183594
2015-03-30,29.29467010498047,71.21768951416016
2015-03-31,29.323589324951172,70.55359649658203
2015-04-01,29.4176025390625,70.16253662109375
2015-04-02,29.4176025390625,70.60527801513672
2015-04-06,29.771940231323242,71.18818664550781
2015-04-07,29.656240463256836,70.98893737792969
2015-04-08,29.56946563720703,70.85614776611328
2015-04-09,29.68515968322754,71.09225463867188
2015-04-10,29.562231063842773,70.98157501220703
2015-04-13,29.432069778442383,70.48722076416016
2015-04-14,29.29467010498047,71.19554901123047
2015-04-15,29.215120315551758,71.2988510131836
2015-04-16,29.359745025634766,71.16605377197266
2015-04-17,29.142812728881836,70.69380187988281
2015-04-20,29.40314483642578,71.20293426513672
2015-04-21,29.48992156982422,71.40950775146484
2015-04-22,29.873193740844727,71.7784652709961
2015-04-23,29.61285400390625,70.63481140136719
2015-04-24,29.56946563720703,70.22161102294922
2015-04-27,29.526079177856445,69.7198486328125
2015-04-28,29.482690811157227,69.66820526123047
2015-04-29,29.28021240234375,69.63867950439453
2015-04-30,29.330829620361328,70.18470001220703
2015-05-01,29.58392906188965,70.50933837890625
2015-05-04,29.62008285522461,70.79710388183594
2015-05-05,29.468219757080078,70.40607452392578
2015-05-06,29.40314483642578,70.45035552978516
2015-05-07,29.432069778442383,70.20685577392578
2015-05-08,29.634538650512695,71.23982238769531
2015-05-11,29.60562515258789,71.09225463867188
2015-05-12,29.42483139038086,70.98157501220703
2015-05-13,29.68515968322754,71.13652801513672
2015-05-14,30.01058006286621,72.30973052978516
2015-05-15,30.025043487548828,72.4720458984375
2015-05-18,29.880409240722656,72.34661102294922
2015-05-19,29.873193740844727,72.2728271484375
2015-05-20,29.902103424072266,72.08099365234375
2015-05-21,29.81534194946289,71.71945190429688
2015-05-22,29.800874710083008,71.0258560180664
2015-05-26,29.641786575317383,70.6790542602539
2015-05-27,29.735788345336914,71.1144027709961
2015-05-28,29.750246047973633,71.61613464355469
2015-05-29,29.62008285522461,71.15128326416016
2015-06-01,29.60562515258789,70.81188201904297
2015-06-02,29.641786575317383,70.87091064453125
2015-06-03,29.55500602722168,70.83597564697266
2015-06-04,29.352516174316406,69.97371673583984
2015-06-05,28.99817657470703,69.16356658935547
2015-06-08,29.041566848754883,69.00747680664062
2015-06-09,29.070497512817383,69.17842102050781
2015-06-10,29.164499282836914,69.63928985595703
2015-06-11,29.23740577697754,69.93657684326172
2015-06-12,29.135326385498047,69.6764144897461
2015-06-15,28.865562438964844,68.85879516601562
2015-06-16,29.222829818725586,69.53519439697266
2015-06-17,29.361358642578125,69.90687561035156
2015-06-18,29.638427734375,70.78394317626953
2015-06-19,29.456144332885742,70.50892639160156
2015-06-22,29.514480590820312,71.05896759033203
2015-06-23,29.44156265258789,71.05896759033203
2015-06-24,29.303028106689453,70.82852935791016
2015-06-25,29.17908477783203,70.48664093017578
2015-06-26,29.16449546813965,70.54605865478516
2015-06-29,28.727039337158203,69.63928985595703
2015-06-30,28.603086471557617,69.3791275024414
2015-07-01,28.799949645996094,70.25621032714844
2015-07-02,28.79265022277832,70.36026763916016
2015-07-06,28.74161720275879,70.16700744628906
2015-07-07,29.346773147583008,71.6535873413086
2015-07-08,29.062423706054688,71.06639862060547
2015-07-09,29.106176376342773,70.3082275390625
2015-07-10,29.4488525390625,71.02179718017578
2015-07-13,29.645723342895508,72.26309204101562
2015-07-14,30.01755714416504,72.1961898803711
2015-07-15,29.988399505615234,71.61643981933594
2015-07-16,30.243581771850586,72.02523803710938
2015-07-17,30.075889587402344,71.93604278564453
2015-07-20,30.17066764831543,72.32999420166016
2015-07-21,30.032148361206055,72.04755401611328
2015-07-22,29.82069969177246,72.22592163085938
2015-07-23,29.776952743530273,72.0029525756836
2015-07-24,29.485309600830078,71.49004364013672
2015-07-27,29.558225631713867,71.10354614257812
2015-07-28,29.565509796142578,71.43803405761719
2015-07-29,29.594667434692383,71.75022888183594
2015-07-30,29.57280158996582,71.82453918457031
2015-07-31,29.951948165893555,71.61643981933594
2015-08-03,30.287334442138672,72.43404388427734
2015-08-04,30.51335906982422,72.70165252685547
2015-08-05,30.710214614868164,73.72738647460938
2015-08-06,30.564393997192383,73.69764709472656
2015-08-07,30.45502471923828,73.66048431396484
2015-08-10,30.3894100189209,73.65304565429688
2015-08-11,30.243581771850586,73.3037109375
2015-08-12,30.083187103271484,73.12532043457031
2015-08-13,29.966527938842773,73.43004608154297
2015-08-14,30.075889587402344,73.75711822509766
2015-08-17,30.148805618286133,74.22538757324219
2015-08-18,30.112350463867188,74.15848541259766
2015-08-19,29.733200073242188,73.57872772216797
2015-08-20,29.565509796142578,72.8280258178711
2015-08-21,28.821815490722656,71.54210662841797
2015-08-24,27.983339309692383,68.25672149658203
2015-08-25,27.698993682861328,66.62891387939453
2015-08-26,28.238527297973633,68.7472915649414
2015-08-27,28.632251739501953,69.5723648071289
2015-08-28,28.763492584228516,69.52035522460938
2015-08-31,28.668701171875,69.07434844970703
2015-09-01,28.253108978271484,67.88509368896484
2015-09-02,28.36247444152832,68.64389038085938
2015-09-03,28.552043914794922,69.01092529296875
2015-09-04,28.08541488647461,68.10456085205078
2015-09-08,28.36247444152832,69.19071197509766
2015-09-09,27.925004959106445,68.03714752197266
2015-09-10,28.012514114379883,68.20944213867188
2015-09-11,28.041927337646484,68.62890625
2015-09-14,28.019859313964844,68.31429290771484
2015-09-15,28.314029693603516,68.9584732055664
2015-09-16,28.792055130004883,69.71504211425781
2015-09-17,28.961206436157227,69.93975067138672
2015-09-18,28.667036056518555,69.7000732421875
2015-09-21,28.82146644592285,70.1944351196289
2015-09-22,28.527307510375977,69.19071197509766
2015-09-23,28.5052433013916,69.2131576538086
2015-09-24,28.792055130004883,69.26559448242188
2015-09-25,29.137693405151367,70.01465606689453
2015-09-28,29.071517944335938,69.26559448242188
2015-09-29,29.167123794555664,69.69255065917969
2015-09-30,29.50541877746582,70.63639831542969
2015-10-01,29.27009391784668,70.29930114746094
2015-10-02,29.70398712158203,70.5315170288086
2015-10-05,30.159950256347656,71.76744079589844
2015-10-06,30.123178482055664,72.71127319335938
2015-10-07,30.535024642944336,73.79741668701172
2015-10-08,30.873329162597656,74.13449096679688
2015-10-09,30.902738571166992,74.50901794433594
2015-10-12,30.88802719116211,74.26185607910156
2015-10-13,30.630630493164062,73.34799194335938
2015-10-14,30.652694702148438,73.02588653564453
2015-10-15,30.829195022583008,73.61763763427734
2015-10-16,30.902738571166992,74.68131256103516
2015-10-19,30.88067054748535,75.04088592529297
2015-10-20,31.101318359375,75.10828399658203
2015-10-21,31.027772903442383,75.09329223632812
2015-10-22,31.79996109008789,77.21314239501953
2015-10-23,31.46902084350586,76.72625732421875
2015-10-26,31.321928024291992,76.80866241455078
2015-10-27,31.336650848388672,77.10826873779297
2015-10-28,31.424894332885742,76.9584732055664
2015-10-29,31.46902084350586,77.00341033935547
2015-10-30,31.145429611206055,76.54646301269531
2015-11-02,31.06453514099121,75.95471954345703
2015-11-03,31.005701065063477,75.59516906738281
2015-11-04,30.865964889526367,75.37044525146484
2015-11-05,31.130722045898438,75.36295318603516
2015-11-06,30.858612060546875,74.6962890625
2015-11-09,30.54973602294922,74.06709289550781
2015-11-10,30.71887969970703,74.02963256835938
2015-11-11,30.917438507080078,74.47906494140625
2015-11-12,30.57914924621582,73.68507385253906
2015-11-13,30.432058334350586,73.43788146972656
2015-11-16,30.858612060546875,74.57644653320312
2015-11-17,30.645336151123047,74.02963256835938
2015-11-18,31.093948364257812,75.10828399658203
2015-11-19,31.704357147216797,75.60264587402344
2015-11-20,31.204273223876953,74.98091888427734
2015-11-23,31.594045639038086,75.5427474975586
2015-11-24,31.888219833374023,75.37793731689453
2015-11-25,31.888219833374023,75.28054809570312
2015-11-27,31.97713851928711,75.46033477783203
2015-11-30,31.584383010864258,75.02587127685547
2015-12-01,31.784460067749023,75.70001983642578
2015-12-02,31.695541381835938,75.03852081298828
2015-12-03,31.465795516967773,74.74432373046875
2015-12-04,32.08089828491211,76.23030853271484
2015-12-07,32.014198303222656,75.93614196777344
2015-12-08,31.873394012451172,75.5589828491211
2015-12-09,31.6140193939209,74.77448272705078
2015-12-10,31.688127517700195,74.60102081298828
2015-12-11,31.325010299682617,73.75618743896484
2015-12-14,31.458398818969727,73.88443756103516
2015-12-15,31.917850494384766,74.97061920166016
2015-12-16,32.48847961425781,76.24539947509766
2015-12-17,32.229103088378906,75.58161163330078
2015-12-18,31.495441436767578,73.84671020507812
2015-12-21,31.702939987182617,74.38980865478516
2015-12-22,32.08089828491211,75.2798843383789
2015-12-23,32.36249542236328,75.91350555419922
2015-12-24,32.26615905761719,75.83808898925781
2015-12-28,32.229103088378906,75.94368743896484
2015-12-29,32.39213943481445,76.52449798583984
2015-12-30,32.28839111328125,76.29822540283203
2015-12-31,31.836341857910156,75.37039947509766
2016-01-04,31.421340942382812,74.5029525756836
2016-01-05,31.532508850097656,75.015869140625
2016-01-06,31.362049102783203,75.03852081298828
2016-01-07,30.843303680419922,73.59779357910156
2016-01-08,30.761795043945312,73.32624053955078
2016-01-11,30.813655853271484,73.49972534179688
2016-01-12,31.213848114013672,73.63550567626953
2016-01-13,31.013755798339844,72.7906723022461
2016-01-14,31.035985946655273,72.27019500732422
2016-01-15,30.754375457763672,70.85210418701172
2016-01-19,31.065629959106445,72.24004364013672
2016-01-20,30.665451049804688,70.73140716552734
2016-01-21,30.672861099243164,71.25944519042969
2016-01-22,31.16937828063965,72.30036926269531
2016-01-25,31.24347686767578,72.36825561523438
2016-01-26,31.184202194213867,72.65489959716797
2016-01-27,31.191608428955078,72.36825561523438
2016-01-28,31.547319412231445,73.50727081298828
2016-01-29,31.806692123413086,74.9027328491211
2016-02-01,31.86598014831543,74.69905853271484
2016-02-02,31.45097541809082,74.08053588867188
2016-02-03,31.658485412597656,74.4652328491211
2016-02-04,31.517683029174805,73.4620132446289
2016-02-05,31.45097541809082,73.40919494628906
2016-02-08,31.606597900390625,73.5600814819336
2016-02-09,32.088294982910156,74.13333892822266
2016-02-10,31.532508850097656,73.63550567626953
2016-02-11,31.428754806518555,73.0924072265625
2016-02-12,31.947507858276367,74.29174041748047
2016-02-16,32.132774353027344,74.37471008300781
2016-02-17,32.229103088378906,75.09130096435547
2016-02-18,32.31803512573242,75.14410400390625
2016-02-19,32.436607360839844,75.11394500732422
2016-02-22,32.56258773803711,75.33268737792969
2016-02-23,32.3773193359375,75.0837631225586
2016-02-24,32.540348052978516,75.18938446044922
2016-02-25,32.725624084472656,75.93614196777344
2016-02-26,31.9697322845459,74.19367980957031
2016-02-29,31.962329864501953,73.78633880615234
2016-03-01,32.3773193359375,74.74432373046875
2016-03-02,32.436607360839844,74.70103454589844
2016-03-03,32.57740020751953,75.33158111572266
2016-03-04,32.68857192993164,75.9697265625
2016-03-07,32.614479064941406,75.39996337890625
2016-03-08,32.84418869018555,75.77220153808594
2016-03-09,33.207313537597656,76.12163543701172
2016-03-10,33.51856231689453,76.56226348876953
2016-03-11,33.7575569152832,76.96492767333984
2016-03-14,33.82477951049805,76.46353149414062
2016-03-15,33.78742980957031,76.84337615966797
2016-03-16,33.64552688598633,76.60026550292969
2016-03-17,34.183265686035156,77.39035034179688
2016-03-18,34.056297302246094,76.94972229003906
2016-03-21,34.10857009887695,77.13965606689453
2016-03-22,33.98162078857422,76.55467987060547
2016-03-23,33.95174026489258,76.58505249023438
2016-03-24,34.04137420654297,76.48629760742188
2016-03-28,34.205665588378906,76.7142333984375
2016-03-29,34.713523864746094,77.010498046875
2016-03-30,34.7881965637207,78.01331329345703
2016-03-31,34.64630889892578,77.85376739501953
2016-04-01,34.974918365478516,78.84137725830078
2016-04-04,35.01974105834961,78.87175750732422
2016-04-05,34.7508659362793,78.32477569580078
2016-04-06,34.88529968261719,78.94770812988281
2016-04-07,34.6239128112793,78.70462036132812
2016-04-08,35.004798889160156,79.82897186279297
2016-04-11,34.683650970458984,79.23643493652344
2016-04-12,34.84048843383789,79.69984436035156
2016-04-13,34.384910583496094,79.09967803955078
2016-04-14,34.22806930541992,78.37036895751953
2016-04-15,34.42972183227539,78.83377838134766
2016-04-18,34.51934051513672,78.7957763671875
2016-04-19,34.80314636230469,79.25161743164062
2016-04-20,33.13768005371094,77.82335662841797
2016-04-21,32.6074104309082,76.72181701660156
2016-04-22,33.26463317871094,77.47393035888672
2016-04-25,33.391597747802734,78.09687042236328
2016-04-26,33.25716781616211,77.9449462890625
2016-04-27,33.36919021606445,77.96773529052734
2016-04-28,33.33184814453125,78.22602844238281
2016-04-29,33.45881271362305,78.21841430664062
2016-05-02,33.59325408935547,78.57550811767578
2016-05-03,33.48868942260742,78.67424011230469
2016-05-04,33.59325408935547,79.0237045288086
2016-05-05,33.652992248535156,79.1680679321289
2016-05-06,33.84717559814453,79.7378158569336
2016-05-09,33.78742980957031,79.9809341430664
2016-05-10,34.16831970214844,80.96092987060547
2016-05-11,33.95174026489258,80.315185546875
2016-05-12,34.22806930541992,80.60386657714844
2016-05-13,33.86957550048828,79.145263671875
2016-05-16,34.071231842041016,79.10726928710938
2016-05-17,33.42148208618164,77.77021026611328
2016-05-18,33.21983337402344,76.66104125976562
2016-05-19,33.10032653808594,76.98011779785156
2016-05-20,32.82399368286133,76.04570007324219
2016-05-23,32.83893966674805,76.28878021240234
2016-05-24,33.13768005371094,76.79779815673828
2016-05-25,33.145137786865234,76.79779815673828
2016-05-26,33.37666320800781,77.41315460205078
2016-05-27,33.443878173828125,77.45872497558594
2016-05-31,33.309444427490234,76.85856628417969
2016-06-01,33.38412857055664,77.74105834960938
2016-06-02,33.399078369140625,78.0701675415039
2016-06-03,33.6380615234375,78.47582244873047
2016-06-06,33.884521484375,78.60596466064453
2016-06-07,33.84717559814453,78.44522094726562
2016-06-08,34.018951416015625,78.97335052490234
2016-06-09,34.17578887939453,79.34072875976562
2016-06-10,34.347572326660156,79.07281494140625
2016-06-13,33.956233978271484,78.8814926147461
2016-06-14,33.896026611328125,79.01162719726562
2016-06-15,33.87344741821289,78.72842407226562
2016-06-16,34.09921646118164,79.48615264892578
2016-06-17,33.7078742980957,79.14938354492188
2016-06-20,33.850868225097656,79.1187744140625
2016-06-21,33.96376419067383,79.6622085571289
2016-06-22,33.76055908203125,79.40196228027344
2016-06-23,33.926124572753906,79.937744140625
2016-06-24,33.0606689453125,78.05488586425781
2016-06-27,32.94776916503906,78.169677734375
2016-06-28,33.24881362915039,78.17733001708984
2016-06-29,33.444480895996094,78.92743682861328
2016-06-30,34.11427307128906,81.0858383178711
2016-07-01,33.956233978271484,80.84856414794922
2016-07-05,34.18953323364258,81.45323181152344
2016-07-06,34.06910705566406,81.07051086425781
2016-07-07,33.93363952636719,82.2721939086914
2016-07-08,34.151893615722656,82.86917114257812
2016-07-11,34.29487609863281,83.35904693603516
2016-07-12,34.30241012573242,83.26720428466797
2016-07-13,34.4228401184082,84.12444305419922
2016-07-14,34.38519287109375,84.16270446777344
2016-07-15,34.34004211425781,83.93312072753906
2016-07-18,34.34004211425781,83.58866882324219
2016-07-19,34.34004211425781,83.83358001708984
2016-07-20,34.24973678588867,83.36671447753906
2016-07-21,34.204586029052734,83.10648345947266
2016-07-22,34.49056625366211,83.57335662841797
2016-07-25,34.29487609863281,83.4432601928711
2016-07-26,33.775611877441406,82.81562042236328
2016-07-27,32.66180419921875,82.26455688476562
2016-07-28,32.849937438964844,82.76203918457031
2016-07-29,32.83489227294922,83.36671447753906
2016-08-01,32.69942092895508,83.3743896484375
2016-08-02,32.75962829589844,83.21363830566406
2016-08-03,32.8424072265625,82.69315338134766
2016-08-04,32.74457550048828,82.9840087890625
2016-08-05,32.72200393676758,83.16770935058594
2016-08-08,32.6919059753418,82.76970672607422
2016-08-09,32.714481353759766,82.87686920166016
2016-08-10,32.81983947753906,83.2901611328125
2016-08-11,32.925201416015625,83.02993774414062
2016-08-12,33.135921478271484,83.11412811279297
2016-08-15,33.293968200683594,83.21363830566406
2016-08-16,32.98540496826172,82.66255187988281
2016-08-17,33.158504486083984,83.02227020263672
2016-08-18,33.1885986328125,82.87686920166016
2016-08-19,33.053138732910156,82.79267120361328
2016-08-22,32.91767120361328,82.6319351196289
2016-08-23,33.00046157836914,82.5706787109375
2016-08-24,33.00046157836914,82.74674987792969
2016-08-25,32.8649787902832,82.5706787109375
2016-08-26,32.60158920288086,82.2415771484375
2016-08-29,32.76715850830078,82.65489196777344
2016-08-30,32.5413818359375,82.05787658691406
2016-08-31,32.68437194824219,82.28374481201172
2016-09-01,32.624168395996094,82.69998168945312
2016-09-02,32.85747146606445,83.14703369140625
2016-09-06,32.95530319213867,83.1855697631836
2016-09-07,32.8424072265625,82.63831329345703
2016-09-08,32.83489227294922,82.38394165039062
2016-09-09,31.81138801574707,80.20255279541016
2016-09-12,32.503761291503906,81.72101593017578
2016-09-13,32.07887649536133,80.6187744140625
2016-09-14,31.949893951416016,80.97335815429688
2016-09-15,32.139583587646484,81.30480194091797
2016-09-16,31.972652435302734,81.15064239501953
2016-09-19,31.942302703857422,81.45125579833984
2016-09-20,32.124393463134766,81.93687438964844
2016-09-21,32.26854705810547,82.5766372680664
2016-09-22,32.59480667114258,83.10848999023438
2016-09-23,32.42788314819336,82.7385025024414
2016-09-26,31.904359817504883,82.49955749511719
2016-09-27,32.3140754699707,82.8541259765625
2016-09-28,31.980228424072266,82.76936340332031
2016-09-29,31.88918113708496,83.06224060058594
2016-09-30,32.109214782714844,83.84075927734375
2016-10-03,31.88918113708496,83.43993377685547
2016-10-04,31.74502944946289,82.55353546142578
2016-10-05,31.72228240966797,81.71333312988281
2016-10-06,31.646394729614258,82.01396179199219
2016-10-07,31.661571502685547,81.69791412353516
2016-10-10,31.661571502685547,81.87521362304688
2016-10-11,31.517417907714844,81.37417602539062
2016-10-12,31.699508666992188,81.76728820800781
2016-10-13,31.684328079223633,81.64395904541016
2016-10-14,31.61604881286621,82.34539794921875
2016-10-17,31.562942504882812,82.36083221435547
2016-10-18,31.84366798400879,82.43787384033203
2016-10-19,31.904359817504883,81.90602111816406
2016-10-20,31.813318252563477,81.60543060302734
2016-10-21,31.965065002441406,81.4127197265625
2016-10-24,32.29132080078125,82.71536254882812
2016-10-25,32.27613830566406,82.65370178222656
2016-10-26,32.20026397705078,82.53036499023438
2016-10-27,31.957473754882812,82.19121551513672
2016-10-28,32.040931701660156,82.53036499023438
2016-10-31,32.169918060302734,82.6305923461914
2016-11-01,31.957473754882812,82.2529067993164
2016-11-02,31.904359817504883,82.2529067993164
2016-11-03,31.88918113708496,82.19121551513672
2016-11-04,31.631227493286133,81.55915832519531
2016-11-07,32.215431213378906,82.44561767578125
2016-11-08,32.53411102294922,83.80221557617188
2016-11-09,32.0712890625,82.66911315917969
2016-11-10,31.06218147277832,79.58589935302734
2016-11-11,31.13046646118164,79.53966522216797
2016-11-14,31.23668670654297,78.15220642089844
2016-11-15,31.441545486450195,78.50677490234375
2016-11-16,31.30496597290039,78.39884185791016
2016-11-17,31.19875144958496,78.32948303222656
2016-11-18,31.0394287109375,78.09053802490234
2016-11-21,31.380844116210938,78.82279205322266
2016-11-22,31.388429641723633,79.30842590332031
2016-11-23,31.19875144958496,78.2601089477539
2016-11-25,31.50982666015625,78.75342559814453
2016-11-28,31.676742553710938,79.23131561279297
2016-11-29,31.485462188720703,79.03864288330078
2016-11-30,30.873355865478516,77.72866821289062
2016-12-01,30.735626220703125,76.89778137207031
2016-12-02,30.880996704101562,78.1169204711914
2016-12-05,31.079944610595703,78.20231628417969
2016-12-06,31.04167366027832,78.8546142578125
2016-12-07,31.592592239379883,79.83299255371094
2016-12-08,31.355396270751953,79.32048797607422
2016-12-09,32.13582229614258,80.42314147949219
2016-12-12,32.059322357177734,81.31612396240234
2016-12-13,31.952198028564453,82.02274322509766
2016-12-14,31.531362533569336,81.12201690673828
2016-12-15,31.79152488708496,81.76652526855469
2016-12-16,31.936887741088867,82.20912170410156
2016-12-19,31.883331298828125,81.8519287109375
2016-12-20,31.875688552856445,81.4559097290039
2016-12-21,31.806814193725586,81.30058288574219
2016-12-22,31.79152488708496,81.80532836914062
2016-12-23,31.82977294921875,81.60342407226562
2016-12-27,31.837421417236328,81.6344985961914
2016-12-28,31.669099807739258,81.23847961425781
2016-12-29,31.82977294921875,81.5257797241211
2016-12-30,31.722658157348633,81.24623107910156
2017-01-03,31.982805252075195,81.26179504394531
2017-01-04,31.86802864074707,81.41707611083984
2017-01-05,31.944536209106445,81.30838012695312
2017-01-06,31.936887741088867,81.19188690185547
2017-01-09,31.615541458129883,80.33771514892578
2017-01-10,31.401302337646484,79.18074035644531
2017-01-11,31.408950805664062,79.0564956665039
2017-01-12,31.332439422607422,79.07978057861328
2017-01-13,31.27887725830078,78.8546142578125
2017-01-17,31.539024353027344,79.35157775878906
2017-01-18,31.592592239379883,79.77863311767578
2017-01-19,31.477802276611328,79.48356628417969
2017-01-20,31.615541458129883,80.16690826416016
2017-01-23,31.699703216552734,80.76481628417969
2017-01-24,32.059322357177734,81.30838012695312
2017-01-25,32.22764587402344,81.23070526123047
2017-01-26,31.99045753479004,80.86575317382812
2017-01-27,31.71500015258789,80.35326385498047
2017-01-30,31.661439895629883,80.51632690429688
2017-01-31,31.806814193725586,80.58621215820312
2017-02-01,31.56962776184082,79.98832702636719
2017-02-02,31.676746368408203,80.78034973144531
2017-02-03,31.783864974975586,81.61895751953125
2017-02-06,31.79917335510254,81.19965362548828
2017-02-07,32.059322357177734,82.0072250366211
2017-02-08,32.151126861572266,82.06936645507812
2017-02-09,31.561981201171875,82.28675842285156
2017-02-10,31.049335479736328,82.38772583007812
2017-02-13,31.079944610595703,82.71385192871094
2017-02-14,31.011077880859375,83.02447509765625
2017-02-15,30.942209243774414,82.87693786621094
2017-02-16,31.523723602294922,83.9562759399414
2017-02-17,31.54667091369629,83.97956848144531
2017-02-21,31.722658157348633,84.91915893554688
2017-02-22,31.82977294921875,84.95796966552734
2017-02-23,31.875688552856445,85.05891418457031
2017-02-24,31.96749496459961,85.28408813476562
2017-02-27,31.883331298828125,84.8492660522461
2017-02-28,32.10521697998047,85.71117401123047
2017-03-01,32.25825500488281,85.79171752929688
2017-03-02,32.495452880859375,86.08879852294922
2017-03-03,32.50309753417969,86.44062805175781
2017-03-06,32.2735481262207,85.71353912353516
2017-03-07,32.1281852722168,85.47115325927734
2017-03-08,32.1281852722168,85.45552062988281
2017-03-09,32.158782958984375,85.23660278320312
2017-03-10,32.35771942138672,85.6822509765625
2017-03-13,32.44261932373047,85.5415267944336
2017-03-14,32.39632034301758,85.48680114746094
2017-03-15,32.5120964050293,86.87067413330078
2017-03-16,32.61244201660156,86.89410400390625
2017-03-17,32.44261932373047,87.08956909179688
2017-03-20,32.558406829833984,86.90192413330078
2017-03-21,32.805416107177734,87.38668823242188
2017-03-22,32.71279525756836,87.58214569091797
2017-03-23,32.55069351196289,87.39447784423828
2017-03-24,32.5120964050293,87.66032409667969
2017-03-27,32.666465759277344,87.43359375
2017-03-28,32.751380920410156,87.9183349609375
2017-03-29,32.74366760253906,87.9026870727539
2017-03-30,32.88261032104492,87.70724487304688
2017-03-31,32.759098052978516,87.45703887939453
2017-04-03,32.73594665527344,87.45703887939453
2017-04-04,32.94435501098633,87.6290283203125
2017-04-05,32.85945129394531,87.51958465576172
2017-04-06,32.9366455078125,87.23812103271484
2017-04-07,32.89032745361328,87.2615737915039
2017-04-10,32.95207595825195,87.58214569091797
2017-04-11,32.928916931152344,87.35539245605469
2017-04-12,33.145050048828125,88.82525634765625
2017-04-13,33.02926254272461,88.09815979003906
2017-04-17,33.24539566040039,88.59851837158203
2017-04-18,33.56187438964844,89.34912109375
2017-04-19,33.36890411376953,88.83309173583984
2017-04-20,33.26082992553711,88.80962371826172
2017-04-21,33.24539566040039,88.68453216552734
2017-04-24,33.40748977661133,89.38037109375
2017-04-25,33.27626419067383,89.25528717041016
2017-04-26,33.376617431640625,88.60635375976562
2017-04-27,33.19908142089844,88.06686401367188
2017-04-28,33.30714797973633,88.5672607421875
2017-05-01,33.361175537109375,87.78543090820312
2017-05-02,33.492408752441406,87.79322814941406
2017-05-03,33.438377380371094,87.40229797363281
2017-05-04,33.70082092285156,88.31707000732422
2017-05-05,33.72397232055664,88.52035522460938
2017-05-08,33.87834548950195,88.52035522460938
2017-05-09,33.585025787353516,88.1294174194336
2017-05-10,33.631343841552734,88.22322845458984
2017-05-11,33.70852279663086,88.37960052490234
2017-05-12,33.64678192138672,88.27798461914062
2017-05-15,33.75484848022461,89.08328247070312
2017-05-16,33.84748077392578,88.96598815917969
2017-05-17,33.909236907958984,88.9269027709961
2017-05-18,33.80887222290039,89.15363311767578
2017-05-19,33.88606643676758,88.88782501220703
2017-05-22,34.102195739746094,89.67748260498047
2017-05-23,34.26429748535156,89.95110321044922
2017-05-24,34.75828552246094,90.74077606201172
2017-05-25,35.0516242980957,91.89008331298828
2017-05-26,35.036190032958984,92.18718719482422
2017-05-30,35.06706619262695,92.265380859375
2017-05-31,35.097938537597656,92.00166320800781
2017-06-01,35.34494400024414,92.28504180908203
2017-06-02,35.4221305847168,92.63140869140625
2017-06-05,35.49932098388672,92.7967529296875
2017-06-06,35.491600036621094,92.65502166748047
2017-06-07,35.12880325317383,92.14334869384766
2017-06-08,34.83549880981445,91.23019409179688
2017-06-09,34.98215103149414,91.2695541381836
2017-06-12,34.9898796081543,91.49784851074219
2017-06-13,35.04433822631836,91.56867218017578
2017-06-14,35.25447463989258,92.39525604248047
2017-06-15,35.21555709838867,92.2693099975586
2017-06-16,35.262271881103516,91.99378204345703
2017-06-19,35.316734313964844,92.33228302001953
2017-06-20,35.49573516845703,92.85184478759766
2017-06-21,35.19221496582031,92.43462371826172
2017-06-22,35.07547378540039,91.43487548828125
2017-06-23,35.21555709838867,92.07249450683594
2017-06-26,35.355648040771484,92.1984634399414
2017-06-27,35.05991744995117,91.2695541381836
2017-06-28,35.270042419433594,91.61591339111328
2017-06-29,34.888710021972656,90.67127227783203
2017-06-30,34.90427017211914,90.9153060913086
2017-07-03,34.8342170715332,90.8759536743164
2017-07-05,34.880916595458984,90.76573944091797
2017-07-06,34.55405044555664,90.63189697265625
2017-07-07,34.5462646484375,90.93106079101562
2017-07-10,34.53850555419922,89.95491027832031
2017-07-11,34.499576568603516,89.53768157958984
2017-07-12,34.63966369628906,90.3484878540039
2017-07-13,34.57740783691406,89.75810241699219
2017-07-14,34.77194595336914,90.47445678710938
2017-07-17,34.81087875366211,90.47445678710938
2017-07-18,34.76418685913086,90.53743743896484
2017-07-19,34.888710021972656,90.7972183227539
2017-07-20,34.880916595458984,90.93106079101562
2017-07-21,35.04433822631836,91.8127212524414
2017-07-24,34.896488189697266,91.41912078857422
2017-07-25,35.20778274536133,91.67105102539062
2017-07-26,35.59690475463867,92.25357055664062
2017-07-27,35.89264678955078,92.37165069580078
2017-07-28,35.807029724121094,91.79698181152344
2017-07-31,35.67472839355469,91.79698181152344
2017-08-01,35.56577682495117,91.25382232666016
2017-08-02,35.48016357421875,91.00978088378906
2017-08-03,35.54243469238281,91.55294799804688
2017-08-04,35.41012191772461,91.60803985595703
2017-08-07,35.51909255981445,92.07249450683594
2017-08-08,35.48794937133789,91.8757095336914
2017-08-09,35.48016357421875,91.8127212524414
2017-08-10,35.59690475463867,91.61591339111328
2017-08-11,35.48016357421875,91.71824645996094
2017-08-14,35.64360046386719,92.76527404785156
2017-08-15,35.94710922241211,93.65481567382812
2017-08-16,35.954898834228516,93.75712585449219
2017-08-17,35.69029235839844,93.1982192993164
2017-08-18,35.54243469238281,92.57632446289062
2017-08-21,35.550201416015625,93.09587860107422
2017-08-22,35.48794937133789,92.82823944091797
2017-08-23,35.44124984741211,92.33228302001953
2017-08-24,35.34008026123047,91.48995971679688
2017-08-25,35.464595794677734,91.1987075805664
2017-08-28,35.347877502441406,90.95467376708984
2017-08-29,35.3712272644043,91.19081115722656
2017-08-30,35.32451248168945,91.28199005126953
2017-08-31,35.44903564453125,91.74176025390625
2017-09-01,35.62803268432617,91.82896423339844
2017-09-05,35.73698806762695,91.85274505615234
2017-09-06,35.76811981201172,92.23326110839844
2017-09-07,36.017147064208984,92.74061584472656
2017-09-08,36.032718658447266,91.19478607177734
2017-09-11,36.20392990112305,91.71006774902344
2017-09-12,36.359580993652344,91.16307830810547
2017-09-13,36.476314544677734,90.72708129882812
2017-09-14,36.17039489746094,90.52096557617188
2017-09-15,36.22529983520508,91.04417419433594
2017-09-18,36.17039489746094,91.15514373779297
2017-09-19,36.068416595458984,90.7587890625
2017-09-20,35.91152572631836,90.03742218017578
2017-09-21,35.613441467285156,89.41909790039062
2017-09-22,35.68404006958008,88.6659927368164
2017-09-25,35.84092330932617,88.73736572265625
2017-09-26,35.746788024902344,88.63428497314453
2017-09-27,35.01727294921875,88.07145690917969
2017-09-28,35.22907257080078,88.49954223632812
2017-09-29,35.30751037597656,88.33309173583984
2017-10-02,35.14276885986328,86.50189971923828
2017-10-03,35.44871139526367,86.50978088378906
2017-10-04,35.69187927246094,86.67626953125
2017-10-05,35.70756530761719,87.55618286132812
2017-10-06,35.68404006958008,87.51654815673828
2017-10-09,35.621280670166016,87.20738983154297
2017-10-10,35.98212432861328,87.81778717041016
2017-10-11,36.16254425048828,88.39647674560547
2017-10-12,36.17039489746094,89.14165496826172
2017-10-13,36.22529983520508,89.27641296386719
2017-10-16,36.57045364379883,90.02948760986328
2017-10-17,36.49200439453125,88.9355239868164
2017-10-18,36.39787292480469,88.74529266357422
2017-10-19,36.54691696166992,89.31603240966797
2017-10-20,36.3821907043457,88.47576141357422
2017-10-23,36.33512878417969,88.53917694091797
2017-10-24,36.22529983520508,87.79402160644531
2017-10-25,36.123321533203125,87.25495147705078
2017-10-26,36.2645263671875,87.77815246582031
2017-10-27,36.13900375366211,87.67510986328125
2017-10-30,35.974281311035156,86.92202758789062
2017-10-31,36.068416595458984,87.38179016113281
2017-11-01,35.92721939086914,87.30252838134766
2017-11-02,35.98997116088867,87.23908996582031
2017-11-03,36.06056213378906,87.37387084960938
2017-11-06,35.66835021972656,86.61284637451172
2017-11-07,36.03703689575195,87.57205200195312
2017-11-08,36.22529983520508,88.78491973876953
2017-11-09,36.2645263671875,88.37271118164062
2017-11-10,36.507694244384766,89.37944793701172
2017-11-13,36.648895263671875,90.40206146240234
2017-11-14,37.20585250854492,91.76555633544922
2017-11-15,36.71950149536133,91.24235534667969
2017-11-16,36.51552200317383,91.34540557861328
2017-11-17,35.856624603271484,90.90940856933594
2017-11-20,35.66050720214844,91.09174346923828
2017-11-21,35.91152572631836,91.99545288085938
2017-11-22,35.958595275878906,91.22651672363281
2017-11-24,35.98997116088867,91.87653350830078
2017-11-27,36.00566864013672,91.83690643310547
2017-11-28,35.95075607299805,92.5661849975586
2017-11-29,35.69187927246094,92.6216812133789
2017-11-30,36.19804000854492,93.00883483886719
2017-12-01,36.35620880126953,93.21635437011719
2017-12-04,36.56184005737305,93.75914764404297
2017-12-05,36.58555603027344,93.86293029785156
2017-12-06,36.73582458496094,94.90860748291016
2017-12-07,36.20594024658203,93.17644500732422
2017-12-08,35.83424758911133,93.04875183105469
2017-12-11,35.85006332397461,93.70329284667969
2017-12-12,35.818416595458984,93.71126556396484
2017-12-13,36.30085754394531,94.03054809570312
2017-12-14,36.40365982055664,94.2061538696289
2017-12-15,36.53020095825195,95.16401672363281
2017-12-18,36.3245849609375,94.23011779785156
2017-12-19,36.482749938964844,94.67711639404297
2017-12-20,36.443206787109375,95.00438690185547
2017-12-21,36.0635871887207,94.39773559570312
2017-12-22,36.0556755065918,94.66913604736328
2017-12-26,36.22967529296875,94.90060424804688
2017-12-27,36.3245849609375,95.2279052734375
2017-12-28,36.158485412597656,95.2677993774414
2017-12-29,36.28504180908203,95.72278594970703
2018-01-02,36.01613998413086,94.23809814453125
2018-01-03,35.93704605102539,93.99063873291016
2018-01-04,36.443206787109375,94.45361328125
2018-01-05,36.4352912902832,94.7249984741211
2018-01-08,36.37992477416992,94.18221282958984
2018-01-09,36.56184005737305,94.25405883789062
2018-01-10,36.4352912902832,93.77511596679688
2018-01-11,36.411582946777344,93.29618835449219
2018-01-12,36.498565673828125,93.69528198242188
2018-01-16,36.799095153808594,94.07844543457031
2018-01-17,37.0284423828125,95.132080078125
2018-01-18,37.07590866088867,95.0283432006836
2018-01-19,37.29734420776367,95.9223403930664
2018-01-22,37.47134017944336,96.99193572998047
2018-01-23,37.52669906616211,96.82431030273438
2018-01-24,37.827232360839844,96.69660949707031
2018-01-25,37.83513641357422,96.5050277709961
2018-01-26,38.380828857421875,97.19152069091797
2018-01-29,37.72441864013672,95.5232162475586
2018-01-30,37.49507522583008,95.69884490966797
2018-01-31,37.63741683959961,96.0261001586914
2018-02-01,37.52669906616211,96.0261001586914
2018-02-02,36.957275390625,94.7249984741211
2018-02-05,35.5020751953125,91.36448669433594
2018-02-06,35.32808303833008,90.64608001708984
2018-02-07,35.2410888671875,90.59820556640625
2018-02-08,34.08642578125,87.92415618896484
2018-02-09,34.11014938354492,88.74632263183594
2018-02-12,34.77447509765625,89.34498596191406
2018-02-13,34.94846725463867,89.51260375976562
2018-02-14,34.87728500366211,87.09402465820312
2018-02-15,35.41507339477539,88.57869720458984
2018-02-16,35.573246002197266,88.6505355834961
2018-02-20,34.790283203125,87.38935089111328
2018-02-21,34.27622985839844,86.20796203613281
2018-02-22,34.4185791015625,87.21372985839844
2018-02-23,34.8298454284668,87.54898071289062
2018-02-26,34.821929931640625,88.55477905273438
2018-02-27,34.49766159057617,88.51483917236328
2018-02-28,34.18132019042969,87.5888900756836
2018-03-01,34.3474006652832,86.94159698486328
2018-03-02,34.57675552368164,87.68136596679688
2018-03-05,34.71120071411133,87.99500274658203
2018-03-06,34.742855072021484,88.11560821533203
2018-03-07,34.65584945678711,88.32467651367188
2018-03-08,35.154090881347656,90.12590026855469
2018-03-09,35.44670867919922,90.49578857421875
2018-03-12,35.21735382080078,90.66466522216797
2018-03-13,35.248992919921875,91.3481674194336
2018-03-14,34.92985153198242,90.55209350585938
2018-03-15,34.84208679199219,90.05351257324219
2018-03-16,34.67454528808594,89.77210235595703
2018-03-19,34.514984130859375,88.74279022216797
2018-03-20,34.43518829345703,88.37291717529297
2018-03-21,34.30753707885742,87.44013977050781
2018-03-22,34.11604690551758,86.79683685302734
2018-03-23,33.77297592163086,85.35746002197266
2018-03-26,34.06019592285156,85.88819885253906
2018-03-27,34.21977233886719,86.55560302734375
2018-03-28,34.56283950805664,87.79396057128906
2018-03-29,34.65060806274414,87.76983642578125
2018-04-02,34.04425048828125,86.0811767578125
2018-04-03,34.6107177734375,86.99785614013672
2018-04-04,35.296875,88.59808349609375
2018-04-05,35.42451477050781,88.91167449951172
2018-04-06,35.04155731201172,87.89046478271484
2018-04-09,34.96975326538086,87.95477294921875
2018-04-10,35.0974006652832,87.97085571289062
2018-04-11,35.0974006652832,87.39190673828125
2018-04-12,35.12932586669922,87.09435272216797
2018-04-13,35.51228713989258,87.85828399658203
2018-04-16,35.64791488647461,88.38898468017578
2018-04-17,35.8074951171875,87.5447006225586
2018-04-18,35.51228713989258,86.02488708496094
2018-04-19,35.35271072387695,84.89105987548828
2018-04-20,34.897953033447266,82.40634155273438
2018-04-23,35.08942413330078,82.48673248291016
2018-04-24,34.363380432128906,81.57006072998047
2018-04-25,33.85276412963867,81.33686065673828
2018-04-26,34.10807800292969,83.03355407714844
2018-04-27,34.55487060546875,81.78716278076172
2018-04-30,34.47508239746094,81.1679916381836
2018-05-01,33.98040771484375,79.71253204345703
2018-05-02,33.55756378173828,78.18472290039062
2018-05-03,33.42191696166992,78.48223114013672
2018-05-04,33.79691696166992,79.59996032714844
2018-05-07,33.62138366699219,78.98881530761719
2018-05-08,33.358097076416016,77.8309097290039
2018-05-09,33.33415603637695,77.32428741455078
2018-05-10,33.65328598022461,78.21685028076172
2018-05-11,33.62138366699219,78.34553527832031
2018-05-14,33.54158020019531,78.12039184570312
2018-05-15,33.28628158569336,77.83892059326172
2018-05-16,33.15065002441406,78.15255737304688
2018-05-17,33.74903869628906,78.73953247070312
2018-05-18,33.65328598022461,78.40987396240234
2018-05-21,33.836795806884766,80.01811981201172
2018-05-22,33.70915603637695,80.35582733154297
2018-05-23,33.828826904296875,80.77398681640625
2018-05-24,33.764991760253906,80.55685424804688
2018-05-25,33.828826904296875,80.66139221191406
2018-05-29,34.052215576171875,81.296630859375
2018-05-30,34.411251068115234,81.88367462158203
2018-05-31,34.30753707885742,81.35455322265625
2018-06-01,34.40327072143555,81.35455322265625
2018-06-04,34.6984748840332,81.24908447265625
2018-06-05,34.395301818847656,81.32209777832031
2018-06-06,34.67454528808594,81.82524108886719
2018-06-07,34.65858459472656,82.09303283691406
2018-06-08,35.065494537353516,83.1723403930664
2018-06-11,35.2091064453125,83.75663757324219
2018-06-12,35.4325065612793,84.78728485107422
2018-06-13,35.248992919921875,85.4283676147461
2018-06-14,35.07996368408203,85.31475830078125
2018-06-15,35.514617919921875,87.32731628417969
2018-06-18,35.05581283569336,85.51763916015625
2018-06-19,35.096046447753906,85.98831176757812
2018-06-20,34.82237243652344,85.8665771484375
2018-06-21,34.68553161621094,87.02706146240234
2018-06-22,34.8143196105957,87.94405364990234
2018-06-25,35.07996368408203,88.44720458984375
2018-06-26,34.87871551513672,87.68439483642578
2018-06-27,34.66942596435547,87.8628921508789
2018-06-28,34.99140930175781,88.1956558227539
2018-06-29,35.30533981323242,88.349853515625
2018-07-02,35.216796875,88.88540649414062
2018-07-03,35.40997314453125,88.29302978515625
2018-07-05,35.94930648803711,88.90167236328125
2018-07-06,35.93320846557617,88.90977478027344
2018-07-09,35.74001693725586,87.44905090332031
2018-07-10,36.19884490966797,91.61211395263672
2018-07-11,36.05394744873047,91.32808685302734
2018-07-12,35.95735168457031,90.50846862792969
2018-07-13,36.013710021972656,91.44982147216797
2018-07-16,36.00566482543945,91.66896057128906
2018-07-17,36.424232482910156,93.22703552246094
2018-07-18,36.31958770751953,93.18647003173828
2018-07-19,36.31154251098633,93.94927978515625
2018-07-20,36.44837951660156,94.1440658569336
2018-07-23,36.182743072509766,92.82942199707031
2018-07-24,36.43227767944336,93.11341857910156
2018-07-25,37.100399017333984,93.49484252929688
2018-07-26,37.22113037109375,93.3244400024414
2018-07-27,37.19697952270508,92.74011993408203
2018-07-30,37.21308898925781,92.65898895263672
2018-07-31,37.535064697265625,93.3244400024414
2018-08-01,37.341888427734375,92.1964111328125
2018-08-02,37.17283630371094,93.07284545898438
2018-08-03,37.52701950073242,94.37940979003906
2018-08-06,37.55116653442383,95.25584411621094
2018-08-07,37.430423736572266,92.69145202636719
2018-08-08,37.148677825927734,92.09904479980469
2018-08-09,37.30967712402344,92.26945495605469
2018-08-10,37.092342376708984,91.59589385986328
2018-08-13,36.89110565185547,91.7176284790039
2018-08-14,36.939395904541016,91.78253173828125
2018-08-15,37.092342376708984,92.06655883789062
2018-08-16,37.20503234863281,92.71577453613281
2018-08-17,37.51091766357422,93.29198455810547
2018-08-20,37.61557388305664,93.19457244873047
2018-08-21,37.20503234863281,92.28569030761719
2018-08-22,36.97161102294922,91.08462524414062
2018-08-23,36.78645324707031,90.83305358886719
2018-08-24,36.73011779785156,91.0115966796875
2018-08-27,36.77840805053711,91.22258758544922
2018-08-28,36.52082061767578,90.2163314819336
2018-08-29,36.488624572753906,90.93045806884766
2018-08-30,36.182743072509766,90.857421875
2018-08-31,35.87686538696289,90.89799499511719
2018-09-04,36.02980041503906,90.078369140625
2018-09-05,36.52886962890625,91.79879760742188
2018-09-06,36.842803955078125,92.86902618408203
2018-09-07,36.80255889892578,92.24717712402344
2018-09-10,37.07624816894531,92.92631530761719
2018-09-11,37.04404067993164,92.72992706298828
2018-09-12,37.22113037109375,93.1553955078125
2018-09-13,37.204898834228516,94.08818817138672
2018-09-14,37.33478546142578,93.74454498291016
2018-09-17,37.60268783569336,94.42363739013672
2018-09-18,37.286075592041016,93.26178741455078
2018-09-19,37.3104248046875,93.08993530273438
2018-09-20,37.862457275390625,94.27635955810547
2018-09-21,37.813751220703125,94.0227279663086
2018-09-24,37.39973831176758,91.86259460449219
2018-09-25,37.083126068115234,91.61711120605469
2018-09-26,37.221126556396484,91.23255157470703
2018-09-27,37.351016998291016,90.8643569946289
2018-09-28,37.49715042114258,91.47803497314453
2018-10-01,37.52961349487305,90.5861587524414
2018-10-02,37.756919860839844,88.9578857421875
2018-10-03,37.237369537353516,87.97601318359375
2018-10-04,37.221126556396484,87.23141479492188
2018-10-05,37.245487213134766,87.13323974609375
2018-10-08,37.732574462890625,88.52420806884766
2018-10-09,37.659507751464844,88.46694946289062
2018-10-10,37.083126068115234,87.8287353515625
2018-10-11,36.23884963989258,85.96316528320312
2018-10-12,36.271324157714844,86.14317321777344
2018-10-15,36.45804214477539,86.42955017089844
2018-10-16,36.92888641357422,87.86962890625
2018-10-17,37.229248046875,88.6224136352539
2018-10-18,37.02630615234375,88.31147766113281
2018-10-19,37.610809326171875,90.24250030517578
2018-10-22,37.31855010986328,89.51428985595703
2018-10-23,37.63515853881836,90.111572265625
2018-10-24,37.935516357421875,92.42720031738281
2018-10-25,37.756919860839844,92.33716583251953
2018-10-26,37.2779541015625,90.37342071533203
2018-10-29,37.716339111328125,92.36988830566406
2018-10-30,38.66614532470703,93.08993530273438
2018-10-31,38.86909484863281,91.95259857177734
2018-11-01,38.75544357299805,91.24073791503906
2018-11-02,38.96651077270508,90.9625473022461
2018-11-05,39.526649475097656,93.59724426269531
2018-11-06,39.86760711669922,94.26817321777344
2018-11-07,40.078670501708984,94.59548950195312
2018-11-08,40.046207427978516,94.96369171142578
2018-11-09,40.33034133911133,96.12556457519531
2018-11-12,40.48457717895508,95.70828247070312
2018-11-13,40.47646713256836,95.84738159179688
2018-11-14,40.39527893066406,95.44644165039062
2018-11-15,40.37904739379883,95.56919860839844
2018-11-16,40.728118896484375,96.8374252319336
2018-11-19,41.00413131713867,97.3774642944336
2018-11-20,40.0867919921875,94.9145736694336
2018-11-21,39.55912399291992,94.32546997070312
2018-11-23,39.79454803466797,94.43183135986328
2018-11-26,39.67277908325195,94.80005645751953
2018-11-27,40.078670501708984,95.27462768554688
2018-11-28,40.354698181152344,96.96016693115234
2018-11-29,40.07650375366211,96.77196502685547
2018-11-30,41.238380432128906,99.77487182617188
2018-12-03,40.65743637084961,97.3529052734375
2018-12-04,40.56743621826172,96.38741302490234
2018-12-06,40.40378189086914,96.36100769042969
2018-12-07,40.166500091552734,95.51976776123047
2018-12-10,40.28922653198242,95.8249282836914
2018-12-11,40.53469467163086,96.73213958740234
2018-12-12,40.27287673950195,96.49298095703125
2018-12-13,40.477420806884766,97.6063461303711
2018-12-14,40.37104415893555,93.9775390625
2018-12-17,39.54465103149414,93.08685302734375
2018-12-18,39.536468505859375,92.23738861083984
2018-12-19,39.192813873291016,90.75289154052734
2018-12-20,38.898258209228516,90.8930892944336
2018-12-21,38.92279815673828,90.24153900146484
2018-12-24,37.60546875,87.44573211669922
2018-12-26,38.40732192993164,89.34259796142578
2018-12-27,38.890079498291016,90.24153900146484
2018-12-28,38.62005615234375,91.01678466796875
2018-12-31,38.74279022216797,91.11573791503906
2019-01-02,38.39914321899414,90.12610626220703
2019-01-03,38.161861419677734,89.28486633300781
2019-01-04,38.92279815673828,91.11573791503906
2019-01-07,38.41550827026367,90.33226013183594
2019-01-08,38.84915542602539,91.19822692871094
2019-01-09,38.10458755493164,88.64981079101562
2019-01-10,38.51369857788086,89.19415283203125
2019-01-11,38.734615325927734,89.20240020751953
2019-01-14,38.57915496826172,88.5096206665039
2019-01-15,38.92279815673828,89.88693237304688
2019-01-16,38.39095687866211,89.35086059570312
2019-01-17,38.50550842285156,90.07662200927734
2019-01-18,38.95553970336914,90.77760314941406
2019-01-22,39.045536041259766,90.64567565917969
2019-01-23,39.49555969238281,91.32192993164062
2019-01-24,39.02099609375,90.30752563476562
2019-01-25,38.75916290283203,90.1838150024414
2019-01-28,38.59552001953125,89.74669647216797
2019-01-29,38.7837028503418,89.8951644897461
2019-01-30,39.160091400146484,91.39617156982422
2019-01-31,39.381011962890625,92.92190551757812
2019-02-01,39.84739685058594,92.52603912353516
2019-02-04,40.29741668701172,93.26828002929688
2019-02-05,40.30559539794922,93.11161041259766
2019-02-06,40.30559539794922,93.23530578613281
2019-02-07,40.4365119934082,93.26828002929688
2019-02-08,40.5019645690918,93.21056365966797
2019-02-11,40.591976165771484,93.1693115234375
2019-02-12,40.632896423339844,93.84561920166016
2019-02-13,40.739261627197266,94.11775207519531
2019-02-14,37.302730560302734,92.85592651367188
2019-02-15,37.016357421875,95.59402465820312
2019-02-19,36.68088150024414,95.61051177978516
2019-02-20,36.901790618896484,95.5280532836914
2019-02-21,37.523643493652344,95.750732421875
2019-02-22,37.0490837097168,96.29505157470703
2019-02-25,36.77088165283203,95.71773529052734
2019-02-26,36.56631851196289,95.64351654052734
2019-02-27,36.77088165283203,95.14866638183594
2019-02-28,37.098167419433594,96.14468383789062
2019-03-01,37.13090133666992,96.59366607666016
2019-03-04,37.351829528808594,96.58534240722656
2019-03-05,37.31090545654297,96.46896362304688
2019-03-06,37.18817138671875,96.99275207519531
2019-03-07,37.0490837097168,96.52717590332031
2019-03-08,36.689048767089844,95.80382537841797
2019-03-11,37.78548049926758,96.93455505371094
2019-03-12,37.67911148071289,96.91793060302734
2019-03-13,37.818199157714844,96.9262466430664
2019-03-14,37.71915817260742,96.02831268310547
2019-03-15,37.38901138305664,96.16133117675781
2019-03-18,37.47980499267578,97.4999008178711
2019-03-19,37.603614807128906,98.18165588378906
2019-03-20,37.5788459777832,98.3729019165039
2019-03-21,37.56234359741211,99.30406951904297
2019-03-22,37.909000396728516,100.36830139160156
2019-03-25,37.99152755737305,100.47636413574219
2019-03-26,38.494998931884766,101.44912719726562
2019-03-27,38.470237731933594,101.34103393554688
2019-03-28,38.44548797607422,101.2994613647461
2019-03-29,38.67658615112305,101.88977813720703
2019-04-01,38.56103515625,101.4324951171875
2019-04-02,38.43722915649414,101.16645812988281
2019-04-03,38.115325927734375,101.06666564941406
2019-04-04,38.36294174194336,100.9918441772461
2019-04-05,38.35469436645508,101.11656188964844
2019-04-08,38.42071533203125,101.4324951171875
2019-04-09,38.519771575927734,101.57384490966797
2019-04-10,38.494998931884766,101.46573638916016
2019-04-11,38.552772521972656,101.15811157226562
2019-04-12,38.577537536621094,101.62371826171875
2019-04-15,38.79214096069336,102.8126449584961
2019-04-16,38.7508659362793,101.77336883544922
2019-04-17,39.02323913574219,105.59788513183594
2019-04-18,39.18831253051758,105.66439819335938
2019-04-22,39.122283935546875,105.1240005493164
2019-04-23,39.79083251953125,105.66439819335938
2019-04-24,39.600990295410156,105.52305603027344
2019-04-25,39.485435485839844,104.8662109375
2019-04-26,39.83209991455078,105.0907211303711
2019-04-29,39.96415328979492,105.33181762695312
2019-04-30,40.49238967895508,106.4625473022461
2019-05-01,40.104461669921875,105.78910827636719
2019-05-02,39.93938446044922,105.44822692871094
2019-05-03,40.21176528930664,106.1466064453125
2019-05-06,40.00541305541992,105.81404113769531
2019-05-07,39.617496490478516,104.74153900146484
2019-05-08,39.493690490722656,104.7747802734375
2019-05-09,39.122283935546875,104.79972076416016
2019-05-10,39.774314880371094,106.42928314208984
2019-05-13,39.65876770019531,105.72261047363281
2019-05-14,40.18700408935547,105.93043518066406
2019-05-15,40.591434478759766,107.54339599609375
2019-05-16,40.92158126831055,108.30831146240234
2019-05-17,40.60793685913086,108.50780487060547
2019-05-20,40.31906509399414,108.07548522949219
2019-05-21,40.11271667480469,107.29397583007812
2019-05-22,40.9793586730957,108.1419906616211
2019-05-23,41.14442825317383,108.05886840820312
2019-05-24,40.94633102416992,107.66810607910156
2019-05-28,40.525386810302734,106.11333465576172
2019-05-29,40.1209716796875,106.56231689453125
2019-05-30,40.64920425415039,106.92814636230469
2019-05-31,40.5501594543457,106.42098236083984
2019-06-03,41.251712799072266,107.23574829101562
2019-06-04,41.26823425292969,107.31061553955078
2019-06-05,41.912017822265625,109.23946380615234
2019-06-06,42.423728942871094,110.53340911865234
2019-06-07,42.49802017211914,111.78131103515625
2019-06-10,42.407230377197266,111.88178253173828
2019-06-11,42.365962982177734,111.55514526367188
2019-06-12,42.621822357177734,111.50491333007812
2019-06-13,42.53032684326172,111.33739471435547
2019-06-14,42.680057525634766,111.16152954101562
2019-06-17,42.31406021118164,110.98565673828125
2019-06-18,42.12274169921875,110.60041809082031
2019-06-19,42.52200698852539,111.26205444335938
2019-06-20,42.97119140625,112.3591537475586
2019-06-21,42.87968826293945,112.1916732788086
2019-06-24,43.18746566772461,112.34242248535156
2019-06-25,43.05436325073242,112.0660400390625
2019-06-26,42.52200698852539,110.81818389892578
2019-06-27,42.48874282836914,110.29052734375
2019-06-28,42.355648040771484,109.82157135009766
2019-07-01,42.9212760925293,110.44127655029297
2019-07-02,43.23736572265625,110.9103012084961
2019-07-03,43.33717727661133,112.21678161621094
2019-07-05,43.34550476074219,111.40443420410156
2019-07-08,43.25399398803711,111.01915740966797
2019-07-09,42.912967681884766,110.33242797851562
2019-07-10,43.104270935058594,112.56851196289062
2019-07-11,43.28727722167969,112.51829528808594
2019-07-12,43.35380935668945,111.62215423583984
2019-07-15,43.36213684082031,112.35078430175781
2019-07-16,43.37045669555664,112.05765533447266
2019-07-17,43.403724670410156,111.20343017578125
2019-07-18,43.27894973754883,111.28714752197266
2019-07-19,42.74659729003906,108.9505386352539
2019-07-22,42.60518264770508,109.10966491699219
2019-07-23,45.19211196899414,109.49492645263672
2019-07-24,44.734615325927734,108.21353912353516
2019-07-25,44.14402770996094,108.02928161621094
2019-07-26,45.05901336669922,109.89692687988281
2019-07-29,44.9093017578125,110.15653228759766
2019-07-30,44.684715270996094,109.27716827392578
2019-07-31,43.778038024902344,107.0410385131836
2019-08-01,43.27894973754883,106.47990417480469
2019-08-02,43.52848815917969,107.1331558227539
2019-08-05,42.962860107421875,104.1851577758789
2019-08-06,43.47858428955078,105.90201568603516
2019-08-07,44.235530853271484,107.01590728759766
2019-08-08,44.659751892089844,108.4312973022461
2019-08-09,44.435157775878906,107.70266723632812
2019-08-12,44.25217819213867,107.4933090209961
2019-08-13,44.50171661376953,108.81654357910156
2019-08-14,44.07748794555664,108.13815307617188
2019-08-15,44.809471130371094,109.47816467285156
2019-08-16,45.25865936279297,110.34915924072266
2019-08-19,45.49156188964844,111.02754211425781
2019-08-20,44.81779861450195,110.60041809082031
2019-08-21,45.000797271728516,110.83492279052734
2019-08-22,45.32520294189453,111.10291290283203
2019-08-23,44.70134353637695,109.1012954711914
2019-08-26,45.36678695678711,112.00741577148438
2019-08-27,45.516510009765625,112.86163330078125
2019-08-28,45.84092712402344,113.2218017578125
2019-08-29,45.79100799560547,113.91693878173828
2019-08-30,45.782691955566406,114.51154327392578
2019-09-03,45.998958587646484,115.12291717529297
2019-09-04,46.38991165161133,116.53829956054688
2019-09-05,45.84923553466797,114.67037963867188
2019-09-06,45.94074249267578,115.84260559082031
2019-09-09,45.350162506103516,115.02461242675781
2019-09-10,45.25033950805664,114.56922912597656
2019-09-11,45.55810546875,114.99087524414062
2019-09-12,45.84092712402344,115.77510833740234
2019-09-13,45.4638671875,115.0583267211914
2019-09-16,45.21250534057617,113.74280548095703
2019-09-17,45.44710922241211,114.43429565429688
2019-09-18,45.4387321472168,114.26565551757812
2019-09-19,45.681732177734375,114.24877166748047
2019-09-20,45.17060470581055,113.5994644165039
2019-09-23,45.36332702636719,114.21504974365234
2019-09-24,45.49738693237305,114.1476058959961
2019-09-25,45.388450622558594,113.91986846923828
2019-09-26,45.572792053222656,114.45113372802734
2019-09-27,45.50576400756836,114.3499755859375
2019-09-30,45.614688873291016,115.61490631103516
2019-10-01,45.790653228759766,115.84260559082031
2019-10-02,44.475162506103516,112.95011901855469
2019-10-03,45.11195373535156,116.3148422241211
2019-10-04,45.69847869873047,118.29655456542969
2019-10-07,45.137088775634766,116.66057586669922
2019-10-08,44.89411926269531,115.73297882080078
2019-10-09,45.10359191894531,116.24736785888672
2019-10-10,44.96113204956055,116.28109741210938
2019-10-11,44.659488677978516,116.07027435302734
2019-10-14,44.659488677978516,115.91006469726562
2019-10-15,44.83545684814453,114.965576171875
2019-10-16,44.818702697753906,115.04145050048828
2019-10-17,45.070072174072266,115.49684143066406
2019-10-18,45.899574279785156,114.89811706542969
2019-10-21,45.4387321472168,114.78845977783203
2019-10-22,45.120338439941406,115.24385070800781
2019-10-23,45.78226852416992,115.91006469726562
2019-10-24,45.75713348388672,116.28109741210938
2019-10-25,45.03654479980469,115.22698211669922
2019-10-28,44.8857307434082,115.16795349121094
2019-10-29,44.75166320800781,114.75476837158203
2019-10-30,45.19575119018555,115.44620513916016
2019-10-31,45.6063232421875,115.67391967773438
2019-11-01,45.1622314453125,115.47151947021484
2019-11-04,44.52544403076172,113.97894287109375
2019-11-05,43.922157287597656,113.0091323852539
2019-11-06,44.24055099487305,113.37175750732422
2019-11-07,43.81324005126953,112.42726135253906
2019-11-08,43.74620056152344,112.26704406738281
2019-11-11,43.436180114746094,111.64300537109375
2019-11-12,43.3272590637207,111.2972412109375
2019-11-13,43.91377639770508,112.4019546508789
2019-11-14,44.098114013671875,112.4356918334961
2019-11-15,44.13162612915039,112.84049224853516
2019-11-18,44.43327331542969,113.05130767822266
2019-11-19,44.475162506103516,113.48140716552734
2019-11-20,44.59247589111328,112.78145599365234
2019-11-21,44.37461853027344,112.92479705810547
2019-11-22,44.43327331542969,113.05973052978516
2019-11-25,44.59247589111328,112.85733032226562
2019-11-26,45.1622314453125,114.43429565429688
2019-11-27,45.204132080078125,114.61138916015625
2019-11-29,45.0775146484375,114.54393768310547
2019-12-02,45.37295913696289,114.58606719970703
2019-12-03,45.41515350341797,114.23191833496094
2019-12-04,45.82879638671875,115.7835693359375
2019-12-05,45.744388580322266,115.779296875
2019-12-06,45.93853759765625,116.6454849243164
2019-12-09,45.64308547973633,116.47566986083984
2019-12-10,45.38983917236328,115.71987915039062
2019-12-11,45.54179000854492,116.4247055053711
2019-12-12,45.702171325683594,116.49263000488281
2019-12-13,45.93853759765625,117.1380386352539
2019-12-16,45.93853759765625,116.39073181152344
2019-12-17,45.93853759765625,115.63493347167969
2019-12-18,45.508018493652344,115.46509552001953
2019-12-19,45.8541259765625,115.88971710205078
2019-12-20,46.40281295776367,117.12104797363281
2019-12-23,46.3521728515625,116.3737564086914
2019-12-24,46.1833381652832,116.24635314941406
2019-12-26,46.44501495361328,116.07653045654297
2019-12-27,46.72359085083008,116.79834747314453
2019-12-30,46.65605545043945,116.17839813232422
2019-12-31,46.72359085083008,116.0595474243164
2020-01-02,46.41969680786133,115.33773040771484
2020-01-03,46.166446685791016,115.17639923095703
2020-01-06,46.14957046508789,115.61795806884766
2020-01-07,45.79502868652344,113.80068969726562
2020-01-08,45.87944412231445,114.38662719726562
2020-01-09,46.71516036987305,114.46305847167969
2020-01-10,46.87554168701172,114.2422866821289
2020-01-13,47.38202667236328,115.94065856933594
2020-01-14,47.27229690551758,116.21240234375
2020-01-15,47.863197326660156,118.20800018310547
2020-01-16,47.96448516845703,118.5561752319336
2020-01-17,48.06578826904297,119.95733642578125
2020-01-21,48.25993347167969,120.46683502197266
2020-01-22,48.631370544433594,121.75763702392578
2020-01-23,48.817081451416016,121.98690032958984
2020-01-24,48.69045639038086,121.36699676513672
2020-01-27,48.52162551879883,120.70464324951172
2020-01-28,48.124881744384766,120.95941162109375
2020-01-29,48.124881744384766,120.35646057128906
2020-01-30,49.68655014038086,122.13976287841797
2020-01-31,49.298240661621094,120.60272979736328
2020-02-03,49.4501953125,121.01883697509766
2020-02-04,49.669673919677734,121.62175750732422
2020-02-05,49.678104400634766,122.5389175415039
2020-02-06,49.79629135131836,122.56439208984375
2020-02-07,49.96511459350586,123.44755554199219
2020-02-10,50.43783950805664,123.69383239746094
2020-02-11,50.302772521972656,124.05048370361328
2020-02-12,50.15082931518555,124.05048370361328
2020-02-13,50.31966781616211,124.38167572021484
2020-02-14,50.60667419433594,124.82325744628906
2020-02-18,50.25212860107422,123.64285278320312
2020-02-19,50.45473098754883,123.58341217041016
2020-02-20,50.41251754760742,123.2691879272461
2020-02-21,50.758628845214844,123.85517883300781
2020-02-24,49.509281158447266,121.12922668457031
2020-02-25,48.80863952636719,119.82149505615234
2020-02-26,48.62293243408203,120.56877136230469
2020-02-27,46.36905288696289,115.80479431152344
2020-02-28,45.15347671508789,112.1192626953125
2020-03-02,47.20475769042969,116.83230590820312
2020-03-03,47.32293701171875,115.13392639160156
2020-03-04,49.7371940612793,120.91690826416016
2020-03-05,47.8969612121582,118.06576538085938
2020-03-06,46.647621154785156,117.34761810302734
2020-03-09,43.77751541137695,111.27761840820312
2020-03-10,45.29698181152344,114.68022918701172
2020-03-11,44.07295608520508,110.9271011352539
2020-03-12,39.81001663208008,98.60757446289062
2020-03-13,41.27468490600586,108.96073913574219
2020-03-16,38.54121398925781,96.68395233154297
2020-03-17,40.17618942260742,109.19158935546875
2020-03-18,38.19207000732422,103.37806701660156
2020-03-19,35.62039566040039,100.31741333007812
2020-03-20,32.61442184448242,88.85282897949219
2020-03-23,31.984264373779297,89.9214859008789
2020-03-24,33.593692779541016,97.32516479492188
2020-03-25,35.43305206298828,96.1795654296875
2020-03-26,37.7152099609375,102.81382751464844
2020-03-27,36.45491027832031,102.98479461669922
2020-03-30,38.31982421875,107.27654266357422
2020-03-31,37.68114471435547,102.67701721191406
2020-04-01,35.86733627319336,100.9842529296875
2020-04-02,37.425689697265625,105.89155578613281
2020-04-03,37.32350158691406,106.51564025878906
2020-04-06,39.74190139770508,112.1325454711914
2020-04-07,39.60565948486328,111.5511703491211
2020-04-08,40.721187591552734,113.37218475341797
2020-04-09,41.726016998291016,114.24423217773438
2020-04-13,39.96329879760742,111.90171813964844
2020-04-14,41.65788650512695,118.32221984863281
2020-04-15,40.54235076904297,115.44112396240234
2020-04-16,40.108070373535156,115.9626235961914
2020-04-17,40.92555618286133,117.5955581665039
2020-04-20,39.62267303466797,115.03075408935547
2020-04-21,38.64339065551758,111.94447326660156
2020-04-22,38.89886474609375,113.38072967529297
2020-04-23,38.379417419433594,111.36309051513672
2020-04-24,38.685977935791016,114.86832427978516
2020-04-27,39.83556365966797,114.95381164550781
2020-04-28,39.801517486572266,116.54397583007812
2020-04-29,40.125099182128906,114.01338195800781
2020-04-30,39.07768630981445,113.09860229492188
2020-05-01,38.83073806762695,111.26051330566406
2020-05-04,38.439022064208984,111.92735290527344
2020-05-05,38.660430908203125,112.56855010986328
2020-05-06,38.10692596435547,111.80767822265625
2020-05-07,37.979183197021484,112.46598815917969
2020-05-08,39.2650260925293,114.75716400146484
2020-05-11,38.779640197753906,114.88542175292969
2020-05-12,38.166526794433594,113.65430450439453
2020-05-13,37.41716384887695,113.67141723632812
2020-05-14,37.21278762817383,113.77400207519531
2020-05-15,36.83810806274414,116.22765350341797
2020-05-18,38.29426574707031,115.86003112792969
2020-05-19,37.92809295654297,112.6198501586914
2020-05-20,39.07768630981445,112.2180404663086
2020-05-21,38.46457290649414,111.32036590576172
2020-05-22,38.3453483581543,111.5511703491211
2020-05-26,39.24800109863281,110.9271011352539
2020-05-27,39.79298782348633,111.83332061767578
2020-05-28,40.099544525146484,113.09860229492188
2020-05-29,39.75041198730469,112.46598815917969
2020-06-01,40.01438903808594,113.69706726074219
2020-06-02,39.93776321411133,113.3892822265625
2020-06-03,40.78931427001953,113.55171966552734
2020-06-04,40.806331634521484,112.4946060180664
2020-06-05,41.802650451660156,114.105712890625
2020-06-08,42.449825286865234,113.90754699707031
2020-06-09,41.726016998291016,114.56234741210938
2020-06-10,41.40242385864258,115.56177520751953
2020-06-11,38.779640197753906,110.14250946044922
2020-06-12,39.183509826660156,111.14192199707031
2020-06-15,39.78501510620117,112.41703033447266
2020-06-16,40.188880920410156,113.44230651855469
2020-06-17,40.02561569213867,113.51983642578125
2020-06-18,40.37791442871094,114.39862823486328
2020-06-19,39.54441452026367,113.1063003540039
2020-06-22,39.30381393432617,112.90813446044922
2020-06-23,39.2178840637207,113.17520141601562
2020-06-24,38.367183685302734,111.62442016601562
2020-06-25,38.607791900634766,113.21832275390625
2020-06-26,37.43915939331055,111.08162689208984
2020-06-29,38.11799621582031,112.93401336669922
2020-06-30,38.39296340942383,113.95062255859375
2020-07-01,38.513267517089844,114.03680419921875
2020-07-02,38.56482696533203,114.45894622802734
2020-07-06,38.86557388305664,114.84663391113281
2020-07-07,38.84839630126953,115.07927703857422
2020-07-08,38.72808837890625,115.63931274414062
2020-07-09,37.73131561279297,114.33832550048828
2020-07-10,38.796836853027344,115.84607696533203
2020-07-13,38.88276290893555,116.23377990722656
2020-07-14,39.4155158996582,116.75932312011719
2020-07-15,39.870941162109375,115.18269348144531
2020-07-16,39.6561164855957,115.34638977050781
2020-07-17,40.231842041015625,116.01838684082031
2020-07-20,39.63032913208008,114.68297576904297
2020-07-21,40.558380126953125,115.82023620605469
2020-07-22,41.65825653076172,117.18150329589844
2020-07-23,41.48640060424805,118.10337829589844
2020-07-24,41.666847229003906,117.22454833984375
2020-07-27,41.65825653076172,118.61170196533203
2020-07-28,41.40046310424805,118.3618392944336
2020-07-29,41.26298522949219,118.83572387695312
2020-07-30,40.97941589355469,118.62894439697266
2020-07-31,40.59274673461914,118.60308074951172
2020-08-03,39.78501510620117,117.7759780883789
2020-08-04,40.1201286315918,118.43939208984375
2020-08-05,40.5755615234375,117.38827514648438
2020-08-06,40.79897689819336,117.05229187011719
2020-08-07,41.07394027709961,117.81044006347656
2020-08-10,41.00519943237305,117.1556396484375
2020-08-11,41.1856575012207,116.41471099853516
2020-08-12,41.615291595458984,118.72371673583984
2020-08-13,41.57232666015625,118.98219299316406
2020-08-14,41.63248062133789,118.51692962646484
2020-08-17,41.42625045776367,118.82710266113281
2020-08-18,41.60669708251953,118.99080657958984
2020-08-19,40.70445251464844,117.56058502197266
2020-08-20,40.68726348876953,117.79322052001953
2020-08-21,40.62711715698242,117.5692138671875
2020-08-24,41.220027923583984,118.58585357666016
2020-08-25,41.1684684753418,118.29293823242188
2020-08-26,41.3832893371582,119.30097198486328
2020-08-27,41.44343948364258,119.24063110351562
2020-08-28,42.81829071044922,120.56744384765625
2020-08-31,42.56050109863281,120.67082214355469
2020-09-01,42.20819854736328,119.9212875366211
2020-09-02,43.9869270324707,123.45367431640625
2020-09-03,43.376834869384766,120.9397964477539
2020-09-04,43.858028411865234,120.41047668457031
2020-09-08,42.801109313964844,117.62493896484375
2020-09-09,43.12763977050781,118.97864532470703
2020-09-10,42.96438217163086,116.93939971923828
2020-09-11,43.87522506713867,117.85057067871094
2020-09-14,43.92719650268555,118.59683990478516
2020-09-15,44.22172164916992,117.68571472167969
2020-09-16,43.996498107910156,117.13033294677734
2020-09-17,43.78859329223633,115.58570098876953
2020-09-18,43.70197296142578,114.08447265625
2020-09-21,42.52387237548828,113.8848876953125
2020-09-22,43.017635345458984,114.67457580566406
2020-09-23,41.76158905029297,113.67665100097656
2020-09-24,42.18604278564453,114.179931640625
2020-09-25,42.203369140625,115.889404296875
2020-09-28,42.6884651184082,119.72492980957031
2020-09-29,42.376617431640625,119.0220718383789
2020-09-30,42.76642990112305,120.27162170410156
2020-10-01,42.601837158203125,122.18067932128906
2020-10-02,42.75776290893555,119.80302429199219
2020-10-05,42.77509307861328,119.69023895263672
2020-10-06,42.39394760131836,117.75511932373047
2020-10-07,42.9310188293457,118.89187622070312
2020-10-08,43.71063232421875,119.62081146240234
2020-10-09,44.013816833496094,120.13279724121094
2020-10-12,44.25636672973633,123.3348159790039
2020-10-13,43.502742767333984,124.5583724975586
2020-10-14,43.416114807128906,123.67324829101562
2020-10-15,43.303497314453125,122.72738647460938
2020-10-16,43.3381462097168,122.98772430419922
2020-10-19,42.98299026489258,121.20880126953125
2020-10-20,43.52872848510742,121.23485565185547
2020-10-21,43.303497314453125,121.1393814086914
2020-10-22,43.90121078491211,121.14804077148438
2020-10-23,43.762611389160156,121.10465240478516
2020-10-26,43.138916015625,119.80302429199219
2020-10-27,43.22554397583008,120.72286224365234
2020-10-28,41.54502868652344,116.42744445800781
2020-10-29,41.59700393676758,116.27123260498047
2020-10-30,41.63166046142578,115.6637954711914
2020-11-02,42.11674880981445,117.27783203125
2020-11-03,42.74910354614258,118.91792297363281
2020-11-04,42.593177795410156,119.62947845458984
2020-11-05,42.827064514160156,119.79435729980469
2020-11-06,42.835731506347656,120.0807113647461
2020-11-09,45.53840255737305,120.1414566040039
2020-11-10,46.75981140136719,122.97904205322266
2020-11-11,46.41331100463867,124.87075805664062
2020-11-12,45.919551849365234,124.8187026977539
2020-11-13,46.30070114135742,125.5736312866211
2020-11-16,46.64720153808594,126.48477172851562
2020-11-17,46.499942779541016,126.0335693359375
2020-11-18,45.57305908203125,124.41950225830078
2020-11-19,46.02350616455078,124.36747741699219
2020-11-20,45.62503433227539,124.4542007446289
2020-11-23,45.633705139160156,124.10711669921875
2020-11-24,46.10145950317383,124.98352813720703
2020-11-25,45.85026168823242,125.09635925292969
2020-11-27,45.651023864746094,125.47817993164062
2020-11-30,45.048622131347656,125.15711975097656
2020-12-01,45.43276596069336,126.75381469726562
2020-12-02,45.49387741088867,125.49555206298828
2020-12-03,46.07880401611328,126.24101257324219
2020-12-04,47.01295471191406,127.46453857421875
2020-12-07,46.26213836669922,127.04501342773438
2020-12-08,46.42802047729492,127.1761474609375
2020-12-09,46.558982849121094,127.32470703125
2020-12-10,46.31452178955078,126.43327331542969
2020-12-11,46.57644271850586,126.69544982910156
2020-12-14,46.506591796875,126.04875946044922
2020-12-15,47.00422668457031,126.52064514160156
2020-12-16,46.32326126098633,126.62554168701172
2020-12-17,46.506591796875,127.34220123291016
2020-12-18,46.91692352294922,128.4083709716797
2020-12-21,46.1049919128418,127.07125854492188
2020-12-22,46.061344146728516,125.8652114868164
2020-12-23,46.34071731567383,126.20606231689453
2020-12-24,46.65501022338867,126.77413940429688
2020-12-28,47.283592224121094,128.39089965820312
2020-12-29,47.25740432739258,128.8366241455078
2020-12-30,47.52804183959961,128.740478515625
2020-12-31,47.87725830078125,129.60572814941406
2021-01-04,46.061344146728516,126.08372497558594
2021-01-05,45.55498504638672,126.4594955444336
2021-01-06,44.105751037597656,124.91263580322266
2021-01-07,43.61684036254883,124.5105972290039
2021-01-08,44.59465026855469,126.00505828857422
2021-01-11,43.82638168334961,124.17850494384766
2021-01-12,43.74781036376953,123.60172271728516
2021-01-13,43.79145431518555,124.6155014038086
2021-01-14,42.97952651977539,123.89012145996094
2021-01-15,42.51682662963867,123.5667495727539
2021-01-19,42.35094451904297,124.15229034423828
2021-01-20,42.499366760253906,123.51434326171875
2021-01-21,42.73507308959961,122.01112365722656
2021-01-22,42.3334846496582,121.11968231201172
2021-01-25,42.586669921875,122.50926971435547
2021-01-26,43.03191375732422,123.9250717163086
2021-01-27,42.36840057373047,120.63902282714844
2021-01-28,42.909690856933594,121.64407348632812
2021-01-29,42.03665542602539,119.3543472290039
2021-02-01,42.32475662231445,119.71265411376953
2021-02-02,42.743804931640625,120.93618774414062
2021-02-03,42.57793426513672,120.6215591430664
2021-02-04,42.78746032714844,122.07230377197266
2021-02-05,43.34620666503906,123.19094848632812
2021-02-08,43.58192825317383,122.70153045654297
2021-02-09,43.389862060546875,122.00240325927734
2021-02-10,43.30255126953125,120.34188079833984
2021-02-11,43.913673400878906,117.9560546875
2021-02-12,44.25416564941406,116.99468994140625
2021-02-16,43.887489318847656,117.44043731689453
2021-02-17,43.765262603759766,117.51032257080078
2021-02-18,44.324005126953125,118.30559539794922
2021-02-19,43.74781036376953,115.80613708496094
2021-02-22,44.2017707824707,115.35169219970703
2021-02-23,44.12321090698242,116.0420913696289
2021-02-24,44.27162170410156,115.43905639648438
2021-02-25,43.80018615722656,113.61253356933594
2021-02-26,42.769996643066406,112.90464782714844
2021-03-01,43.5644645690918,114.15437316894531
2021-03-02,43.739070892333984,114.54765319824219
2021-03-03,43.634300231933594,112.86097717285156
2021-03-04,43.59938430786133,113.48905181884766
2021-03-05,44.34146499633789,117.18892669677734
2021-03-08,45.08354187011719,116.39608001708984
2021-03-09,44.40257263183594,116.50178527832031
2021-03-10,44.908935546875,117.67344665527344
2021-03-11,44.420040130615234,117.35629272460938
2021-03-12,44.332008361816406,117.19771575927734
2021-03-15,44.92180633544922,117.18892669677734
2021-03-16,45.089073181152344,118.05221557617188
2021-03-17,45.1066780090332,117.70865631103516
2021-03-18,44.516868591308594,116.74844360351562
2021-03-19,44.72814178466797,118.48387908935547
2021-03-22,44.89540100097656,121.39090728759766
2021-03-23,45.23871994018555,122.8532485961914
2021-03-24,45.35315704345703,122.28065490722656
2021-03-25,45.793312072753906,123.00300598144531
2021-03-26,46.69121551513672,125.70740509033203
2021-03-29,47.40426254272461,127.566162109375
2021-03-30,46.788055419921875,125.56647491455078
2021-03-31,46.400718688964844,124.60624694824219
2021-04-01,46.22465515136719,124.45649719238281
2021-04-05,46.488746643066406,126.11264038085938
2021-04-06,46.8232536315918,126.56188201904297
2021-04-07,46.90249252319336,126.33289337158203
2021-04-08,46.76164627075195,125.56647491455078
2021-04-09,46.814456939697266,125.59290313720703
2021-04-12,46.964111328125,125.98931121826172
2021-04-13,46.735233306884766,126.01573181152344
2021-04-14,46.72643280029297,125.18767547607422
2021-04-15,46.94651412963867,125.36386108398438
2021-04-16,47.25461196899414,126.99356842041016
2021-04-19,47.53630828857422,127.5133056640625
2021-04-20,47.685951232910156,128.35902404785156
2021-04-21,48.073299407958984,129.477783203125
2021-04-22,47.92364501953125,128.67616271972656
2021-04-23,47.950042724609375,128.4647216796875
2021-04-26,47.23701095581055,126.2888412475586
2021-04-27,47.16658020019531,125.87480926513672
2021-04-28,47.175384521484375,124.94102478027344
2021-04-29,47.76518630981445,126.79977416992188
2021-04-30,47.51869583129883,126.99356842041016
2021-05-03,47.95885467529297,128.42947387695312
2021-05-04,47.6595458984375,126.8173828125
2021-05-05,47.53630828857422,126.75569915771484
2021-05-06,48.01167678833008,128.22686767578125
2021-05-07,47.985260009765625,128.22686767578125
2021-05-10,48.33737564086914,129.24874877929688
2021-05-11,47.8180046081543,128.30613708496094
2021-05-12,47.5715217590332,127.05523681640625
2021-05-13,47.985260009765625,128.9403839111328
2021-05-14,48.17892837524414,129.1342010498047
2021-05-17,48.09970474243164,128.7642059326172
2021-05-18,47.835609436035156,128.18283081054688
2021-05-19,47.685951232910156,128.11236572265625
2021-05-20,48.10850524902344,129.69801330566406
2021-05-21,48.08209228515625,129.58349609375
2021-05-24,48.24055099487305,130.24417114257812
2021-05-25,48.231746673583984,130.6405792236328
2021-05-26,48.443023681640625,130.6405792236328
2021-05-27,48.847965240478516,129.06373596191406
2021-05-28,48.671905517578125,130.32345581054688
2021-06-01,48.66309356689453,130.05038452148438
2021-06-02,48.85675048828125,130.57012939453125
2021-06-03,48.98000717163086,131.0359649658203
2021-06-04,49.50819778442383,131.18679809570312
2021-06-07,49.33211898803711,131.1069793701172
2021-06-08,48.98880386352539,129.8824005126953
2021-06-09,48.839149475097656,129.642822265625
2021-06-10,49.21767807006836,130.97384643554688
2021-06-11,49.4377555847168,131.0537109375
2021-06-14,49.26924514770508,131.83456420898438
2021-06-15,49.14506912231445,131.84344482421875
2021-06-16,48.48875045776367,130.53018188476562
2021-06-17,48.73707580566406,131.79022216796875
2021-06-18,47.69049835205078,129.03941345214844
2021-06-21,48.21379089355469,130.05099487304688
2021-06-22,48.39118194580078,130.2462158203125
2021-06-23,48.00092315673828,128.5336456298828
2021-06-24,48.24040603637695,129.26124572753906
2021-06-25,48.178314208984375,129.9178924560547
2021-06-28,48.125099182128906,130.47691345214844
2021-06-29,47.770320892333984,130.38818359375
2021-06-30,47.9920539855957,131.4796600341797
2021-07-01,47.85901641845703,131.50628662109375
2021-07-02,48.054134368896484,132.13629150390625
2021-07-06,47.788063049316406,132.3314971923828
2021-07-07,48.178314208984375,132.9171600341797
2021-07-08,48.00979232788086,132.97930908203125
2021-07-09,48.302486419677734,132.64205932617188
2021-07-12,48.32022476196289,132.668701171875
2021-07-13,48.799171447753906,135.73008728027344
2021-07-14,49.898963928222656,137.13209533691406
2021-07-15,50.058616638183594,137.7621612548828
2021-07-16,50.02313995361328,138.2679443359375
2021-07-19,49.428890228271484,138.2501983642578
2021-07-20,49.5175895690918,138.2679443359375
2021-07-21,50.15617370605469,137.75328063964844
2021-07-22,50.08522415161133,137.70889282226562
2021-07-23,50.56416702270508,139.4747314453125
2021-07-26,50.6085205078125,139.3771514892578
2021-07-27,50.78590393066406,140.14913940429688
2021-07-28,50.3246955871582,138.8624725341797
2021-07-29,50.599639892578125,139.14637756347656
2021-07-30,50.5819091796875,139.27064514160156
2021-08-02,50.44887161254883,138.71160888671875
2021-08-03,50.484344482421875,139.0221710205078
2021-08-04,49.75705337524414,136.6973114013672
2021-08-05,50.11183547973633,136.92800903320312
2021-08-06,50.23600387573242,136.94578552246094
2021-08-09,50.244876861572266,136.96348571777344
2021-08-10,50.377906799316406,137.03448486328125
2021-08-11,50.31582260131836,137.57574462890625
2021-08-12,50.413394927978516,137.6024169921875
2021-08-13,50.759300231933594,138.88905334472656
2021-08-16,50.98102951049805,140.24673461914062
2021-08-17,50.80363464355469,140.11361694335938
2021-08-18,50.11183547973633,138.67611694335938
2021-08-19,50.43112564086914,141.0098419189453
2021-08-20,50.23600387573242,140.51295471191406
2021-08-23,50.058616638183594,140.06927490234375
2021-08-24,49.6772346496582,138.3300323486328
2021-08-25,49.73044967651367,137.71775817871094
2021-08-26,49.2603759765625,137.2119598388672
2021-08-27,49.357933044433594,137.4871063232422
2021-08-30,49.8280143737793,138.42767333984375
2021-08-31,49.94332504272461,138.77369689941406
2021-09-01,50.28034973144531,140.1225128173828
2021-09-02,50.35130310058594,140.2252197265625
2021-09-03,50.31582260131836,140.35035705566406
2021-09-07,49.375675201416016,138.06312561035156
2021-09-08,50.040870666503906,140.01979064941406
2021-09-09,49.54419708251953,139.13523864746094
2021-09-10,49.32246017456055,138.89401245117188
2021-09-13,49.73044967651367,139.1620635986328
2021-09-14,49.766197204589844,138.61709594726562
2021-09-15,49.93598556518555,139.39437866210938
2021-09-16,49.46236038208008,138.98336791992188
2021-09-17,48.64915466308594,137.70574951171875
2021-09-20,48.30958557128906,137.2411651611328
2021-09-21,48.3006477355957,137.17860412597656
2021-09-22,48.37213134765625,137.59852600097656
2021-09-23,48.29170608520508,137.70574951171875
2021-09-24,48.15766525268555,137.76828002929688
2021-09-27,47.907447814941406,136.44598388671875
2021-09-28,47.040626525878906,134.9539794921875
2021-09-29,47.32659149169922,136.07078552246094
2021-09-30,46.88871383666992,134.3821563720703
2021-10-01,47.380210876464844,134.86459350585938
2021-10-04,47.353397369384766,134.19451904296875
2021-10-05,47.43382263183594,134.98971557617188
2021-10-06,47.99681091308594,138.4473419189453
2021-10-07,48.14872741699219,139.7248992919922
2021-10-08,48.36319351196289,139.4033203125
2021-10-11,48.46149826049805,139.59091186523438
2021-10-12,48.46149826049805,140.20738220214844
2021-10-13,48.470436096191406,141.15443420410156
2021-10-14,48.80107498168945,142.28909301757812
2021-10-15,48.68490219116211,141.88702392578125
2021-10-18,48.20233917236328,141.2437744140625
2021-10-19,48.390010833740234,143.03961181640625
2021-10-20,48.81895446777344,144.1206512451172
2021-10-21,48.56873321533203,142.21763610839844
2021-10-22,48.65808868408203,142.92343139648438
2021-10-25,48.46149826049805,142.25332641601562
2021-10-26,48.675960540771484,143.9955596923828
2021-10-27,49.614280700683594,143.49522399902344
2021-10-28,50.0789680480957,144.3976287841797
2021-10-29,50.373863220214844,144.37973022460938
2021-11-01,50.19514465332031,144.07598876953125
2021-11-02,50.1325798034668,145.39830017089844
2021-11-03,50.302364349365234,146.79200744628906
2021-11-04,50.57939147949219,146.8009796142578
2021-11-05,50.79387664794922,148.3108367919922
2021-11-08,50.3381233215332,145.1212921142578
2021-11-09,50.48109436035156,146.08621215820312
2021-11-10,50.68663024902344,146.5597381591797
2021-11-11,50.70450210571289,145.35360717773438
2021-11-12,50.588340759277344,145.31784057617188
2021-11-15,50.59727478027344,146.3452911376953
2021-11-16,50.23981857299805,145.9075164794922
2021-11-17,49.96279525756836,145.9611358642578
2021-11-18,49.51597595214844,146.0058135986328
2021-11-19,49.2657585144043,146.35427856445312
2021-11-22,49.56959533691406,146.65802001953125
2021-11-23,49.93598556518555,147.64080810546875
2021-11-24,49.533851623535156,146.29171752929688
2021-11-26,48.01468276977539,143.96878051757812
2021-11-29,48.77426528930664,146.6490936279297
2021-11-30,47.23430633544922,142.7537078857422
2021-12-01,47.09922790527344,143.0931854248047
2021-12-02,47.792659759521484,144.47389221191406
2021-12-03,48.21592330932617,148.15277099609375
2021-12-06,49.449684143066406,149.69082641601562
2021-12-07,49.719852447509766,149.5199737548828
2021-12-08,49.53073501586914,149.78079223632812
2021-12-09,49.404659271240234,149.59190368652344
2021-12-10,50.68345642089844,151.98452758789062
2021-12-13,52.01628112792969,152.7400665283203
2021-12-14,52.05229949951172,152.36228942871094
2021-12-15,52.28644943237305,154.32315063476562
2021-12-16,52.81777572631836,154.5480499267578
2021-12-17,51.989261627197266,151.38185119628906
2021-12-20,51.81816482543945,152.3892822265625
2021-12-21,52.02528381347656,151.93954467773438
2021-12-22,52.39451217651367,152.8839874267578
2021-12-23,52.430545806884766,152.71310424804688
2021-12-27,52.81777572631836,154.2332000732422
2021-12-28,53.02490997314453,155.03372192382812
2021-12-29,53.087947845458984,155.58241271972656
2021-12-30,52.93484878540039,155.31256103515625
2021-12-31,53.32209014892578,156.24803161621094
2022-01-03,53.40314483642578,155.59141540527344
2022-01-04,54.29469680786133,155.81625366210938
2022-01-05,54.74497985839844,156.34698486328125
2022-01-06,54.456790924072266,156.38296508789062
2022-01-07,54.33071517944336,156.5808563232422
2022-01-10,54.420772552490234,156.66177368164062
2022-01-11,54.43878936767578,156.58982849121094
2022-01-12,54.519832611083984,156.41891479492188
2022-01-13,54.84403610229492,156.67079162597656
2022-01-14,55.28531265258789,157.9840087890625
2022-01-18,54.84403610229492,156.472900390625
2022-01-19,54.934085845947266,157.59722900390625
2022-01-20,54.70895004272461,156.4549560546875
2022-01-21,54.43878936767578,156.70675659179688
2022-01-24,53.99751281738281,155.9062042236328
2022-01-25,53.87143325805664,154.11627197265625
2022-01-26,53.673309326171875,152.48822021484375
2022-01-27,53.71833419799805,152.3443145751953
2022-01-28,54.790000915527344,155.31256103515625
2022-01-31,54.94309616088867,156.07713317871094
2022-02-01,54.537845611572266,155.01571655273438
2022-02-02,55.096187591552734,157.8311004638672
2022-02-03,55.48343276977539,157.7411651611328
2022-02-04,54.898067474365234,155.1506805419922
2022-02-07,55.474422454833984,154.53903198242188
2022-02-08,55.83465576171875,154.72793579101562
2022-02-09,54.97010803222656,154.6559295654297
2022-02-10,55.276302337646484,151.44485473632812
2022-02-11,54.29469680786133,151.6337432861328
2022-02-14,54.64591598510742,149.9427032470703
2022-02-15,54.8530387878418,149.27711486816406
2022-02-16,54.84403610229492,149.5829315185547
2022-02-17,55.94271469116211,149.9876708984375
2022-02-18,56.32094955444336,150.85116577148438
2022-02-22,56.08679962158203,151.42684936523438
2022-02-23,55.465423583984375,149.93370056152344
2022-02-24,54.49281692504883,147.32522583007812
2022-02-25,56.600128173828125,151.45382690429688
2022-02-28,56.05078887939453,147.28025817871094
2022-03-01,55.80762481689453,145.9580078125
2022-03-02,56.22188949584961,147.98182678222656
2022-03-03,56.25791931152344,147.82342529296875
2022-03-04,56.347965240478516,150.0687713623047
2022-03-07,55.00613784790039,147.08096313476562
2022-03-08,52.826786041259766,142.93429565429688
2022-03-09,53.09694290161133,142.50875854492188
2022-03-10,52.12434387207031,139.8921661376953
2022-03-11,52.160369873046875,139.18592834472656
2022-03-14,53.12226486206055,141.1416015625
2022-03-15,54.10231018066406,143.95738220214844
2022-03-16,53.95711898803711,144.59112548828125
2022-03-17,54.52881622314453,145.71383666992188
2022-03-18,54.53788757324219,147.38880920410156
2022-03-21,54.973472595214844,147.1805877685547
2022-03-22,55.1731071472168,148.79217529296875
2022-03-23,54.81013107299805,148.01351928710938
2022-03-24,55.33645248413086,148.90989685058594
2022-03-25,55.835548400878906,149.60702514648438
2022-03-28,56.189456939697266,150.05067443847656
2022-03-29,56.40724563598633,152.27792358398438
2022-03-30,56.45261764526367,152.0697021484375
2022-03-31,56.262046813964844,151.5446014404297
2022-04-01,57.05153274536133,153.6994171142578
2022-04-04,56.7520751953125,153.30104064941406
2022-04-05,56.68855667114258,153.46400451660156
2022-04-06,57.260250091552734,156.08055114746094
2022-04-07,57.56877899169922,156.22543334960938
2022-04-08,57.92269515991211,156.75057983398438
2022-04-11,57.904544830322266,156.27069091796875
2022-04-12,58.58513641357422,156.9044952392578
2022-04-13,58.73940658569336,156.63287353515625
2022-04-14,59.0025520324707,155.63693237304688
2022-04-18,58.47623825073242,154.29693603515625
2022-04-19,59.04792785644531,156.54232788085938
2022-04-20,59.85555648803711,158.86917114257812
2022-04-21,60.082427978515625,158.29881286621094
2022-04-22,59.21127700805664,155.86326599121094
2022-04-25,59.8374137878418,157.3028564453125
2022-04-26,59.02978515625,156.9044952392578
2022-04-27,59.49258041381836,158.30783081054688
2022-04-28,60.06428527832031,160.7071533203125
2022-04-29,58.630496978759766,155.4648895263672
2022-05-02,57.56877899169922,151.88858032226562
2022-05-03,57.242103576660156,152.0968780517578
2022-05-04,59.011627197265625,157.41151428222656
2022-05-05,58.53976821899414,154.26979064941406
2022-05-06,58.748470306396484,154.28790283203125
2022-05-09,58.630496978759766,155.45582580566406
2022-05-10,58.086036682128906,155.26571655273438
2022-05-11,58.3582649230957,154.51425170898438
2022-05-12,58.53976821899414,154.27886962890625
2022-05-13,59.637779235839844,157.28472900390625
2022-05-16,59.85555648803711,158.86917114257812
2022-05-17,59.692222595214844,157.95472717285156
2022-05-18,55.53608703613281,148.1674346923828
2022-05-19,54.447147369384766,145.94923400878906
2022-05-20,55.33645248413086,146.86366271972656
2022-05-23,57.04246139526367,149.93295288085938
2022-05-24,58.0951042175293,151.94296264648438
2022-05-25,58.140480041503906,152.98414611816406
2022-05-26,58.34919357299805,154.01629638671875
2022-05-27,58.69403076171875,155.51925659179688
2022-05-31,57.514339447021484,151.8795623779297
2022-06-01,57.23302459716797,150.73876953125
2022-06-02,57.83195114135742,151.96041870117188
2022-06-03,57.14228439331055,150.2920379638672
2022-06-06,57.05153274536133,150.92111206054688
2022-06-07,57.3963737487793,151.8510284423828
2022-06-08,57.0696907043457,151.09432983398438
2022-06-09,56.08055877685547,148.4048309326172
2022-06-10,55.72665786743164,148.1678009033203
2022-06-13,55.66313934326172,145.63330078125
2022-06-14,54.136741638183594,142.3329620361328
2022-06-15,54.53889846801758,143.8555145263672
2022-06-16,53.99049377441406,143.16262817382812
2022-06-17,54.31953430175781,143.1899871826172
2022-06-21,55.48033142089844,146.5176239013672
2022-06-22,55.891639709472656,147.7210693359375
2022-06-23,56.55885696411133,149.6082763671875
2022-06-24,57.61911392211914,151.45899963378906
2022-06-27,57.50029373168945,151.65957641601562
2022-06-28,56.924461364746094,149.5261993408203
2022-06-29,57.33576965332031,152.0060272216797
2022-06-30,57.50029373168945,151.9421844482422
2022-07-01,58.84388732910156,154.43109130859375
2022-07-05,57.83847427368164,154.0846710205078
2022-07-06,57.95729064941406,155.6254119873047
2022-07-07,57.50029373168945,155.31546020507812
2022-07-08,57.71051025390625,156.7012481689453
2022-07-11,57.5277099609375,155.41574096679688
2022-07-12,57.28092575073242,154.53140258789062
2022-07-13,57.015872955322266,155.0784149169922
2022-07-14,56.83306121826172,155.88070678710938
2022-07-15,57.12554931640625,156.00831604003906
2022-07-18,56.3486442565918,153.40089416503906
2022-07-19,57.15297317504883,155.04193115234375
2022-07-20,56.21154022216797,153.40089416503906
2022-07-21,56.08357620239258,153.62881469726562
2022-07-22,56.29379653930664,154.6316680908203
2022-07-25,56.84220504760742,154.85049438476562
2022-07-26,57.77449417114258,156.6556396484375
2022-07-27,57.59169006347656,156.43682861328125
2022-07-28,58.55139923095703,159.39984130859375
2022-07-29,58.651947021484375,159.5092315673828
2022-08-01,58.971839904785156,161.32347106933594
2022-08-02,58.16751480102539,159.9923858642578
2022-08-03,58.42344284057617,161.21409606933594
2022-08-04,58.1949348449707,160.33883666992188
2022-08-05,57.92987823486328,159.1354217529297
2022-08-08,57.55513381958008,158.49725341796875
2022-08-09,57.62825393676758,159.08982849121094
2022-08-10,58.176658630371094,160.40267944335938
2022-08-11,57.783634185791016,159.5821075439453
2022-08-12,58.22235870361328,161.66989135742188
2022-08-15,58.95356369018555,163.4477081298828
2022-08-16,59.43798065185547,164.39588928222656
2022-08-17,59.30088806152344,164.30471801757812
2022-08-18,59.611656188964844,164.4687957763672
2022-08-19,59.56595230102539,164.25912475585938
2022-08-22,58.67936325073242,162.69100952148438
2022-08-23,58.743343353271484,162.61807250976562
2022-08-24,58.825599670410156,163.4294891357422
2022-08-25,59.108943939208984,163.43861389160156
2022-08-26,57.68309783935547,159.5821075439453
2022-08-29,57.33576965332031,159.08071899414062
2022-08-30,56.8056526184082,157.71316528320312
2022-08-31,56.40348434448242,157.0567626953125
2022-09-01,56.668548583984375,158.6446075439453
2022-09-02,55.891639709472656,156.6345977783203
2022-09-06,55.9190559387207,155.5791015625
2022-09-07,56.9518928527832,159.01171875
2022-09-08,56.77822494506836,158.4793701171875
2022-09-09,56.96102523803711,158.98416137695312
2022-09-12,57.12554931640625,159.60826110839844
2022-09-13,55.27011489868164,153.65167236328125
2022-09-14,55.56259536743164,154.8173065185547
2022-09-15,54.80764389038086,152.24742126464844
2022-09-16,54.81685256958008,153.24781799316406
2022-09-19,55.23115539550781,154.86318969726562
2022-09-20,55.14828872680664,155.0375518798828
2022-09-21,54.68794631958008,154.59703063964844
2022-09-22,54.55906677246094,154.74388122558594
2022-09-23,53.951416015625,154.67047119140625
2022-09-26,53.279327392578125,154.606201171875
2022-09-27,51.90752029418945,152.36672973632812
2022-09-28,52.459930419921875,154.80812072753906
2022-09-29,52.08245086669922,152.9174346923828
2022-09-30,51.576080322265625,149.84271240234375
2022-10-03,52.15611267089844,151.66917419433594
2022-10-04,52.27579116821289,153.37632751464844
2022-10-05,51.778629302978516,152.35752868652344
2022-10-06,50.664615631103516,149.42051696777344
2022-10-07,50.18586349487305,148.3282928466797
2022-10-10,50.075382232666016,148.5210723876953
2022-10-11,50.158241271972656,149.22781372070312
2022-10-12,50.76588439941406,155.46893310546875
2022-10-13,51.4379768371582,160.2599639892578
2022-10-14,50.61857986450195,156.2032012939453
2022-10-17,51.27225875854492,158.53445434570312
2022-10-18,51.96276092529297,160.6729736328125
2022-10-19,51.52083969116211,159.1126708984375
2022-10-20,50.71064376831055,157.3688507080078
2022-10-21,51.52083969116211,158.83731079101562
2022-10-24,53.00312423706055,163.07762145996094
2022-10-25,54.27365493774414,163.61915588378906
2022-10-26,54.67874526977539,164.35340881347656
2022-10-27,54.80764389038086,164.1790313720703
2022-10-28,55.94007110595703,167.25369262695312
2022-10-31,55.10226058959961,166.65713500976562
2022-11-01,54.90892028808594,165.9044952392578
2022-11-02,54.144752502441406,163.59164428710938
2022-11-03,54.11713409423828,163.16943359375
2022-11-04,54.55906677246094,164.08726501464844
2022-11-07,54.770816802978516,165.39974975585938
2022-11-08,54.87208557128906,165.858642578125
2022-11-09,54.107933044433594,163.8761444091797
2022-11-10,56.05054473876953,166.76727294921875
2022-11-11,56.45564270019531,163.41725158691406
2022-11-14,55.91244888305664,162.20570373535156
2022-11-15,55.82038497924805,162.62791442871094
2022-11-16,55.71910858154297,163.6742401123047
2022-11-17,55.89402389526367,165.23451232910156
2022-11-18,56.289920806884766,166.42767333984375
2022-11-21,57.155357360839844,169.630859375
2022-11-22,57.40393829345703,169.6492156982422
2022-11-23,57.66172790527344,169.86947631835938
2022-11-25,57.71696853637695,168.97921752929688
2022-11-28,57.72617721557617,168.77728271484375
2022-11-29,57.523624420166016,167.58412170410156
2022-11-30,58.97933578491211,170.26414489746094
2022-12-01,59.1462287902832,171.6864013671875
2022-12-02,59.66545867919922,171.4924774169922
2022-12-05,58.849525451660156,169.11895751953125
2022-12-06,58.82170104980469,167.74290466308594
2022-12-07,58.914432525634766,168.25082397460938
2022-12-08,59.164772033691406,169.72848510742188
2022-12-09,58.543548583984375,169.1004638671875
2022-12-12,59.31312942504883,169.90396118164062
2022-12-13,59.3316650390625,169.8115997314453
2022-12-14,59.3316650390625,169.34059143066406
2022-12-15,58.51573181152344,166.46839904785156
2022-12-16,58.18193817138672,166.551513671875
2022-12-19,58.26538848876953,167.4750518798828
2022-12-20,58.21902847290039,167.37342834472656
2022-12-21,59.15549850463867,168.54635620117188
2022-12-22,58.7289924621582,167.24415588378906
2022-12-23,59.174041748046875,168.32470703125
2022-12-27,59.535648345947266,169.07278442382812
2022-12-28,58.94224166870117,167.85369873046875
2022-12-29,59.29458236694336,168.0661163330078
2022-12-30,58.97933578491211,166.84706115722656
2023-01-03,58.36738204956055,165.692626953125
2023-01-04,58.339561462402344,165.28627014160156
2023-01-05,57.67198181152344,163.55926513671875
2023-01-06,58.78462219238281,167.25340270996094
2023-01-09,58.0521354675293,165.6187286376953
2023-01-10,57.60707473754883,164.25189208984375
2023-01-11,57.49580001831055,164.43661499023438
2023-01-12,56.7540397644043,162.34019470214844
2023-01-13,56.95802688598633,161.84146118164062
2023-01-17,57.18982696533203,162.5987548828125
2023-01-18,55.45596694946289,158.4982452392578
2023-01-19,55.37252426147461,156.66038513183594
2023-01-20,55.7063102722168,156.89126586914062
2023-01-23,55.84538650512695,156.18939208984375
2023-01-24,56.142086029052734,157.6393280029297
2023-01-25,56.49443054199219,158.78451538085938
2023-01-26,56.38317108154297,157.2052764892578
2023-01-27,56.08646011352539,156.65110778808594
2023-01-30,56.225547790527344,156.52183532714844
2023-01-31,56.85603713989258,157.944091796875
2023-02-01,56.86531066894531,158.4427947998047
2023-02-02,55.89175033569336,156.974365234375
2023-02-03,55.474510192871094,156.18939208984375
2023-02-06,55.789756774902344,158.6829376220703
2023-02-07,55.69703674316406,158.4427947998047
2023-02-08,55.37252426147461,158.0734100341797
2023-02-09,55.27979278564453,159.5695343017578
2023-02-10,55.27979278564453,162.72805786132812
2023-02-13,56.18844985961914,164.17800903320312
2023-02-14,55.251976013183594,162.33094787597656
2023-02-15,55.251976013183594,162.55255126953125
2023-02-16,54.90891647338867,162.0908203125
2023-02-17,55.74339294433594,162.80194091796875
2023-02-21,55.446685791015625,162.70956420898438
2023-02-22,55.61359405517578,162.65414428710938
2023-02-23,55.715579986572266,162.8296356201172
2023-02-24,55.48378372192383,162.5064239501953
2023-02-27,55.46523666381836,162.46022033691406
2023-02-28,55.17780303955078,160.26220703125
2023-03-01,54.57512283325195,158.23040771484375
2023-03-02,55.37252426147461,161.1499481201172
2023-03-03,55.11289978027344,160.99183654785156
2023-03-06,55.96592712402344,161.31727600097656
2023-03-07,55.64139938354492,160.5176544189453
2023-03-08,55.66921615600586,160.9546661376953
2023-03-09,55.131439208984375,159.73666381835938
2023-03-10,54.8996467590332,159.95050048828125
2023-03-13,55.45596694946289,161.51254272460938
2023-03-14,55.65994644165039,161.3451690673828
2023-03-15,56.03083038330078,164.2274932861328
2023-03-16,56.33915328979492,164.1159210205078
2023-03-17,56.07754135131836,162.83282470703125
2023-03-20,56.61944580078125,165.1200714111328
2023-03-21,56.35783767700195,165.5105743408203
2023-03-22,56.10557174682617,164.1159210205078
2023-03-23,55.98411178588867,163.31631469726562
2023-03-24,56.89973831176758,166.51475524902344
2023-03-27,57.3201789855957,166.8866729736328
2023-03-28,57.385581970214844,166.83087158203125
2023-03-29,57.79668045043945,167.9838104248047
2023-03-30,57.787330627441406,168.132568359375
2023-03-31,57.95551300048828,169.49935913085938
2023-04-03,58.301212310791016,169.68531799316406
2023-04-04,58.12369155883789,169.08096313476562
2023-04-05,58.67493438720703,170.7452850341797
2023-04-06,58.712303161621094,171.4147186279297
2023-04-10,58.57215881347656,170.336181640625
2023-04-11,58.46938705444336,170.07582092285156
2023-04-12,58.57215881347656,169.74110412597656
2023-04-13,59.001956939697266,171.43331909179688
2023-04-14,58.90851593017578,170.6243896484375
2023-04-17,59.29158020019531,171.49839782714844
2023-04-18,59.385013580322266,171.85171508789062
2023-04-19,59.49713897705078,171.74945068359375
2023-04-20,59.75874328613281,172.3166046142578
2023-04-21,59.84283447265625,172.3909912109375
2023-04-24,59.74939727783203,172.4746856689453
2023-04-25,59.655967712402344,176.38906860351562
2023-04-26,59.375675201416016,175.30120849609375
2023-04-27,59.49713897705078,176.37045288085938
2023-04-28,59.936256408691406,177.4862060546875
2023-05-01,60.07640838623047,178.22073364257812
2023-05-02,59.80545425415039,178.75070190429688
2023-05-03,59.469112396240234,178.68557739257812
2023-05-04,59.534507751464844,179.80136108398438
2023-05-05,59.81480026245117,180.62887573242188
2023-05-08,59.72136688232422,179.77346801757812
2023-05-09,59.22618103027344,180.5079803466797
2023-05-10,59.328956604003906,180.62887573242188
2023-05-11,59.665313720703125,181.62371826171875
2023-05-12,59.898887634277344,182.34893798828125
2023-05-15,59.74005126953125,180.62887573242188
2023-05-16,59.067352294921875,179.84783935546875
2023-05-17,59.001956939697266,178.5740509033203
2023-05-18,58.67493438720703,178.10914611816406
2023-05-19,58.70296859741211,178.36949157714844
2023-05-22,57.46967315673828,173.53465270996094
2023-05-23,57.36690139770508,173.00462341308594
2023-05-24,56.88105010986328,171.90750122070312
2023-05-25,56.441925048828125,170.89405822753906
2023-05-26,56.30177688598633,170.6894989013672
2023-05-30,55.853309631347656,168.8577880859375
2023-05-31,55.741188049316406,169.5458526611328
2023-06-01,56.058860778808594,170.5804443359375
2023-06-02,57.142662048339844,172.33128356933594
2023-06-05,56.75959777832031,172.45298767089844
2023-06-06,56.34849548339844,169.9906005859375
2023-06-07,56.2644157409668,168.63299560546875
2023-06-08,56.40454864501953,170.49618530273438
2023-06-09,56.49798583984375,170.73023986816406
2023-06-12,56.25506591796875,170.3089141845703
2023-06-13,56.47930145263672,169.97186279296875
2023-06-14,56.86236572265625,171.4980010986328
2023-06-15,57.64375305175781,173.8761444091797
2023-06-16,58.057987213134766,174.18508911132812
2023-06-20,57.672000885009766,173.5016632080078
2023-06-21,57.83204650878906,173.61395263671875
2023-06-22,58.22744369506836,175.41163635253906
2023-06-23,57.615516662597656,174.2131805419922
2023-06-26,57.63433837890625,173.10838317871094
2023-06-27,57.5119514465332,174.3536376953125
2023-06-28,56.975337982177734,171.99420166015625
2023-06-29,56.50462341308594,172.16275024414062
2023-06-30,56.69291687011719,173.41737365722656
2023-07-03,57.03182601928711,173.7731475830078
2023-07-05,57.45547103881836,174.69070434570312
2023-07-06,57.01300048828125,174.7094268798828
2023-07-07,56.259849548339844,171.4137420654297
2023-07-10,55.836212158203125,172.55601501464844
2023-07-11,56.03390884399414,172.25637817382812
2023-07-12,56.335174560546875,171.4980010986328
2023-07-13,56.8152961730957,175.5801544189453
2023-07-14,57.33308029174805,176.21682739257812
2023-07-17,57.24835968017578,173.80125427246094
2023-07-18,57.02241134643555,172.69642639160156
2023-07-19,58.02974319458008,174.39109802246094
2023-07-20,58.73581314086914,177.2373809814453
2023-07-21,58.78289031982422,178.04258728027344
2023-07-24,58.80171203613281,178.754150390625
2023-07-25,58.6040153503418,179.16610717773438
2023-07-26,59.357154846191406,179.39083862304688
2023-07-27,58.78289031982422,176.51646423339844
2023-07-28,58.82054901123047,178.1830291748047
2023-07-31,58.302757263183594,175.51461791992188
2023-08-01,58.15212631225586,174.91542053222656
2023-08-02,58.330997467041016,176.3104705810547
2023-08-03,58.02974319458008,175.19627380371094
2023-08-04,57.15420913696289,172.83688354492188
2023-08-07,57.60609817504883,174.98094177246094
2023-08-08,57.35191345214844,172.68707275390625
2023-08-09,57.48371505737305,172.25637817382812
2023-08-10,57.35191345214844,172.04103088378906
2023-08-11,57.5872688293457,172.3125457763672
2023-08-14,57.31425857543945,171.9193115234375
2023-08-15,56.92826843261719,169.79396057128906
2023-08-16,56.937686920166016,169.6628875732422
2023-08-17,57.0600700378418,167.07876586914062
2023-08-18,57.380157470703125,166.8259735107422
2023-08-21,56.8906135559082,165.76797485351562
2023-08-22,56.54228591918945,164.50399780273438
2023-08-23,56.73998260498047,166.76979064941406
2023-08-24,56.589359283447266,165.88967895507812
2023-08-25,56.85295867919922,167.98692321777344
2023-08-28,57.01300048828125,168.76405334472656
2023-08-29,56.956512451171875,169.40072631835938
2023-08-30,56.92826843261719,169.54116821289062
2023-08-31,56.32575988769531,167.75442504882812
2023-09-01,55.836212158203125,165.302978515625
2023-09-05,55.37490463256836,164.20925903320312
2023-09-06,55.337249755859375,164.7467041015625
2023-09-07,54.913612365722656,166.3212890625
2023-09-08,54.913612365722656,166.19873046875
2023-09-11,55.431396484375,168.7067108154297
2023-09-12,54.8853645324707,168.08445739746094
2023-09-13,55.01716232299805,169.41387939453125
2023-09-14,55.47263717651367,170.8753204345703
2023-09-15,54.979209899902344,169.5647430419922
2023-09-18,55.32081604003906,169.13104248046875
2023-09-19,55.206939697265625,168.131591796875
2023-09-20,55.45365905761719,168.1881561279297
2023-09-21,54.59965133666992,165.35958862304688
2023-09-22,54.65658950805664,165.255859375
2023-09-25,54.08724594116211,164.3695526123047
2023-09-26,53.641258239746094,162.66297912597656
2023-09-27,53.09090805053711,159.88153076171875
2023-09-28,52.95805740356445,159.81553649902344
2023-09-29,53.1193733215332,159.7589569091797
2023-10-02,52.644920349121094,159.50439453125
2023-10-03,52.075584411621094,158.11834716796875
2023-10-04,52.22740936279297,159.25924682617188
2023-10-05,49.703338623046875,150.95260620117188
2023-10-06,50.42449951171875,151.13174438476562
2023-10-09,50.17778396606445,152.14060974121094
2023-10-10,51.26901626586914,155.0069122314453
2023-10-11,50.96536636352539,153.32859802246094
2023-10-12,50.111358642578125,149.04800415039062
2023-10-13,50.18727111816406,150.85830688476562
2023-10-16,50.699676513671875,151.87660217285156
2023-10-17,51.30697250366211,151.2071533203125
2023-10-18,51.28799057006836,152.77232360839844
2023-10-19,51.572662353515625,151.38632202148438
2023-10-20,51.78142166137695,150.85830688476562
2023-10-23,51.316463470458984,150.93374633789062
2023-10-24,52.79674530029297,152.9231719970703
2023-10-25,53.25221633911133,153.07403564453125
2023-10-26,52.92958450317383,152.18775939941406
2023-10-27,52.41718292236328,150.50003051757812
2023-10-30,53.28068161010742,153.00804138183594
2023-10-31,53.603309631347656,153.95089721679688
2023-11-01,53.55585861206055,155.45005798339844
2023-11-02,54.172645568847656,157.29808044433594
2023-11-03,53.840538024902344,157.26034545898438
2023-11-06,54.05877685546875,157.1754913330078
2023-11-07,54.258052825927734,157.62806701660156
2023-11-08,54.172645568847656,157.82608032226562
2023-11-09,53.76461410522461,156.66636657714844
2023-11-10,53.821556091308594,157.3829345703125
2023-11-13,54.02082824707031,158.18438720703125
2023-11-14,54.182132720947266,158.5049285888672
2023-11-15,54.28651428222656,157.69407653808594
2023-11-16,54.229583740234375,158.12779235839844
2023-11-17,54.333953857421875,157.2321014404297
2023-11-20,54.46680450439453,157.00579833984375
2023-11-21,55.064613342285156,158.21263122558594
2023-11-22,55.434688568115234,159.551513671875
2023-11-24,55.57701110839844,159.69293212890625
2023-11-27,55.47263717651367,158.7029571533203
2023-11-28,55.586509704589844,159.2121124267578
2023-11-29,55.254390716552734,157.60922241210938
2023-11-30,55.89521408081055,159.8845977783203
2023-12-01,56.086509704589844,160.26463317871094
2023-12-04,56.01955032348633,160.69215393066406
2023-12-05,56.10563659667969,159.5520782470703
2023-12-06,56.048248291015625,159.1435546875
2023-12-07,56.182159423828125,159.09605407714844
2023-12-08,56.05781173706055,157.40493774414062
2023-12-11,56.46908950805664,159.43807983398438
2023-12-12,56.83253860473633,160.0556182861328
2023-12-13,57.320335388183594,163.41879272460938
2023-12-14,56.46908950805664,159.8466033935547
2023-12-15,56.048248291015625,158.65902709960938
2023-12-18,56.4499626159668,160.4736328125
2023-12-19,56.26823806762695,159.5615692138672
2023-12-20,55.101356506347656,157.41445922851562
2023-12-21,55.464813232421875,158.63050842285156
2023-12-22,55.78044128417969,159.30506896972656
2023-12-26,56.00999069213867,160.42611694335938
2023-12-27,56.1534538269043,160.93914794921875
2023-12-28,56.191715240478516,160.9296417236328
2023-12-29,56.36387634277344,161.357177734375
2024-01-02,57.21512222290039,164.2738494873047
2024-01-03,57.349021911621094,164.3118438720703
2024-01-04,57.15773010253906,162.90577697753906
2024-01-05,57.071651458740234,160.5021209716797
2024-01-08,57.49250030517578,160.6636199951172
2024-01-09,57.38728713989258,158.82054138183594
2024-01-10,57.57857894897461,158.58302307128906
2024-01-11,57.20555877685547,157.8324737548828
2024-01-12,57.76030731201172,158.91554260253906
2024-01-16,57.37771987915039,157.8704833984375
2024-01-17,57.37771987915039,158.1269989013672
2024-01-18,57.54031753540039,158.82054138183594
2024-01-19,57.224693298339844,157.4999542236328
2024-01-22,56.97600555419922,156.86343383789062
2024-01-23,57.243812561035156,159.26705932617188
2024-01-24,56.344749450683594,157.32896423339844
2024-01-25,56.5838623046875,158.24098205566406
2024-01-26,56.78471755981445,159.47607421875
2024-01-29,57.12904357910156,159.75160217285156
2024-01-30,57.2916374206543,161.14816284179688
2024-01-31,56.89949417114258,160.11260986328125
2024-02-01,58.324615478515625,163.12428283691406
2024-02-02,57.903770446777344,162.4307403564453
2024-02-05,57.42554473876953,162.3832550048828
2024-02-06,57.329898834228516,162.85826110839844
2024-02-07,57.37771987915039,162.90577697753906
2024-02-08,57.224693298339844,165.1669158935547
2024-02-09,56.96644973754883,159.29556274414062
2024-02-12,57.10034942626953,162.08871459960938
2024-02-13,56.765586853027344,160.44512939453125
2024-02-14,56.70820236206055,159.15306091308594
2024-02-15,56.813411712646484,159.47607421875
2024-02-16,56.80384826660156,158.0129852294922
2024-02-20,58.05680847167969,160.22662353515625
2024-02-21,58.57329177856445,160.3976287841797
2024-02-22,58.487213134765625,159.8466033935547
2024-02-23,58.5350341796875,161.12918090820312
2024-02-26,58.066368103027344,159.85610961914062
2024-02-27,57.71247863769531,159.7611083984375
2024-02-28,57.76986312866211,158.6875457763672
2024-02-29,57.406410217285156,158.28067016601562
2024-03-01,56.937747955322266,157.56268310546875
2024-03-04,57.20555877685547,158.3094024658203
2024-03-05,56.928184509277344,155.12155151367188
2024-03-06,56.95688247680664,156.0405731201172
2024-03-07,56.85166931152344,156.14588928222656
2024-03-08,56.928184509277344,156.0884552001953
2024-03-11,57.6168327331543,157.69671630859375
2024-03-12,57.86551284790039,157.5148162841797
2024-03-13,58.45851516723633,158.24240112304688
2024-03-14,58.32836151123047,157.7445831298828
2024-03-15,57.73061752319336,157.6297149658203
2024-03-18,57.971641540527344,163.94790649414062
2024-03-19,58.06804656982422,164.46487426757812
2024-03-20,58.56938934326172,164.52230834960938
2024-03-21,58.2994384765625,165.0871124267578
2024-03-22,58.3187255859375,164.67547607421875
2024-03-25,58.23195266723633,165.23069763183594
2024-03-26,58.36692428588867,165.35513305664062
2024-03-27,58.83933639526367,166.15931701660156
2024-03-28,58.98395538330078,167.5377960205078
2024-04-01,58.50189971923828,165.594482421875
2024-04-02,57.990928649902344,164.12022399902344
2024-04-03,57.68241500854492,162.4353790283203
2024-04-04,57.17143630981445,162.4066619873047
2024-04-05,57.373897552490234,161.91844177246094
2024-04-08,57.142513275146484,162.3396453857422
2024-04-09,57.57636642456055,163.32566833496094
2024-04-10,56.805076599121094,161.73654174804688
2024-04-11,56.93040466308594,161.17172241210938
2024-04-12,56.18804168701172,160.92283630371094
2024-04-15,56.053070068359375,159.82191467285156
2024-04-16,55.97594451904297,160.34844970703125
2024-04-17,56.4097900390625,162.24391174316406
2024-04-18,56.795433044433594,164.914794921875
2024-04-19,58.01020431518555,166.69540405273438
2024-04-22,58.37657165527344,168.9259033203125
2024-04-23,58.46333694458008,163.9096221923828
2024-04-24,59.34067153930664,169.83535766601562
2024-04-25,59.52385330200195,169.13650512695312
2024-04-26,59.52385330200195,168.08346557617188
2024-04-29,59.81308364868164,168.6195526123047
2024-04-30,59.552772521972656,168.39938354492188
2024-05-01,59.70703125,167.6718292236328
2024-05-02,59.76487731933594,167.95901489257812
2024-05-03,59.93841552734375,168.6291046142578
2024-05-06,60.1119499206543,168.313232421875
2024-05-07,60.37226104736328,170.41928100585938
2024-05-08,60.5940055847168,169.83535766601562
2024-05-09,60.6229362487793,170.45758056640625
2024-05-10,60.98929214477539,172.1137237548828
2024-05-13,61.29780578613281,173.1763153076172
2024-05-14,60.83503723144531,172.1903076171875
2024-05-15,60.86396408081055,171.79782104492188
2024-05-16,61.04713821411133,175.29197692871094
2024-05-17,60.76754379272461,174.4112548828125
2024-05-20,60.32405471801758,172.6114959716797
2024-05-21,60.65185546875,173.34864807128906
2024-05-22,60.73862075805664,174.31552124023438
2024-05-23,59.861289978027344,171.61593627929688
2024-05-24,59.77452087402344,170.3905792236328
2024-05-28,59.60097885131836,165.9774169921875
2024-05-29,59.48529052734375,163.84262084960938
2024-05-30,59.7455940246582,163.20120239257812
2024-05-31,60.671138763427734,165.5178680419922
2024-06-03,60.671138763427734,163.91917419433594
2024-06-04,61.64488220214844,166.46560668945312
2024-06-05,61.6255989074707,166.08270263671875
2024-06-06,61.84734344482422,165.8050994873047
2024-06-07,61.61595916748047,165.02838134765625
2024-06-10,61.30744934082031,160.06903076171875
2024-06-11,61.26887893676758,159.26821899414062
2024-06-12,60.6229362487793,158.07179260253906
2024-06-13,60.72898864746094,157.58937072753906
2024-06-14,60.772701263427734,158.052490234375
2024-06-17,60.84071731567383,160.30059814453125
2024-06-18,60.85042953491211,160.628662109375
2024-06-20,60.4132194519043,160.82162475585938
2024-06-21,60.986454010009766,161.40052795410156
2024-06-24,62.1523551940918,162.1724090576172
2024-06-25,62.02605056762695,161.46807861328125
2024-06-26,62.23008346557617,160.87953186035156
2024-06-27,62.09406280517578,160.4163818359375
2024-06-28,61.84144973754883,159.13311767578125
2024-07-01,61.481956481933594,157.1648406982422
2024-07-02,61.355655670166016,157.83058166503906
2024-07-03,61.530540466308594,156.88502502441406
2024-07-05,61.94831848144531,158.61212158203125
2024-07-08,61.17105484008789,156.42190551757812
2024-07-09,60.908721923828125,156.2096405029297
2024-07-10,61.04474639892578,157.84022521972656
2024-07-11,61.30707550048828,158.1875762939453
2024-07-12,61.8900260925293,160.53219604492188
2024-07-15,61.60826873779297,158.10073852539062
2024-07-16,62.443824768066406,158.96910095214844
2024-07-17,63.357120513916016,163.91880798339844
2024-07-18,63.33768844604492,164.3819122314453
2024-07-19,63.43484878540039,163.4074249267578
2024-07-22,62.92961883544922,161.76719665527344
2024-07-23,63.11423110961914,160.43569946289062
2024-07-24,63.94007110595703,162.25924682617188
2024-07-25,64.19268798828125,165.0090789794922
2024-07-26,65.14484405517578,166.6782684326172
2024-07-29,64.93109130859375,167.12213134765625
2024-07-30,65.75694274902344,167.09315490722656
2024-07-31,64.8436508178711,166.60108947753906
2024-08-01,66.02898406982422,168.8105926513672
2024-08-02,67.36006164550781,171.78233337402344
2024-08-05,66.16500854492188,167.9229278564453
2024-08-06,66.1164321899414,166.42742919921875
2024-08-07,66.51477813720703,165.7520294189453
2024-08-08,66.77710723876953,166.31163024902344
2024-08-09,66.72852325439453,166.3309326171875
2024-08-12,66.2330093383789,165.39501953125
2024-08-13,66.51477813720703,166.31163024902344
2024-08-14,66.6313705444336,167.6045379638672
2024-08-15,66.69937896728516,166.4563751220703
2024-08-16,67.21432495117188,166.55284118652344
2024-08-19,67.02000427246094,167.71066284179688
2024-08-20,67.40863800048828,169.66932678222656
2024-08-21,67.59323120117188,169.0518341064453
2024-08-22,67.36006164550781,169.56320190429688
2024-08-23,67.8069839477539,169.68861389160156
2024-08-26,68.8271484375,169.7851104736328
2024-08-27,69.46839904785156,169.138671875
2024-08-28,69.7113037109375,167.80714416503906
2024-08-29,70.00277709960938,166.04147338867188
2024-08-30,70.41082763671875,166.8037109375
2024-09-03,70.93549346923828,171.2999267578125
2024-09-04,70.49827575683594,172.2454833984375
2024-09-05,69.14777374267578,172.99807739257812
2024-09-06,69.11862182617188,172.40988159179688
2024-09-09,69.80845642089844,173.2362518310547
2024-09-10,69.5169906616211,172.8668212890625
2024-09-11,69.06033325195312,170.89324951171875
2024-09-12,69.20606994628906,172.32237243652344
2024-09-13,69.85660552978516,172.42930603027344
2024-09-16,70.5315933227539,172.2834930419922
2024-09-17,70.23812103271484,171.95294189453125
2024-09-18,70.18921661376953,170.339111328125
2024-09-19,69.08379364013672,169.80438232421875
2024-09-20,70.08160400390625,166.42112731933594
2024-09-23,70.16963958740234,167.3252716064453
2024-09-24,69.7783432006836,165.19615173339844
2024-09-25,69.8957290649414,164.69061279296875
2024-09-26,69.8468246459961,164.97254943847656
2024-09-27,70.22834777832031,165.27394104003906
2024-09-30,70.29681396484375,165.32254028320312
2024-10-01,70.15007781982422,166.61557006835938
2024-10-02,69.4653091430664,164.83644104003906
2024-10-03,68.9859619140625,163.8448028564453
2024-10-04,68.64358520507812,163.3003692626953
2024-10-07,67.5088119506836,162.56150817871094
2024-10-08,67.67511749267578,165.6822509765625
2024-10-09,68.05662536621094,167.74330139160156
2024-10-10,67.74359130859375,168.18081665039062
2024-10-11,68.05662536621094,169.95021057128906
2024-10-14,68.80987548828125,171.20436096191406
2024-10-15,68.80987548828125,171.00990295410156
2024-10-16,69.03487396240234,169.62939453125
2024-10-17,68.37944793701172,169.81410217285156
2024-10-18,68.90770721435547,170.19325256347656
2024-10-21,67.93923950195312,170.1446533203125
2024-10-22,67.93923950195312,169.52244567871094
2024-10-23,66.53056335449219,168.14193725585938
2024-10-24,65.83600616455078,167.3739013671875
2024-10-25,65.46427917480469,167.01417541503906
2024-10-28,65.21971130371094,165.11837768554688
2024-10-29,64.13385772705078,162.84344482421875
2024-10-30,64.48602294921875,161.5893096923828
2024-10-31,63.88929748535156,161.46290588378906
2024-11-01,63.5958251953125,160.9865264892578
2024-11-04,63.69365310668945,161.71568298339844
2024-11-05,63.947994232177734,163.18370056152344
2024-11-06,62.3143196105957,160.13101196289062
2024-11-07,62.27519226074219,159.4407501220703
2024-11-08,62.52953338623047,160.5198974609375
2024-11-11,61.98171615600586,159.69351196289062
2024-11-12,61.825199127197266,159.7712860107422
2024-11-13,61.62955093383789,160.16017150878906
2024-11-14,61.189334869384766,160.5587615966797
2024-11-15,60.3969612121582,154.21031188964844
2024-11-18,60.514347076416016,153.92835998535156
2024-11-19,61.22846603393555,152.36312866210938
2024-11-20,61.61977005004883,154.3269805908203
2024-11-21,62.37301254272461,155.88247680664062
2024-11-22,62.52953338623047,157.496337890625
2024-11-25,62.97952651977539,158.51715087890625
2024-11-26,63.14583206176758,157.6519012451172
2024-11-27,63.0284423828125,158.19631958007812
2024-11-29,63.16150665283203,158.90602111816406
2024-12-02,62.7376708984375,158.51715087890625
2024-12-03,62.60953140258789,157.2046661376953
2024-12-04,61.31830978393555,155.72691345214844
2024-12-05,62.018131256103516,156.0283203125
2024-12-06,61.633724212646484,154.70956420898438
2024-12-09,61.70271682739258,156.35678100585938
2024-12-10,62.00827407836914,156.71954345703125
2024-12-11,61.74214553833008,153.70948791503906
2024-12-12,62.92494583129883,155.7978973388672
2024-12-13,62.215267181396484,154.8860626220703
2024-12-16,61.6534309387207,152.97413635253906
2024-12-17,62.49125289916992,153.09178161621094
2024-12-18,61.94913101196289,151.4151611328125
2024-12-19,61.55487060546875,148.51295471191406
2024-12-20,61.6534309387207,149.8071746826172
2024-12-23,61.48587417602539,148.3364715576172
2024-12-24,61.93928146362305,149.82679748535156
2024-12-26,61.67314529418945,149.46401977539062
2024-12-27,61.55487060546875,149.9052276611328
2024-12-30,61.14088821411133,148.75807189941406
