Date,LMT,NOC
2015-01-02,145.78517150878906,123.3713150024414
2015-01-05,142.7534637451172,120.76840209960938
2015-01-06,142.0823211669922,121.43387603759766
2015-01-07,143.91488647460938,125.27497863769531
2015-01-08,147.15774536132812,128.18116760253906
2015-01-09,147.07481384277344,128.66123962402344
2015-01-12,146.6600341796875,128.01266479492188
2015-01-13,146.56948852539062,128.03794860839844
2015-01-14,145.7248992919922,128.13055419921875
2015-01-15,145.0762939453125,128.29904174804688
2015-01-16,146.84100341796875,129.15826416015625
2015-01-20,147.6253204345703,129.49522399902344
2015-01-21,147.43679809570312,129.92478942871094
2015-01-22,149.3900146484375,131.82852172851562
2015-01-23,148.89984130859375,131.5674285888672
2015-01-26,147.57249450683594,131.01986694335938
2015-01-27,143.7037353515625,128.8297576904297
2015-01-28,142.72332763671875,128.17276000976562
2015-01-29,145.17433166503906,133.03309631347656
2015-01-30,142.05970764160156,132.20762634277344
2015-02-02,142.78366088867188,134.09446716308594
2015-02-03,144.79721069335938,135.18109130859375
2015-02-04,145.0084686279297,136.32667541503906
2015-02-05,146.35081481933594,137.3291015625
2015-02-06,147.24070739746094,136.66363525390625
2015-02-09,145.56642150878906,137.27859497070312
2015-02-10,147.56494140625,138.8958740234375
2015-02-11,148.04766845703125,140.07521057128906
2015-02-12,148.92999267578125,140.91754150390625
2015-02-13,148.53025817871094,140.7911376953125
2015-02-17,148.99783325195312,141.17864990234375
2015-02-18,149.7520294189453,141.24606323242188
2015-02-19,152.12008666992188,143.30982971191406
2015-02-20,153.8395538330078,145.05348205566406
2015-02-23,155.04612731933594,143.63836669921875
2015-02-24,155.8229522705078,143.36036682128906
2015-02-25,154.49562072753906,142.06314086914062
2015-02-26,152.9534149169922,140.67593383789062
2015-02-27,151.98098754882812,140.16839599609375
2015-03-02,154.2373046875,141.34413146972656
2015-03-03,151.88978576660156,138.4089813232422
2015-03-04,151.1604766845703,138.66278076171875
2015-03-05,151.25927734375,138.11294555664062
2015-03-06,150.1652374267578,135.68528747558594
2015-03-09,151.7454833984375,136.4127655029297
2015-03-10,150.1044921875,133.93435668945312
2015-03-11,149.8234100341797,133.672119140625
2015-03-12,151.0161590576172,135.3385467529297
2015-03-13,149.7473907470703,133.2746124267578
2015-03-16,153.54595947265625,136.4719696044922
2015-03-17,152.4520263671875,136.31973266601562
2015-03-18,153.91824340820312,137.7407989501953
2015-03-19,153.60678100585938,137.47018432617188
2015-03-20,154.80712890625,137.55471801757812
2015-03-23,154.1613311767578,137.6392822265625
2015-03-24,154.45005798339844,137.1063690185547
2015-03-25,151.19845581054688,134.65335083007812
2015-03-26,152.36839294433594,134.75486755371094
2015-03-27,153.6371612548828,135.74447631835938
2015-03-30,155.65798950195312,137.60543823242188
2015-03-31,154.1917266845703,136.1505126953125
2015-04-01,151.0009765625,135.80374145507812
2015-04-02,150.97056579589844,136.71722412109375
2015-04-06,152.34567260742188,137.67308044433594
2015-04-07,152.05691528320312,137.7999267578125
2015-04-08,152.55838012695312,138.89962768554688
2015-04-09,153.03697204589844,139.2041473388672
2015-04-10,152.2468719482422,139.86392211914062
2015-04-13,149.70181274414062,138.36676025390625
2015-04-14,149.92218017578125,138.07911682128906
2015-04-15,149.8234100341797,138.07911682128906
2015-04-16,149.75502014160156,138.19752502441406
2015-04-17,148.0076446533203,135.47381591796875
2015-04-20,149.51193237304688,137.6139373779297
2015-04-21,149.1244354248047,137.44468688964844
2015-04-22,150.14247131347656,137.09788513183594
2015-04-23,149.8157958984375,137.7323455810547
2015-04-24,148.4254608154297,136.84410095214844
2015-04-27,147.2631072998047,135.4484405517578
2015-04-28,147.39988708496094,135.7698974609375
2015-04-29,145.32586669921875,134.61106872558594
2015-04-30,141.7628173828125,130.2971649169922
2015-05-01,143.58612060546875,131.9635009765625
2015-05-04,144.11032104492188,131.81126403808594
2015-05-05,142.33261108398438,129.65428161621094
2015-05-06,141.9375457763672,129.6711883544922
2015-05-07,142.98597717285156,129.8065643310547
2015-05-08,144.71051025390625,132.21722412109375
2015-05-11,144.70289611816406,132.2510986328125
2015-05-12,144.8092803955078,131.4813232421875
2015-05-13,145.10557556152344,131.2952880859375
2015-05-14,146.66294860839844,133.36766052246094
2015-05-15,146.13876342773438,133.65521240234375
2015-05-18,146.68572998046875,133.6636962890625
2015-05-19,146.91372680664062,134.43345642089844
2015-05-20,146.81492614746094,135.01705932617188
2015-05-21,146.7085723876953,136.33665466308594
2015-05-22,146.5186309814453,135.3385467529297
2015-05-26,144.7333221435547,134.0443572998047
2015-05-27,145.3714599609375,134.76333618164062
2015-05-28,145.57818603515625,136.4295196533203
2015-05-29,144.1080322265625,135.32440185546875
2015-06-01,146.30564880371094,135.97048950195312
2015-06-02,146.075927734375,136.3190460205078
2015-06-03,146.93353271484375,136.24256896972656
2015-06-04,145.61648559570312,134.4232635498047
2015-06-05,144.97328186035156,133.71766662597656
2015-06-08,145.00389099121094,133.1820526123047
2015-06-09,144.98855590820312,133.6581268310547
2015-06-10,144.93502807617188,134.79727172851562
2015-06-11,146.61961364746094,136.67611694335938
2015-06-12,146.23672485351562,136.9226837158203
2015-06-15,145.42507934570312,135.987548828125
2015-06-16,146.11419677734375,137.28823852539062
2015-06-17,146.267333984375,138.46139526367188
2015-06-18,147.5919952392578,140.4082489013672
2015-06-19,146.35922241210938,140.31472778320312
2015-06-22,147.0789794921875,140.67176818847656
2015-06-23,146.7421417236328,139.73663330078125
2015-06-24,145.61648559570312,138.7504119873047
2015-06-25,145.47865295410156,137.8323211669922
2015-06-26,144.44497680664062,137.5262451171875
2015-06-29,142.05593872070312,134.89927673339844
2015-06-30,142.34689331054688,134.85682678222656
2015-07-01,144.08505249023438,136.10653686523438
2015-07-02,143.41888427734375,135.596435546875
2015-07-06,143.9472198486328,135.38389587402344
2015-07-07,145.6088409423828,137.20323181152344
2015-07-08,145.52462768554688,136.58261108398438
2015-07-09,147.11729431152344,138.30841064453125
2015-07-10,148.69471740722656,140.58673095703125
2015-07-13,151.5201873779297,142.22744750976562
2015-07-14,152.41603088378906,143.23919677734375
2015-07-15,152.69171142578125,143.32415771484375
2015-07-16,154.38394165039062,144.4038543701172
2015-07-17,154.04705810546875,143.66427612304688
2015-07-20,157.07168579101562,144.3782958984375
2015-07-21,155.5554962158203,141.77699279785156
2015-07-22,155.2798614501953,141.36041259765625
2015-07-23,155.3105010986328,140.697265625
2015-07-24,153.9398193359375,140.10214233398438
2015-07-27,154.03936767578125,138.19786071777344
2015-07-28,155.9230499267578,138.8609619140625
2015-07-29,159.38409423828125,147.4473114013672
2015-07-30,158.09767150878906,149.1220703125
2015-07-31,158.5801239013672,147.08177185058594
2015-08-03,159.10841369628906,146.359130859375
2015-08-04,160.44078063964844,146.32513427734375
2015-08-05,160.36419677734375,147.65135192871094
2015-08-06,160.23403930664062,146.96275329589844
2015-08-07,160.1038818359375,146.7757568359375
2015-08-10,161.39793395996094,148.986083984375
2015-08-11,159.92774963378906,147.30284118652344
2015-08-12,159.86648559570312,145.8490753173828
2015-08-13,160.63986206054688,146.9542236328125
2015-08-14,162.30148315429688,148.07640075683594
2015-08-17,163.11309814453125,148.52699279785156
2015-08-18,162.8451385498047,149.19862365722656
2015-08-19,161.78079223632812,149.30062866210938
2015-08-20,160.13442993164062,146.72471618652344
2015-08-21,156.72703552246094,140.56976318359375
2015-08-24,151.19859313964844,136.0384979248047
2015-08-25,152.3625030517578,135.7579803466797
2015-08-26,154.76683044433594,139.830078125
2015-08-27,157.3013153076172,142.73468017578125
2015-08-28,157.27818298339844,141.41908264160156
2015-08-31,155.18011474609375,139.88140869140625
2015-09-01,152.43408203125,136.14817810058594
2015-09-02,157.38619995117188,140.6245880126953
2015-09-03,158.2809295654297,140.6587677001953
2015-09-04,156.29087829589844,138.6511688232422
2015-09-08,159.6771240234375,143.52919006347656
2015-09-09,157.8644256591797,142.0341796875
2015-09-10,159.0137176513672,141.55572509765625
2015-09-11,159.52279663085938,143.96490478515625
2015-09-14,158.8980255126953,143.37539672851562
2015-09-15,160.31729125976562,145.51113891601562
2015-09-16,160.101318359375,146.04933166503906
2015-09-17,160.13217163085938,145.8443145751953
2015-09-18,156.8230743408203,144.35784912109375
2015-09-21,157.6253204345703,145.40867614746094
2015-09-22,157.0930633544922,143.20460510253906
2015-09-23,156.40655517578125,143.025146484375
2015-09-24,157.9415740966797,142.4783935546875
2015-09-25,157.2704620361328,141.4447479248047
2015-09-28,154.43968200683594,138.95022583007812
2015-09-29,156.17515563964844,139.7190399169922
2015-09-30,159.9084930419922,141.7693328857422
2015-10-01,157.93385314941406,141.57286071777344
2015-10-02,159.36859130859375,143.1191864013672
2015-10-05,163.31790161132812,145.5538330078125
2015-10-06,162.29193115234375,143.8708953857422
2015-10-07,164.25889587402344,146.2543487548828
2015-10-08,165.354248046875,148.43283081054688
2015-10-09,164.49801635742188,150.14141845703125
2015-10-12,165.3233642578125,151.37158203125
2015-10-13,163.51065063476562,151.20924377441406
2015-10-14,160.55642700195312,148.47555541992188
2015-10-15,161.35092163085938,148.69766235351562
2015-10-16,161.813720703125,149.39813232421875
2015-10-19,162.4770965576172,149.14190673828125
2015-10-20,161.00381469726562,149.0308380126953
2015-10-21,163.18675231933594,148.75746154785156
2015-10-22,167.00489807128906,153.344970703125
2015-10-23,169.1724090576172,153.62692260742188
2015-10-26,170.42198181152344,154.01991271972656
2015-10-27,172.04180908203125,154.2847137451172
2015-10-28,170.49911499023438,162.74217224121094
2015-10-29,168.34706115722656,162.3748016357422
2015-10-30,169.56581115722656,160.39288330078125
2015-11-02,170.15199279785156,161.9220428466797
2015-11-03,168.84848022460938,159.44461059570312
2015-11-04,168.79440307617188,159.0430908203125
2015-11-05,168.61700439453125,159.25669860839844
2015-11-06,167.09742736816406,157.1977996826172
2015-11-09,165.60874938964844,155.1902618408203
2015-11-10,165.12281799316406,155.04502868652344
2015-11-11,165.92503356933594,155.2244110107422
2015-11-12,164.7447967529297,154.03695678710938
2015-11-13,164.42091369628906,152.7640838623047
2015-11-16,170.21371459960938,159.41896057128906
2015-11-17,171.5404510498047,159.01744079589844
2015-11-18,172.18067932128906,160.72605895996094
2015-11-19,172.78231811523438,160.82859802246094
2015-11-20,174.3712921142578,161.8707733154297
2015-11-23,174.34815979003906,160.46124267578125
2015-11-24,174.65670776367188,160.60643005371094
2015-11-25,174.17076110839844,161.095458984375
2015-11-27,175.53836059570312,161.64456176757812
2015-11-30,170.29336547851562,159.8857879638672
2015-12-01,171.1014404296875,160.70083618164062
2015-12-02,170.12246704101562,159.31097412109375
2015-12-03,167.4183807373047,157.05453491210938
2015-12-04,169.69505310058594,161.24990844726562
2015-12-07,170.2700958251953,161.28419494628906
2015-12-08,170.0214385986328,161.29281616210938
2015-12-09,169.03463745117188,160.04884338378906
2015-12-10,170.07586669921875,160.8295135498047
2015-12-11,168.77044677734375,159.59405517578125
2015-12-14,168.2886505126953,160.49488830566406
2015-12-15,166.93666076660156,161.15553283691406
2015-12-16,169.00350952148438,162.79421997070312
2015-12-17,167.2318878173828,161.55877685546875
2015-12-18,164.86976623535156,158.598876953125
2015-12-21,167.42617797851562,162.15931701660156
2015-12-22,169.06561279296875,162.4681396484375
2015-12-23,169.33767700195312,163.0087127685547
2015-12-24,169.8271942138672,163.10305786132812
2015-12-28,169.7106170654297,162.99151611328125
2015-12-29,171.311279296875,164.27841186523438
2015-12-30,170.79067993164062,163.07728576660156
2015-12-31,168.73158264160156,161.9877166748047
2016-01-04,165.6700897216797,160.87237548828125
2016-01-05,169.5940399169922,165.05911254882812
2016-01-06,169.1045379638672,163.4119415283203
2016-01-07,165.7322235107422,161.38714599609375
2016-01-08,165.4369354248047,159.6370086669922
2016-01-11,167.33291625976562,161.38714599609375
2016-01-12,169.3609619140625,162.08204650878906
2016-01-13,166.59469604492188,158.598876953125
2016-01-14,168.164306640625,159.1908416748047
2016-01-15,167.8302001953125,158.04122924804688
2016-01-19,167.2863006591797,160.22035217285156
2016-01-20,163.4866485595703,156.62557983398438
2016-01-21,163.7897186279297,155.47596740722656
2016-01-22,164.76100158691406,157.95535278320312
2016-01-25,163.96058654785156,155.999267578125
2016-01-26,163.12144470214844,156.5741729736328
2016-01-27,161.5129852294922,152.87635803222656
2016-01-28,160.58055114746094,154.55787658691406
2016-01-29,163.95285034179688,158.7704315185547
2016-02-01,163.02037048339844,161.84182739257812
2016-02-02,163.52545166015625,160.8123779296875
2016-02-03,165.44471740722656,162.81138610839844
2016-02-04,163.33900451660156,159.87722778320312
2016-02-05,164.68325805664062,159.99729919433594
2016-02-08,166.6957550048828,159.25086975097656
2016-02-09,167.82241821289062,160.7094268798828
2016-02-10,166.24508666992188,161.575927734375
2016-02-11,160.98460388183594,157.78384399414062
2016-02-12,160.12986755371094,155.501708984375
2016-02-16,162.3988037109375,158.04978942871094
2016-02-17,165.3048553466797,163.06015014648438
2016-02-18,166.43930053710938,165.3079833984375
2016-02-19,165.98867797851562,163.59205627441406
2016-02-22,167.06871032714844,164.9561767578125
2016-02-23,167.17755126953125,164.13258361816406
2016-02-24,168.3274688720703,163.0258331298828
2016-02-25,170.9693603515625,166.22222900390625
2016-02-26,170.07684326171875,165.6105194091797
2016-02-29,168.94168090820312,165.6105194091797
2016-03-01,170.77369689941406,167.04074096679688
2016-03-02,170.04556274414062,166.5582733154297
2016-03-03,171.07901000976562,165.52438354492188
2016-03-04,171.2355499267578,164.61976623535156
2016-03-07,168.98085021972656,160.83741760253906
2016-03-08,168.5894012451172,160.99252319335938
2016-03-09,169.42709350585938,160.88914489746094
2016-03-10,169.54452514648438,160.89772033691406
2016-03-11,169.9281768798828,163.60305786132812
2016-03-14,169.57586669921875,162.4658203125
2016-03-15,169.9281768798828,165.1366729736328
2016-03-16,170.82064819335938,165.05052185058594
2016-03-17,171.65049743652344,164.4818572998047
2016-03-18,172.95013427734375,167.13551330566406
2016-03-21,173.2241668701172,167.2991943359375
2016-03-22,172.80918884277344,167.43704223632812
2016-03-23,173.2241668701172,167.97117614746094
2016-03-24,170.67190551757812,167.31643676757812
2016-03-28,171.50177001953125,167.90231323242188
2016-03-29,172.83270263671875,169.45310974121094
2016-03-30,174.55508422851562,171.2192840576172
2016-03-31,173.41204833984375,170.50425720214844
2016-04-01,174.67251586914062,172.58056640625
2016-04-04,175.4711151123047,173.33018493652344
2016-04-05,176.6375732421875,174.26927185058594
2016-04-06,177.42832946777344,174.12278747558594
2016-04-07,177.3108673095703,172.78744506835938
2016-04-08,177.16995239257812,172.8046417236328
2016-04-11,175.87820434570312,171.8913116455078
2016-04-12,176.91941833496094,172.48582458496094
2016-04-13,177.2326202392578,173.28707885742188
2016-04-14,176.49668884277344,172.42552185058594
2016-04-15,176.7863311767578,173.9332733154297
2016-04-18,177.8275604248047,174.71730041503906
2016-04-19,177.3343505859375,173.6834259033203
2016-04-20,177.38917541503906,173.67478942871094
2016-04-21,176.98983764648438,172.31350708007812
2016-04-22,177.58493041992188,172.9596710205078
2016-04-25,177.16995239257812,172.9425048828125
2016-04-26,181.75778198242188,175.38931274414062
2016-04-27,182.92425537109375,178.34446716308594
2016-04-28,182.1961669921875,177.14688110351562
2016-04-29,181.92999267578125,177.7069549560547
2016-05-02,182.6033172607422,179.47311401367188
2016-05-03,183.7462615966797,180.5845489501953
2016-05-04,184.77191162109375,181.40306091308594
2016-05-05,186.43948364257812,182.59202575683594
2016-05-06,188.09922790527344,184.4616241455078
2016-05-09,188.14617919921875,184.91824340820312
2016-05-10,191.30911254882812,187.3306121826172
2016-05-11,189.32838439941406,184.6511688232422
2016-05-12,191.76315307617188,187.80455017089844
2016-05-13,189.55538940429688,184.3582305908203
2016-05-16,190.22088623046875,185.86599731445312
2016-05-17,189.09352111816406,184.03089904785156
2016-05-18,189.1326904296875,184.49609375
2016-05-19,187.0266571044922,181.85107421875
2016-05-20,187.95046997070312,183.27261352539062
2016-05-23,187.51988220214844,182.79017639160156
2016-05-24,188.65505981445312,184.9613494873047
2016-05-25,188.55331420898438,184.6597900390625
2016-05-26,189.10134887695312,184.3323516845703
2016-05-27,189.25897216796875,184.73733520507812
2016-05-31,186.21620178222656,183.22962951660156
2016-06-01,187.67453002929688,184.52194213867188
2016-06-02,187.4774627685547,184.6171417236328
2016-06-03,188.33670043945312,186.1744842529297
2016-06-06,188.715087890625,186.3994598388672
2016-06-07,188.79385375976562,186.61570739746094
2016-06-08,189.4876251220703,188.32020568847656
2016-06-09,189.71617126464844,189.11618041992188
2016-06-10,189.6452178955078,188.0605926513672
2016-06-13,187.572021484375,186.06201171875
2016-06-14,188.9516143798828,187.6712646484375
2016-06-15,188.75450134277344,187.91355895996094
2016-06-16,189.0854949951172,187.52426147460938
2016-06-17,187.26467895507812,185.43043518066406
2016-06-20,188.11593627929688,186.15713500976562
2016-06-21,188.04505920410156,185.88894653320312
2016-06-22,187.74549865722656,185.92355346679688
2016-06-23,189.1880645751953,185.75917053222656
2016-06-24,188.9516143798828,184.03741455078125
2016-06-27,188.62840270996094,185.28330993652344
2016-06-28,189.90538024902344,186.99644470214844
2016-06-29,192.40423583984375,187.956787109375
2016-06-30,195.62832641601562,192.31741333007812
2016-07-01,196.55853271484375,191.90213012695312
2016-07-05,196.68455505371094,191.68585205078125
2016-07-06,197.13392639160156,191.84153747558594
2016-07-07,196.8896026611328,190.77734375
2016-07-08,198.56863403320312,192.0491943359375
2016-07-11,200.531494140625,192.04054260253906
2016-07-12,200.7758026123047,190.7513885498047
2016-07-13,201.72174072265625,191.88482666015625
2016-07-14,201.8006134033203,191.32241821289062
2016-07-15,202.57310485839844,191.60801696777344
2016-07-18,202.0291748046875,191.04556274414062
2016-07-19,204.13392639160156,191.68585205078125
2016-07-20,202.32870483398438,192.55105590820312
2016-07-21,200.33438110351562,188.7960968017578
2016-07-22,202.83319091796875,189.9986572265625
2016-07-25,201.50100708007812,189.59202575683594
2016-07-26,200.82308959960938,188.9171905517578
2016-07-27,200.3501434326172,188.449951171875
2016-07-28,200.65757751464844,187.94815063476562
2016-07-29,199.22286987304688,187.42901611328125
2016-08-01,200.8861541748047,187.48094177246094
2016-08-02,202.5888671875,189.20266723632812
2016-08-03,202.47067260742188,189.1853790283203
2016-08-04,203.1800994873047,188.9084930419922
2016-08-05,205.18234252929688,189.43629455566406
2016-08-08,205.1034698486328,186.94447326660156
2016-08-09,205.47398376464844,187.52426147460938
2016-08-10,205.9784393310547,187.90484619140625
2016-08-11,206.9559783935547,188.60568237304688
2016-08-12,208.22509765625,188.7960968017578
2016-08-15,210.07752990722656,190.18031311035156
2016-08-16,202.40756225585938,187.835693359375
2016-08-17,201.51683044433594,189.09019470214844
2016-08-18,201.34335327148438,188.73548889160156
2016-08-19,200.3185577392578,188.1125030517578
2016-08-22,200.3817138671875,188.8392791748047
2016-08-23,196.87379455566406,185.5861053466797
2016-08-24,195.5889129638672,185.15357971191406
2016-08-25,195.91212463378906,185.44891357421875
2016-08-26,192.68798828125,184.13693237304688
2016-08-29,192.57766723632812,185.153564453125
2016-08-30,190.03802490234375,184.7364501953125
2016-08-31,192.8316650390625,184.25863647460938
2016-09-01,193.33953857421875,184.0501251220703
2016-09-02,193.1094207763672,185.2751007080078
2016-09-06,192.8554229736328,186.5958251953125
2016-09-07,191.56175231933594,184.94500732421875
2016-09-08,191.76815795898438,184.83201599121094
2016-09-09,188.83958435058594,181.79974365234375
2016-09-12,189.5221710205078,182.6946563720703
2016-09-13,188.41897583007812,181.03514099121094
2016-09-14,188.41897583007812,181.4261474609375
2016-09-15,189.75230407714844,183.66773986816406
2016-09-16,188.4507293701172,183.32891845703125
2016-09-19,191.17291259765625,183.4679718017578
2016-09-20,190.85545349121094,184.29336547851562
2016-09-21,193.50624084472656,187.54287719726562
2016-09-22,195.72842407226562,188.0989532470703
2016-09-23,195.109375,188.5855255126953
2016-09-26,194.86334228515625,188.5421142578125
2016-09-27,195.06973266601562,189.45437622070312
2016-09-28,195.03794860839844,189.32398986816406
2016-09-29,192.33164978027344,185.59661865234375
2016-09-30,190.25228881835938,185.89207458496094
2016-10-03,190.93478393554688,186.89122009277344
2016-10-04,188.17294311523438,184.91893005371094
2016-10-05,187.77610778808594,184.61485290527344
2016-10-06,186.28404235839844,186.1179962158203
2016-10-07,185.33963012695312,187.177978515625
2016-10-10,185.149169921875,188.21189880371094
2016-10-11,184.00631713867188,186.99551391601562
2016-10-12,184.20472717285156,188.41172790527344
2016-10-13,184.9110565185547,189.73240661621094
2016-10-14,184.57772827148438,190.2102508544922
2016-10-17,184.7364501953125,190.4014129638672
2016-10-18,184.75230407714844,190.66209411621094
2016-10-19,184.38729858398438,189.54994201660156
2016-10-20,183.9904327392578,188.85482788085938
2016-10-21,182.95077514648438,187.5515899658203
2016-10-24,184.2523651123047,188.07290649414062
2016-10-25,197.82366943359375,190.7402801513672
2016-10-26,198.48239135742188,198.14295959472656
2016-10-27,197.2443084716797,195.79702758789062
2016-10-28,196.82366943359375,198.42965698242188
2016-10-31,195.5379638671875,198.96836853027344
2016-11-01,194.4268341064453,198.46438598632812
2016-11-02,194.53004455566406,198.681640625
2016-11-03,189.44276428222656,195.9620819091797
2016-11-04,187.5221710205078,195.69271850585938
2016-11-07,189.89515686035156,199.8893585205078
2016-11-08,189.83163452148438,199.72425842285156
2016-11-09,201.15692138671875,210.524169921875
2016-11-10,204.18069458007812,213.0177764892578
2016-11-11,205.6886749267578,215.04220581054688
2016-11-14,212.09336853027344,218.18751525878906
2016-11-15,211.05368041992188,214.99874877929688
2016-11-16,209.00616455078125,213.20895385742188
2016-11-17,208.95053100585938,212.5746612548828
2016-11-18,208.7997589111328,213.26974487304688
2016-11-21,209.06161499023438,213.99093627929688
2016-11-22,210.04574584960938,215.53746032714844
2016-11-23,209.83938598632812,215.1204376220703
2016-11-25,211.0457305908203,215.98056030273438
2016-11-28,211.05368041992188,216.31072998046875
2016-11-29,213.02748107910156,218.77835083007812
2016-11-30,211.96469116210938,216.91026306152344
2016-12-01,212.8836212158203,217.1893310546875
2016-12-02,213.85858154296875,218.75889587402344
2016-12-05,213.30715942382812,215.81158447265625
2016-12-06,212.56399536132812,216.11676025390625
2016-12-07,212.86769104003906,215.50633239746094
2016-12-08,207.17005920410156,207.2921142578125
2016-12-09,207.39376831054688,207.91122436523438
2016-12-12,202.263427734375,202.3652801513672
2016-12-13,201.12872314453125,201.92056274414062
2016-12-14,201.61618041992188,202.3914794921875
2016-12-15,200.29763793945312,202.2955322265625
2016-12-16,199.84213256835938,202.04266357421875
2016-12-19,201.520263671875,203.64712524414062
2016-12-20,202.75892639160156,205.04234313964844
2016-12-21,201.79196166992188,203.30709838867188
2016-12-22,202.0157012939453,203.80406188964844
2016-12-23,199.4506072998047,203.1675567626953
2016-12-27,200.4654541015625,203.38555908203125
2016-12-28,199.44259643554688,202.2606201171875
2016-12-29,200.24972534179688,202.8536376953125
2016-12-30,199.73025512695312,202.80999755859375
2017-01-03,202.42324829101562,204.82437133789062
2017-01-04,202.96664428710938,205.13829040527344
2017-01-05,204.55694580078125,205.78355407714844
2017-01-06,206.05126953125,206.42877197265625
2017-01-09,206.0192413330078,205.6265869140625
2017-01-10,204.70880126953125,203.27218627929688
2017-01-11,203.8776397705078,201.91184997558594
2017-01-12,201.87184143066406,199.81900024414062
2017-01-13,203.39816284179688,200.70848083496094
2017-01-17,203.0705108642578,199.23483276367188
2017-01-18,203.0305938720703,200.76953125
2017-01-19,205.39601135253906,202.6443634033203
2017-01-20,205.95533752441406,202.40016174316406
2017-01-23,205.75558471679688,202.033935546875
2017-01-24,202.1036376953125,202.8187713623047
2017-01-25,200.5773162841797,201.29270935058594
2017-01-26,203.74981689453125,197.9093780517578
2017-01-27,202.5751190185547,200.41201782226562
2017-01-30,202.03973388671875,200.1068115234375
2017-01-31,200.84107971191406,199.7580108642578
2017-02-01,200.49740600585938,199.53128051757812
2017-02-02,201.35244750976562,200.429443359375
2017-02-03,203.3422393798828,201.7461700439453
2017-02-06,204.02149963378906,203.01934814453125
2017-02-07,204.86856079101562,203.1588134765625
2017-02-08,205.1642303466797,202.6704559326172
2017-02-09,206.33094787597656,204.78074645996094
2017-02-10,208.20883178710938,206.01022338867188
2017-02-13,209.64727783203125,208.47802734375
2017-02-14,209.81507873535156,208.94891357421875
2017-02-15,210.53424072265625,210.66671752929688
2017-02-16,212.0286407470703,212.35842895507812
2017-02-17,212.04457092285156,212.4020538330078
2017-02-21,212.29229736328125,212.8729248046875
2017-02-22,212.5000762939453,211.87879943847656
2017-02-23,211.64500427246094,212.64620971679688
2017-02-24,212.56399536132812,213.68386840820312
2017-02-27,216.73191833496094,216.779541015625
2017-02-28,214.4950714111328,215.4627685546875
2017-03-01,215.94345092773438,214.4512176513672
2017-03-02,214.8249969482422,212.73587036132812
2017-03-03,215.44456481933594,212.61329650878906
2017-03-06,215.412353515625,212.60455322265625
2017-03-07,216.47445678710938,213.357177734375
2017-03-08,215.412353515625,213.17343139648438
2017-03-09,216.18475341796875,213.65481567382812
2017-03-10,216.168701171875,213.19091796875
2017-03-13,216.59518432617188,213.91732788085938
2017-03-14,215.63768005371094,213.34848022460938
2017-03-15,216.79627990722656,213.40977478027344
2017-03-16,215.58935546875,210.29403686523438
2017-03-17,218.8400115966797,213.7685546875
2017-03-20,218.88027954101562,212.66578674316406
2017-03-21,216.44227600097656,209.80392456054688
2017-03-22,216.7802276611328,211.04669189453125
2017-03-23,216.84461975097656,209.61134338378906
2017-03-24,215.17103576660156,207.3183135986328
2017-03-27,214.96173095703125,206.3993682861328
2017-03-28,216.538818359375,207.58966064453125
2017-03-29,215.83071899414062,207.00326538085938
2017-03-30,217.68142700195312,209.22625732421875
2017-03-31,215.31578063964844,208.1585235595703
2017-04-03,216.18475341796875,208.1322784423828
2017-04-04,216.89288330078125,207.98345947265625
2017-04-05,214.81695556640625,206.63568115234375
2017-04-06,214.92156982421875,207.1345672607422
2017-04-07,217.4319610595703,209.0075225830078
2017-04-10,216.4663543701172,209.47134399414062
2017-04-11,217.464111328125,210.96792602539062
2017-04-12,216.04798889160156,209.4888458251953
2017-04-13,215.63768005371094,210.22402954101562
2017-04-17,217.1503448486328,212.76206970214844
2017-04-18,216.26522827148438,212.8321075439453
2017-04-19,216.94921875,213.3222198486328
2017-04-20,218.7354278564453,214.2937469482422
2017-04-21,219.733154296875,215.58901977539062
2017-04-24,222.24354553222656,218.04833984375
2017-04-25,217.262939453125,217.1643829345703
2017-04-26,217.52847290039062,217.1031036376953
2017-04-27,218.1641845703125,217.40069580078125
2017-04-28,216.80433654785156,215.2651824951172
2017-05-01,215.98361206054688,213.84738159179688
2017-05-02,216.83653259277344,214.7137908935547
2017-05-03,216.92503356933594,214.87130737304688
2017-05-04,217.65724182128906,215.08139038085938
2017-05-05,219.6848907470703,217.84701538085938
2017-05-08,219.25843811035156,218.04833984375
2017-05-09,220.3607635498047,218.35467529296875
2017-05-10,218.6468963623047,217.14683532714844
2017-05-11,218.92852783203125,216.6304931640625
2017-05-12,218.2606964111328,216.56919860839844
2017-05-15,219.1376953125,217.26939392089844
2017-05-16,218.5745086669922,216.50799560546875
2017-05-17,216.63539123535156,215.5802764892578
2017-05-18,215.09048461914062,216.07037353515625
2017-05-19,219.49176025390625,218.6959686279297
2017-05-22,222.90338134765625,218.3196258544922
2017-05-23,223.97352600097656,219.36988830566406
2017-05-24,225.333251953125,221.75917053222656
2017-05-25,226.95050048828125,224.50732421875
2017-05-26,228.22988891601562,224.91867065429688
2017-05-30,226.82083129882812,224.2360382080078
2017-05-31,227.66311645507812,226.8704071044922
2017-06-01,227.525390625,226.33441162109375
2017-06-02,228.1732635498047,227.1339111328125
2017-06-05,226.8531494140625,224.57723999023438
2017-06-06,224.2213134765625,222.45106506347656
2017-06-07,224.62623596191406,223.75137329101562
2017-06-08,224.82058715820312,225.0428924560547
2017-06-09,224.31854248046875,225.52615356445312
2017-06-12,224.22940063476562,224.91110229492188
2017-06-13,225.4198760986328,226.31683349609375
2017-06-14,226.99087524414062,228.13555908203125
2017-06-15,227.5010528564453,227.23941040039062
2017-06-16,227.6468505859375,227.1954803466797
2017-06-19,228.6105194091797,229.55014038085938
2017-06-20,229.08836364746094,228.57484436035156
2017-06-21,229.16929626464844,228.68910217285156
2017-06-22,227.09622192382812,225.7018585205078
2017-06-23,227.2662353515625,226.14993286132812
2017-06-26,226.50506591796875,224.8759765625
2017-06-27,224.99066162109375,224.3312530517578
2017-06-28,226.76419067382812,226.29051208496094
2017-06-29,224.09988403320312,223.93585205078125
2017-06-30,224.81246948242188,225.5436553955078
2017-07-03,225.87339782714844,226.41348266601562
2017-07-05,228.69151306152344,228.68031311035156
2017-07-06,227.525390625,227.50296020507812
2017-07-07,230.95904541015625,230.18267822265625
2017-07-10,231.25863647460938,229.9982147216797
2017-07-11,231.9469757080078,230.75375366210938
2017-07-12,231.89837646484375,231.91348266601562
2017-07-13,232.22242736816406,231.82569885253906
2017-07-14,233.3317108154297,232.6778564453125
2017-07-17,233.62330627441406,232.6603546142578
2017-07-18,232.2466278076172,232.1595001220703
2017-07-19,235.38868713378906,232.75701904296875
2017-07-20,234.57888793945312,232.6251678466797
2017-07-21,234.13351440429688,233.0907745361328
2017-07-24,235.07284545898438,233.06451416015625
2017-07-25,234.70848083496094,231.99253845214844
2017-07-26,234.72467041015625,231.82569885253906
2017-07-27,233.3317108154297,229.10205078125
2017-07-28,235.1781005859375,232.03648376464844
2017-07-31,236.57101440429688,231.18423461914062
2017-08-01,236.99212646484375,232.510986328125
2017-08-02,238.65225219726562,234.43504333496094
2017-08-03,239.55929565429688,236.14833068847656
2017-08-04,240.51480102539062,236.55247497558594
2017-08-07,240.63623046875,236.85121154785156
2017-08-08,243.02525329589844,237.06210327148438
2017-08-09,247.17144775390625,239.94381713867188
2017-08-10,245.57623291015625,237.70346069335938
2017-08-11,245.9810791015625,236.587646484375
2017-08-14,249.08265686035156,238.4502410888672
2017-08-15,247.9652099609375,238.22181701660156
2017-08-16,247.64114379882812,237.21141052246094
2017-08-17,244.0941619873047,235.57725524902344
2017-08-18,242.29644775390625,235.1204071044922
2017-08-21,244.46676635742188,235.199462890625
2017-08-22,246.83140563964844,239.69778442382812
2017-08-23,245.24412536621094,237.896728515625
2017-08-24,245.04981994628906,236.81201171875
2017-08-25,245.2117462158203,237.5086669921875
2017-08-28,245.86761474609375,236.24766540527344
2017-08-29,249.5361328125,238.7344970703125
2017-08-30,249.519775390625,238.990234375
2017-08-31,248.7786407470703,240.04837036132812
2017-09-01,246.1718292236328,237.0677490234375
2017-09-05,246.17991638183594,236.39764404296875
2017-09-06,245.56890869140625,233.92845153808594
2017-09-07,246.30203247070312,234.4574737548828
2017-09-08,246.75018310546875,235.85081481933594
2017-09-11,248.0372772216797,237.48220825195312
2017-09-12,247.42628479003906,237.18240356445312
2017-09-13,244.55055236816406,235.189453125
2017-09-14,245.4792938232422,234.2987823486328
2017-09-15,246.26138305664062,235.4804229736328
2017-09-18,247.48316955566406,243.36419677734375
2017-09-19,248.9903564453125,245.44540405273438
2017-09-20,250.8232421875,246.9533233642578
2017-09-21,250.91282653808594,247.2884063720703
2017-09-22,251.3445587158203,248.28485107421875
2017-09-25,249.9678955078125,248.1261444091797
2017-09-26,252.1918182373047,251.09808349609375
2017-09-27,252.63990783691406,252.9498748779297
2017-09-28,251.8252716064453,250.99217224121094
2017-09-29,252.7701416015625,253.7259063720703
2017-10-02,253.617431640625,255.6484375
2017-10-03,254.86373901367188,256.68896484375
2017-10-04,254.99407958984375,257.6590270996094
2017-10-05,256.2649841308594,258.099853515625
2017-10-06,257.79638671875,258.6731872558594
2017-10-09,258.4807434082031,259.1405029296875
2017-10-10,258.8146667480469,258.6731872558594
2017-10-11,259.5315856933594,260.3133239746094
2017-10-12,261.6170349121094,263.3910217285156
2017-10-13,260.18328857421875,261.3804931640625
2017-10-16,259.8166809082031,260.8336181640625
2017-10-17,259.2708740234375,259.5461730957031
2017-10-18,257.0714111328125,257.50030517578125
2017-10-19,258.10595703125,258.0735168457031
2017-10-20,260.6802062988281,259.7930908203125
2017-10-23,261.27496337890625,259.3079833984375
2017-10-24,255.10003662109375,259.2904357910156
2017-10-25,254.51356506347656,268.7438659667969
2017-10-26,250.8150177001953,262.782470703125
2017-10-27,250.90460205078125,262.4914855957031
2017-10-30,251.4178924560547,261.3538818359375
2017-10-31,251.03504943847656,260.6131591796875
2017-11-01,249.76422119140625,259.4139404296875
2017-11-02,253.23455810546875,265.7543640136719
2017-11-03,252.52586364746094,266.0189208984375
2017-11-06,252.59912109375,266.1952209472656
2017-11-07,255.2141571044922,267.47393798828125
2017-11-08,257.1283874511719,267.4652404785156
2017-11-09,253.41371154785156,263.796630859375
2017-11-10,253.4871063232422,262.9060363769531
2017-11-13,254.9370574951172,263.21466064453125
2017-11-14,255.58070373535156,264.9607849121094
2017-11-15,253.05535888671875,264.5021667480469
2017-11-16,254.69268798828125,265.04010009765625
2017-11-17,252.28955078125,261.7772216796875
2017-11-20,256.3219909667969,265.3840026855469
2017-11-21,258.1874694824219,268.3558654785156
2017-11-22,256.5011901855469,266.3364562988281
2017-11-24,257.2750244140625,266.9537048339844
2017-11-27,257.9919738769531,267.7562255859375
2017-11-28,259.873779296875,271.5216369628906
2017-11-29,261.29937744140625,270.4546203613281
2017-11-30,261.59442138671875,271.0806884765625
2017-12-01,257.0448913574219,265.09112548828125
2017-12-04,255.57748413085938,265.91400146484375
2017-12-05,254.2332305908203,263.4278869628906
2017-12-06,255.7333221435547,265.5954284667969
2017-12-07,257.7416687011719,267.78961181640625
2017-12-08,258.9139099121094,270.43487548828125
2017-12-11,259.17626953125,269.4528503417969
2017-12-12,258.9467468261719,271.8592834472656
2017-12-13,260.5041809082031,272.9033203125
2017-12-14,259.86474609375,271.53204345703125
2017-12-15,264.6274719238281,274.68157958984375
2017-12-18,264.57830810546875,272.8502502441406
2017-12-19,262.2911376953125,271.7177734375
2017-12-20,260.44677734375,271.2754211425781
2017-12-21,260.0124206542969,269.3909606933594
2017-12-22,260.7009582519531,268.7628479003906
2017-12-26,261.0943908691406,268.8158874511719
2017-12-27,261.8568115234375,270.86846923828125
2017-12-28,264.03729248046875,272.75286865234375
2017-12-29,263.17645263671875,271.53204345703125
2018-01-02,261.1189880371094,270.0544128417969
2018-01-03,263.30767822265625,271.3018493652344
2018-01-04,267.8243408203125,272.9828796386719
2018-01-05,270.2508239746094,272.6909484863281
2018-01-08,269.0049133300781,272.72637939453125
2018-01-09,270.93133544921875,274.6108703613281
2018-01-10,271.3739013671875,272.1513671875
2018-01-11,271.43939208984375,273.8675537109375
2018-01-12,275.6365661621094,278.8220520019531
2018-01-16,270.60333251953125,276.51300048828125
2018-01-17,274.49700927734375,280.91015625
2018-01-18,272.9722900390625,278.070068359375
2018-01-19,272.15264892578125,279.9013977050781
2018-01-22,269.6934814453125,278.813232421875
2018-01-23,269.4475402832031,277.3446350097656
2018-01-24,270.9147644042969,277.32696533203125
2018-01-25,274.38238525390625,287.53668212890625
2018-01-26,282.7271728515625,296.8794860839844
2018-01-29,288.0719909667969,299.3388977050781
2018-01-30,287.22760009765625,300.3298645019531
2018-01-31,290.88360595703125,301.2766418457031
2018-02-01,292.9576110839844,303.3379821777344
2018-02-02,289.0884094238281,297.96771240234375
2018-02-05,275.80877685546875,285.2099304199219
2018-02-06,276.73492431640625,289.7485656738281
2018-02-07,283.1617126464844,298.7373352050781
2018-02-08,274.0381164550781,286.6608581542969
2018-02-09,279.8744812011719,294.3403015136719
2018-02-12,283.4731750488281,298.54278564453125
2018-02-13,287.0965270996094,303.7803039550781
2018-02-14,290.72784423828125,309.3188171386719
2018-02-15,295.9249572753906,315.7684020996094
2018-02-16,295.5397033691406,314.9632568359375
2018-02-20,294.031494140625,309.973388671875
2018-02-21,292.6953125,310.38037109375
2018-02-22,291.34271240234375,308.4427490234375
2018-02-23,294.031494140625,310.99090576171875
2018-02-26,294.0396728515625,314.15814208984375
2018-02-27,293.6050720214844,312.89312744140625
2018-02-28,290.5303649902344,309.6903076171875
2018-03-01,280.0200500488281,300.400634765625
2018-03-02,281.69342041015625,304.4924621582031
2018-03-05,282.2209777832031,306.0370178222656
2018-03-06,279.8634033203125,303.4450988769531
2018-03-07,282.0892333984375,307.8387756347656
2018-03-08,281.7428894042969,307.430419921875
2018-03-09,280.679443359375,310.3417663574219
2018-03-12,274.5876159667969,305.9747619628906
2018-03-13,274.8843688964844,305.6286315917969
2018-03-14,273.41705322265625,301.8741149902344
2018-03-15,274.69476318359375,302.5130615234375
2018-03-16,273.18621826171875,300.5693054199219
2018-03-19,276.3599548339844,306.1612243652344
2018-03-20,276.6485900878906,308.5133056640625
2018-03-21,276.54132080078125,308.1938781738281
2018-03-22,269.6828308105469,300.746826171875
2018-03-23,277.23382568359375,306.90679931640625
2018-03-26,283.51531982421875,315.3034973144531
2018-03-27,279.3276062011719,310.0310974121094
2018-03-28,276.42596435546875,305.9659118652344
2018-03-29,278.56915283203125,309.88031005859375
2018-04-02,274.50518798828125,306.6849060058594
2018-04-03,275.9148864746094,307.1463623046875
2018-04-04,281.7511291503906,313.7146911621094
2018-04-05,285.7574157714844,319.56396484375
2018-04-06,275.8736267089844,312.18804931640625
2018-04-09,276.9040832519531,308.522216796875
2018-04-10,279.74798583984375,307.7677917480469
2018-04-11,279.81396484375,307.6878967285156
2018-04-12,282.649658203125,312.48089599609375
2018-04-13,282.4188232421875,311.1938781738281
2018-04-16,284.9743347167969,312.21466064453125
2018-04-17,287.81011962890625,315.1349182128906
2018-04-18,289.4669494628906,317.4959411621094
2018-04-19,291.3052673339844,317.7799072265625
2018-04-20,290.15936279296875,315.91595458984375
2018-04-23,295.6082458496094,316.0934143066406
2018-04-24,277.3821105957031,303.13446044921875
2018-04-25,271.6200866699219,295.2348327636719
2018-04-26,272.3619384765625,296.4241638183594
2018-04-27,265.46221923828125,285.67529296875
2018-04-30,264.4812927246094,285.8439636230469
2018-05-01,254.27586364746094,272.689697265625
2018-05-02,252.0008087158203,272.6363830566406
2018-05-03,255.4876708984375,280.19879150390625
2018-05-04,256.732421875,278.574462890625
2018-05-07,261.9010314941406,281.4858093261719
2018-05-08,267.2428283691406,292.26123046875
2018-05-09,268.833740234375,290.7701416015625
2018-05-10,267.489990234375,289.7228088378906
2018-05-11,267.119140625,288.7374572753906
2018-05-14,263.0303649902344,282.89703369140625
2018-05-15,263.5991516113281,284.0066223144531
2018-05-16,263.2364196777344,285.0628356933594
2018-05-17,264.1350402832031,288.045166015625
2018-05-18,264.15972900390625,292.0394287109375
2018-05-21,267.31695556640625,294.116455078125
2018-05-22,261.42291259765625,288.02752685546875
2018-05-23,268.1742858886719,291.3382263183594
2018-05-24,269.0233459472656,295.40338134765625
2018-05-25,264.4482727050781,294.6224060058594
2018-05-29,261.48065185546875,289.784912109375
2018-05-30,264.6461486816406,294.3028564453125
2018-05-31,260.91326904296875,290.4683837890625
2018-06-01,262.6470642089844,293.9783935546875
2018-06-04,263.9244384765625,296.4906005859375
2018-06-05,265.45904541015625,293.2656555175781
2018-06-06,265.3677978515625,298.6376037597656
2018-06-07,267.0600280761719,301.1766357421875
2018-06-08,267.358642578125,301.675537109375
2018-06-11,264.86181640625,297.8715515136719
2018-06-12,261.4276123046875,293.40826416015625
2018-06-13,260.7557373046875,292.04522705078125
2018-06-14,257.6367492675781,287.35919189453125
2018-06-15,257.2635192871094,286.43267822265625
2018-06-18,256.7491760253906,287.2345886230469
2018-06-19,250.94264221191406,279.5908508300781
2018-06-20,251.22463989257812,278.0228576660156
2018-06-21,249.16746520996094,279.243408203125
2018-06-22,248.33795166015625,278.0050964355469
2018-06-25,247.83200073242188,279.48382568359375
2018-06-26,248.089111328125,275.5820007324219
2018-06-27,244.52223205566406,273.1319580078125
2018-06-28,244.9037628173828,274.1387023925781
2018-06-29,245.06143188476562,274.1209411621094
2018-07-02,248.12232971191406,275.1631774902344
2018-07-03,248.40435791015625,275.136474609375
2018-07-05,248.180419921875,274.6109313964844
2018-07-06,248.180419921875,273.81793212890625
2018-07-09,254.22752380371094,279.4661560058594
2018-07-10,256.17681884765625,280.731201171875
2018-07-11,254.31045532226562,277.74676513671875
2018-07-12,259.89306640625,286.9761657714844
2018-07-13,264.09039306640625,286.6197814941406
2018-07-16,264.65435791015625,285.37261962890625
2018-07-17,263.3686828613281,286.1476745605469
2018-07-18,265.2516784667969,288.38372802734375
2018-07-19,265.1106262207031,288.7846374511719
2018-07-20,267.5576477050781,288.5797424316406
2018-07-23,264.0570983886719,282.1120300292969
2018-07-24,267.5743103027344,281.6666564941406
2018-07-25,269.05914306640625,263.2522888183594
2018-07-26,267.8812255859375,263.0830383300781
2018-07-27,268.83514404296875,268.73114013671875
2018-07-30,265.5336608886719,262.6553955078125
2018-07-31,270.5024108886719,267.69769287109375
2018-08-01,269.5319519042969,268.0629577636719
2018-08-02,267.1180114746094,266.0941467285156
2018-08-03,265.8986511230469,264.8112487792969
2018-08-06,262.8875427246094,263.18994140625
2018-08-07,263.2940368652344,263.0384521484375
2018-08-08,261.55206298828125,262.76239013671875
2018-08-09,261.88385009765625,259.6264343261719
2018-08-10,259.7353820800781,259.5284729003906
2018-08-13,260.16680908203125,260.1520690917969
2018-08-14,264.2728271484375,261.7911376953125
2018-08-15,263.53460693359375,259.69769287109375
2018-08-16,270.3033142089844,260.1252746582031
2018-08-17,269.7808532714844,262.2633972167969
2018-08-20,268.9429626464844,265.0339660644531
2018-08-21,269.083984375,265.63983154296875
2018-08-22,267.0350646972656,264.8023986816406
2018-08-23,265.4507751464844,265.1053161621094
2018-08-24,266.51251220703125,266.59014892578125
2018-08-27,269.0425109863281,268.4595642089844
2018-08-28,269.0425109863281,268.7100524902344
2018-08-29,269.02587890625,265.75823974609375
2018-08-30,266.97698974609375,267.17156982421875
2018-08-31,267.4444885253906,266.99267578125
2018-09-04,268.69647216796875,266.2413024902344
2018-09-05,268.2123718261719,265.4362487792969
2018-09-06,274.53936767578125,269.8548889160156
2018-09-07,274.2221984863281,268.8084411621094
2018-09-10,269.56463623046875,271.8675537109375
2018-09-11,268.96356201171875,270.9998474121094
2018-09-12,271.5094299316406,271.5008544921875
2018-09-13,276.517578125,271.3934631347656
2018-09-14,280.29034423828125,274.90875244140625
2018-09-17,283.2452392578125,278.20050048828125
2018-09-18,286.4837951660156,284.1129455566406
2018-09-19,283.2118225097656,279.3095703125
2018-09-20,278.06170654296875,269.6044921875
2018-09-21,281.8428955078125,274.327392578125
2018-09-24,281.77606201171875,273.8085632324219
2018-09-25,286.75091552734375,281.2327575683594
2018-09-26,286.20001220703125,281.38482666015625
2018-09-27,288.84600830078125,283.34368896484375
2018-09-28,288.7708740234375,283.8804016113281
2018-10-01,290.4151916503906,284.89117431640625
2018-10-02,291.3667297363281,285.1326599121094
2018-10-03,290.00628662109375,284.1129455566406
2018-10-04,291.6922912597656,284.52435302734375
2018-10-05,289.81427001953125,286.5369567871094
2018-10-08,292.08453369140625,285.33843994140625
2018-10-09,289.897705078125,281.0449523925781
2018-10-10,281.0833435058594,276.43829345703125
2018-10-11,272.3274230957031,266.2144470214844
2018-10-12,273.4626770019531,270.4632568359375
2018-10-15,276.48419189453125,273.3523864746094
2018-10-16,281.4004821777344,279.1575927734375
2018-10-17,278.28717041015625,276.8409118652344
2018-10-18,273.7797546386719,275.6780090332031
2018-10-19,273.89666748046875,275.2040100097656
2018-10-22,272.761474609375,274.3809814453125
2018-10-23,268.22906494140625,272.02850341796875
2018-10-24,259.698486328125,255.69540405273438
2018-10-25,255.75863647460938,241.49110412597656
2018-10-26,254.62351989746094,241.36582946777344
2018-10-29,239.28184509277344,229.254638671875
2018-10-30,242.95455932617188,233.54811096191406
2018-10-31,245.27500915527344,234.3084716796875
2018-11-01,249.92422485351562,244.32656860351562
2018-11-02,249.80731201171875,244.907958984375
2018-11-05,253.08773803710938,249.95285034179688
2018-11-06,255.88392639160156,252.9046173095703
2018-11-07,258.6050720214844,255.74014282226562
2018-11-08,257.5533142089844,254.05853271484375
2018-11-09,261.3594970703125,255.57916259765625
2018-11-12,254.6820068359375,248.26222229003906
2018-11-13,255.19947814941406,244.76483154296875
2018-11-14,253.23789978027344,242.15298461914062
2018-11-15,254.9824676513672,243.61102294921875
2018-11-16,251.44332885742188,243.87042236328125
2018-11-19,245.89266967773438,240.84706115722656
2018-11-20,245.2832489013672,238.6555633544922
2018-11-21,245.64219665527344,239.46063232421875
2018-11-23,246.55206298828125,238.4587860107422
2018-11-26,246.4685516357422,237.8415985107422
2018-11-27,246.47689819335938,232.8683624267578
2018-11-28,250.35824584960938,235.37283325195312
2018-11-29,252.42832946777344,233.16346740722656
2018-11-30,252.6048126220703,233.53192138671875
2018-12-03,249.5443115234375,234.96072387695312
2018-12-04,241.08563232421875,224.50982666015625
2018-12-06,240.7662353515625,230.9529266357422
2018-12-07,239.96746826171875,231.4291534423828
2018-12-10,250.89796447753906,242.83258056640625
2018-12-11,245.64292907714844,240.8286895751953
2018-12-12,245.9372100830078,242.7247314453125
2018-12-13,245.71022033691406,240.69387817382812
2018-12-14,241.90133666992188,236.07498168945312
2018-12-17,234.77967834472656,231.15957641601562
2018-12-18,234.9814453125,230.88999938964844
2018-12-19,230.3485870361328,227.66397094726562
2018-12-20,223.05870056152344,218.9204559326172
2018-12-21,215.71005249023438,211.39004516601562
2018-12-24,206.18370056152344,203.29356384277344
2018-12-26,211.5648651123047,209.05364990234375
2018-12-27,218.43431091308594,215.28111267089844
2018-12-28,219.67030334472656,217.68936157226562
2018-12-31,220.15797424316406,220.07066345214844
2019-01-02,222.5879364013672,221.3916778564453
2019-01-03,216.9965057373047,215.5955352783203
2019-01-04,222.84852600097656,222.76651000976562
2019-01-07,225.4046173095703,224.50082397460938
2019-01-08,226.90965270996094,225.5163116455078
2019-01-09,227.47299194335938,226.58560180664062
2019-01-10,233.32504272460938,231.5369873046875
2019-01-11,233.51846313476562,230.09022521972656
2019-01-14,233.33348083496094,233.60377502441406
2019-01-15,232.06385803222656,232.6872100830078
2019-01-16,229.02857971191406,229.81167602539062
2019-01-17,234.4181671142578,237.3061065673828
2019-01-18,237.8402557373047,240.60398864746094
2019-01-22,235.0823516845703,237.89019775390625
2019-01-23,238.37828063964844,242.83258056640625
2019-01-24,239.84140014648438,242.46421813964844
2019-01-25,241.3463897705078,245.17800903320312
2019-01-28,242.04428100585938,246.48992919921875
2019-01-29,245.55886840820312,251.72889709472656
2019-01-30,245.23931884765625,252.34890747070312
2019-01-31,243.57452392578125,247.6131591796875
2019-02-01,244.3228302001953,245.28575134277344
2019-02-04,251.2091064453125,250.4707489013672
2019-02-05,251.78927612304688,250.22816467285156
2019-02-06,252.1004180908203,251.98049926757812
2019-02-07,252.3525848388672,250.29112243652344
2019-02-08,253.50448608398438,252.16917419433594
2019-02-11,252.2769012451172,252.9330291748047
2019-02-12,255.69903564453125,255.27838134765625
2019-02-13,255.95973205566406,254.57745361328125
2019-02-14,253.08416748046875,252.15122985839844
2019-02-15,258.3223571777344,257.88433837890625
2019-02-19,256.59869384765625,258.21685791015625
2019-02-20,258.29718017578125,258.99859619140625
2019-02-21,256.035400390625,258.3516540527344
2019-02-22,258.2383728027344,260.52642822265625
2019-02-25,257.2629699707031,259.0284423828125
2019-02-26,257.18731689453125,258.5772399902344
2019-02-27,258.6166076660156,258.7757263183594
2019-02-28,262.029541015625,261.65435791015625
2019-03-01,262.080322265625,258.9833679199219
2019-03-04,258.0322570800781,255.46395874023438
2019-03-05,258.93853759765625,255.25648498535156
2019-03-06,256.8721008300781,253.0818328857422
2019-03-07,256.6095886230469,249.4541778564453
2019-03-08,254.86500549316406,249.0210418701172
2019-03-11,257.7867126464844,251.96278381347656
2019-03-12,255.68650817871094,248.30809020996094
2019-03-13,256.98223876953125,251.90866088867188
2019-03-14,252.79876708984375,247.92918395996094
2019-03-15,250.80003356933594,244.7346954345703
2019-03-18,252.06190490722656,248.0554962158203
2019-03-19,251.1811981201172,244.5542449951172
2019-03-20,250.65614318847656,244.0579833984375
2019-03-21,253.22207641601562,245.88075256347656
2019-03-22,248.9877166748047,242.16287231445312
2019-03-25,249.08090209960938,242.37950134277344
2019-03-26,249.7584228515625,239.89797973632812
2019-03-27,248.9370574951172,238.15634155273438
2019-03-28,250.33425903320312,240.93568420410156
2019-03-29,254.1959686279297,243.2819366455078
2019-04-01,257.6935729980469,247.35166931152344
2019-04-02,256.6857604980469,246.6477508544922
2019-04-03,251.7484893798828,240.7191162109375
2019-04-04,253.78103637695312,244.5542449951172
2019-04-05,256.24542236328125,249.32781982421875
2019-04-08,258.8537902832031,249.86929321289062
2019-04-09,256.330078125,246.77407836914062
2019-04-10,253.3152618408203,244.12106323242188
2019-04-11,258.79449462890625,250.31141662597656
2019-04-12,262.2751770019531,255.4189910888672
2019-04-15,261.436767578125,252.86521911621094
2019-04-16,262.5801086425781,254.11941528320312
2019-04-17,262.95257568359375,251.55674743652344
2019-04-18,266.1368713378906,253.71348571777344
2019-04-22,266.9836730957031,255.27452087402344
2019-04-23,282.0919189453125,264.045654296875
2019-04-24,279.5682067871094,252.6666717529297
2019-04-25,278.5096130371094,251.9357147216797
2019-04-26,278.0522766113281,255.4911346435547
2019-04-29,278.2724914550781,258.0810241699219
2019-04-30,282.2865905761719,261.6092224121094
2019-05-01,281.0332336425781,261.0677490234375
2019-05-02,281.6260986328125,261.62725830078125
2019-05-03,282.9132385253906,263.5314025878906
2019-05-06,284.3106384277344,262.89959716796875
2019-05-07,280.22869873046875,260.2286071777344
2019-05-08,283.0064697265625,262.1957702636719
2019-05-09,287.3932189941406,266.20245361328125
2019-05-10,289.07861328125,271.4361267089844
2019-05-13,284.01416015625,266.6354675292969
2019-05-14,284.6917724609375,266.7799377441406
2019-05-15,282.9811096191406,265.74212646484375
2019-05-16,287.4186706542969,274.9644775390625
2019-05-17,286.2330322265625,276.7511901855469
2019-05-20,289.6374206542969,283.8709716796875
2019-05-21,291.2803955078125,285.36895751953125
2019-05-22,289.0361633300781,285.72088623046875
2019-05-23,287.9945373535156,280.72161865234375
2019-05-24,286.902099609375,281.6060791015625
2019-05-28,286.1484069824219,278.140869140625
2019-05-29,287.3763427734375,276.13763427734375
2019-05-30,289.5950927734375,279.566650390625
2019-05-31,288.5552978515625,274.8179626464844
2019-06-03,293.6949157714844,278.16192626953125
2019-06-04,297.7691650390625,282.9922790527344
2019-06-05,300.6245422363281,287.0702819824219
2019-06-06,300.4711608886719,285.3031311035156
2019-06-07,302.7810363769531,288.44781494140625
2019-06-10,299.6868896484375,282.1222839355469
2019-06-11,293.24322509765625,272.5342102050781
2019-06-12,294.49615478515625,276.2679748535156
2019-06-13,297.53900146484375,278.7872619628906
2019-06-14,298.4424743652344,280.41851806640625
2019-06-17,297.20654296875,280.4547424316406
2019-06-18,301.323486328125,283.825927734375
2019-06-19,303.2071533203125,285.6385192871094
2019-06-20,309.2333068847656,293.4593200683594
2019-06-21,306.30126953125,291.95489501953125
2019-06-24,306.8297119140625,291.3387451171875
2019-06-25,307.3240966796875,291.0396423339844
2019-06-26,306.4205322265625,288.8193664550781
2019-06-27,306.071044921875,288.438720703125
2019-06-28,309.864013671875,292.8159484863281
2019-07-01,308.0997314453125,288.6743469238281
2019-07-02,313.29901123046875,293.341552734375
2019-07-03,315.6941833496094,294.7552185058594
2019-07-05,315.3020324707031,294.7098693847656
2019-07-08,314.67132568359375,293.6134033203125
2019-07-09,315.1400451660156,295.2627868652344
2019-07-10,313.8019104003906,293.67681884765625
2019-07-11,313.8616027832031,294.46527099609375
2019-07-12,314.90142822265625,298.63397216796875
2019-07-15,313.40130615234375,294.77337646484375
2019-07-16,311.40679931640625,293.4684143066406
2019-07-17,305.5425720214844,291.8099670410156
2019-07-18,303.6163024902344,291.0306091308594
2019-07-19,304.2555847167969,291.95489501953125
2019-07-22,304.82666015625,292.8974914550781
2019-07-23,304.9715270996094,293.6134033203125
2019-07-24,314.4326477050781,310.8138122558594
2019-07-25,315.6429748535156,321.46221923828125
2019-07-26,314.9100036621094,319.4684753417969
2019-07-29,315.0462951660156,322.1055603027344
2019-07-30,311.9523010253906,319.82196044921875
2019-07-31,308.69635009765625,313.17010498046875
2019-08-01,309.48046875,312.671630859375
2019-08-02,308.47467041015625,309.173583984375
2019-08-05,305.5084533691406,310.6687927246094
2019-08-06,312.6256103515625,321.0362243652344
2019-08-07,314.77349853515625,327.5340881347656
2019-08-08,321.48150634765625,334.3670349121094
2019-08-09,321.3452453613281,335.7989807128906
2019-08-12,321.336669921875,338.2186279296875
2019-08-13,321.5242004394531,335.9076232910156
2019-08-14,314.4667053222656,327.5340881347656
2019-08-15,318.31939697265625,330.9777526855469
2019-08-16,321.336669921875,333.41558837890625
2019-08-19,324.2943420410156,335.3820495605469
2019-08-20,325.3853759765625,334.4123229980469
2019-08-21,326.4508361816406,334.5302429199219
2019-08-22,328.9055480957031,337.14019775390625
2019-08-23,321.242919921875,327.60650634765625
2019-08-26,324.1665344238281,332.27362060546875
2019-08-27,323.8852844238281,330.0352783203125
2019-08-28,324.72052001953125,329.781494140625
2019-08-29,327.6696472167969,333.4336242675781
2019-08-30,329.2813415527344,333.3792419433594
2019-09-03,329.77850341796875,331.8930358886719
2019-09-04,333.5418701171875,337.1764221191406
2019-09-05,330.1728820800781,333.8868408203125
2019-09-06,331.38165283203125,334.487060546875
2019-09-09,325.93798828125,323.62762451171875
2019-09-10,326.8896789550781,322.9546203613281
2019-09-11,327.08660888671875,326.3742980957031
2019-09-12,331.4416198730469,332.1678771972656
2019-09-13,329.9242248535156,330.76727294921875
2019-09-16,336.6108093261719,337.8158264160156
2019-09-17,337.7424011230469,340.5807189941406
2019-09-18,340.3656921386719,343.26373291015625
2019-09-19,337.2709655761719,341.5902099609375
2019-09-20,332.83038330078125,334.85986328125
2019-09-23,332.3330993652344,335.7239990234375
2019-09-24,333.6190185546875,336.0696105957031
2019-09-25,334.69921875,341.0718994140625
2019-09-26,336.833740234375,347.5656433105469
2019-09-27,332.504638671875,337.58843994140625
2019-09-30,334.38201904296875,340.87176513671875
2019-10-01,329.349853515625,334.50518798828125
2019-10-02,324.18060302734375,329.6940612792969
2019-10-03,325.809326171875,331.3583679199219
2019-10-04,330.0013427734375,335.5874938964844
2019-10-07,328.99847412109375,334.6234130859375
2019-10-08,327.5753479003906,335.096435546875
2019-10-09,329.7099609375,334.3597412109375
2019-10-10,331.65594482421875,335.37835693359375
2019-10-11,327.0181579589844,329.4393005371094
2019-10-14,327.99542236328125,333.2592468261719
2019-10-15,328.1155090332031,329.1846923828125
2019-10-16,328.1925354003906,331.6857604980469
2019-10-17,323.2376403808594,324.0277099609375
2019-10-18,319.3114013671875,317.9797058105469
2019-10-21,320.6572570800781,318.679931640625
2019-10-22,320.3400573730469,320.4898376464844
2019-10-23,319.8343200683594,321.2357482910156
2019-10-24,321.24884033203125,324.6098327636719
2019-10-25,317.81121826171875,313.7777099609375
2019-10-28,318.7627258300781,315.16937255859375
2019-10-29,318.1283874511719,315.7513427734375
2019-10-30,324.5920715332031,322.0360107421875
2019-10-31,322.91192626953125,320.5808410644531
2019-11-01,325.0465393066406,320.26251220703125
2019-11-04,321.0259704589844,309.839599609375
2019-11-05,320.2972717285156,307.2747802734375
2019-11-06,325.57794189453125,312.8864440917969
2019-11-07,324.6863708496094,312.3498840332031
2019-11-08,327.35247802734375,318.42523193359375
2019-11-11,326.9409484863281,318.3252258300781
2019-11-12,331.15869140625,319.86224365234375
2019-11-13,332.35028076171875,321.70855712890625
2019-11-14,334.46771240234375,323.50030517578125
2019-11-15,337.37384033203125,324.3824768066406
2019-11-18,336.6966552734375,324.41888427734375
2019-11-19,335.0249328613281,321.54486083984375
2019-11-20,336.64520263671875,321.05377197265625
2019-11-21,334.553466796875,316.70635986328125
2019-11-22,334.9649353027344,317.561279296875
2019-11-25,334.3134460449219,318.0979309082031
2019-11-26,336.4736633300781,321.82684326171875
2019-11-27,337.96533203125,320.9445495605469
2019-11-29,337.2667236328125,321.1363525390625
2019-12-02,330.8754577636719,311.9706115722656
2019-12-03,329.1505126953125,313.2668762207031
2019-12-04,331.7034912109375,313.32171630859375
2019-12-05,332.8765869140625,314.417236328125
2019-12-06,333.6700439453125,314.73675537109375
2019-12-09,330.6340637207031,313.1756896972656
2019-12-10,331.5827941894531,314.4811706542969
2019-12-11,333.13525390625,318.3427429199219
2019-12-12,331.2463684082031,315.7774353027344
2019-12-13,333.3336486816406,314.6363220214844
2019-12-16,332.8851623535156,314.6729431152344
2019-12-17,333.69598388671875,315.7226867675781
2019-12-18,328.2449035644531,309.2044982910156
2019-12-19,330.4700927734375,312.4088439941406
2019-12-20,333.3336486816406,315.78662109375
2019-12-23,338.0170593261719,317.80413818359375
2019-12-24,336.52496337890625,316.8546142578125
2019-12-26,338.3620300292969,317.6581115722656
2019-12-27,339.48333740234375,316.2705078125
2019-12-30,338.0170593261719,318.6714172363281
2019-12-31,335.843505859375,314.01556396484375
2020-01-02,344.4600830078125,324.7240905761719
2020-01-03,356.8542785644531,342.3525085449219
2020-01-06,356.31085205078125,343.10101318359375
2020-01-07,357.5097961425781,342.31591796875
2020-01-08,354.5168762207031,338.04351806640625
2020-01-09,357.8806457519531,339.9331970214844
2020-01-10,356.931884765625,341.7864685058594
2020-01-13,361.40826416015625,344.0139465332031
2020-01-14,358.9241943359375,342.0420837402344
2020-01-15,363.07293701171875,347.145263671875
2020-01-16,367.1699523925781,350.3586730957031
2020-01-17,367.1353454589844,346.8805236816406
2020-01-21,367.5579833984375,345.20074462890625
2020-01-22,366.06585693359375,342.635498046875
2020-01-23,369.8263854980469,348.27728271484375
2020-01-24,373.0349426269531,348.4051208496094
2020-01-27,372.93145751953125,346.05889892578125
2020-01-28,377.06280517578125,348.58770751953125
2020-01-29,374.1907043457031,349.32708740234375
2020-01-30,375.96746826171875,351.3537292480469
2020-01-31,369.2571105957031,341.9507751464844
2020-02-03,365.5828857421875,332.072998046875
2020-02-04,371.5513610839844,330.3019104003906
2020-02-05,375.3550720214844,335.77032470703125
2020-02-06,378.6153869628906,332.072998046875
2020-02-07,378.7878112792969,329.94598388671875
2020-02-10,379.2967834472656,331.6530456542969
2020-02-11,379.3742980957031,335.9894714355469
2020-02-12,376.57122802734375,335.7064208984375
2020-02-13,374.9324645996094,335.95294189453125
2020-02-14,377.64935302734375,338.63690185546875
2020-02-18,375.6656188964844,339.988037109375
2020-02-19,374.7426452636719,334.2640380859375
2020-02-20,367.4026794433594,331.61651611328125
2020-02-21,368.9811096191406,334.4386291503906
2020-02-24,361.69293212890625,329.289306640625
2020-02-25,345.3138427734375,311.4958190917969
2020-02-26,345.7796325683594,306.31903076171875
2020-02-27,331.7207946777344,303.7994384765625
2020-02-28,321.019287109375,301.29803466796875
2020-03-02,330.9830627441406,307.84918212890625
2020-03-03,327.55474853515625,301.79278564453125
2020-03-04,348.9317932128906,317.9095153808594
2020-03-05,333.8905944824219,300.3268127441406
2020-03-06,331.955078125,301.407958984375
2020-03-09,305.5354919433594,287.0412292480469
2020-03-10,318.6758728027344,306.8413391113281
2020-03-11,309.7882995605469,291.228515625
2020-03-12,270.2543640136719,266.1691589355469
2020-03-13,285.1913757324219,288.1589660644531
2020-03-16,249.91024780273438,258.921630859375
2020-03-17,276.7204284667969,292.58447265625
2020-03-18,289.3747863769531,295.9471435546875
2020-03-19,272.701904296875,272.0423278808594
2020-03-20,252.75704956054688,260.23187255859375
2020-03-23,240.2415313720703,247.2578582763672
2020-03-24,250.75209045410156,257.7213439941406
2020-03-25,277.4494934082031,264.2083740234375
2020-03-26,304.05999755859375,294.2887268066406
2020-03-27,302.3675231933594,286.0058898925781
2020-03-30,302.7755432128906,287.4443664550781
2020-03-31,294.18304443359375,277.2099914550781
2020-04-01,293.8097839355469,281.27801513671875
2020-04-02,307.2105407714844,287.9667053222656
2020-04-03,304.2076110839844,287.3436279296875
2020-04-06,319.35284423828125,304.4957580566406
2020-04-07,308.3563232421875,298.2560729980469
2020-04-08,313.6766662597656,302.0584716796875
2020-04-09,322.0,308.45391845703125
2020-04-13,321.0799560546875,310.4696350097656
2020-04-14,329.83734130859375,319.57708740234375
2020-04-15,324.9336242675781,315.45404052734375
2020-04-16,327.9713439941406,317.2406311035156
2020-04-17,348.4803771972656,326.4580993652344
2020-04-20,332.5972595214844,315.1058044433594
2020-04-21,324.1177062988281,305.7326354980469
2020-04-22,330.1584777832031,313.3650207519531
2020-04-23,326.9732360839844,307.70257568359375
2020-04-24,331.3475646972656,310.89105224609375
2020-04-27,328.5701904296875,315.9304504394531
2020-04-28,333.9166564941406,315.67388916015625
2020-04-29,336.6766052246094,304.03759765625
2020-04-30,337.6747741699219,302.9747314453125
2020-05-01,332.82305908203125,300.5833435058594
2020-05-04,329.9502258300781,295.5439758300781
2020-05-05,338.7509460449219,301.2063903808594
2020-05-06,328.57879638671875,295.97467041015625
2020-05-07,326.8083190917969,296.9917297363281
2020-05-08,328.422607421875,300.2076110839844
2020-05-11,326.8256530761719,300.0428161621094
2020-05-12,322.0955505371094,298.2469177246094
2020-05-13,316.08074951171875,293.61981201171875
2020-05-14,309.22412109375,285.8042907714844
2020-05-15,312.79998779296875,294.6919250488281
2020-05-18,327.6762390136719,303.4328918457031
2020-05-19,322.4166564941406,299.6396484375
2020-05-20,314.63128662109375,293.56488037109375
2020-05-21,320.10791015625,300.6291809082031
2020-05-22,320.2641296386719,298.61346435546875
2020-05-26,323.0415344238281,297.0374450683594
2020-05-27,344.670166015625,314.253662109375
2020-05-28,345.8158264160156,314.02459716796875
2020-05-29,339.1796569824219,308.4302673339844
2020-06-01,339.6337585449219,304.2619934082031
2020-06-02,340.34100341796875,300.9403076171875
2020-06-03,351.5701599121094,309.1295166015625
2020-06-04,352.4783020019531,308.9270324707031
2020-06-05,358.6603698730469,314.7791748046875
2020-06-08,361.76019287109375,320.9349670410156
2020-06-09,356.7481384277344,315.17486572265625
2020-06-10,352.56549072265625,313.9970397949219
2020-06-11,335.19793701171875,295.3551025390625
2020-06-12,333.4428405761719,292.3094177246094
2020-06-15,325.94207763671875,288.5736999511719
2020-06-16,334.22869873046875,298.8055725097656
2020-06-17,333.6523742675781,296.55126953125
2020-06-18,330.4041748046875,292.4474792480469
2020-06-19,324.9991455078125,287.6903381347656
2020-06-22,328.2822265625,290.35870361328125
2020-06-23,324.5625305175781,282.57427978515625
2020-06-24,314.1891784667969,277.7988586425781
2020-06-25,316.8087463378906,277.651611328125
2020-06-26,311.5171813964844,277.7528381347656
2020-06-29,320.8951721191406,284.3409729003906
2020-06-30,318.6423034667969,282.8871765136719
2020-07-01,314.71307373046875,283.5313720703125
2020-07-02,316.0926818847656,285.2151794433594
2020-07-06,316.60784912109375,287.4510803222656
2020-07-07,308.4696960449219,280.15435791015625
2020-07-08,305.8152770996094,277.0534973144531
2020-07-09,296.8476867675781,263.1134948730469
2020-07-10,304.9595642089844,268.6803283691406
2020-07-13,308.2864074707031,269.0023498535156
2020-07-14,310.55670166015625,271.9468078613281
2020-07-15,318.3280334472656,276.7407531738281
2020-07-16,319.4805908203125,279.3998718261719
2020-07-17,321.7683410644531,282.3351135253906
2020-07-20,319.1750183105469,277.412353515625
2020-07-21,327.548828125,283.5773010253906
2020-07-22,344.1044006347656,290.7635803222656
2020-07-23,338.4636535644531,288.0583190917969
2020-07-24,337.23248291015625,287.71795654296875
2020-07-27,333.6349792480469,283.4208679199219
2020-07-28,337.62548828125,287.883544921875
2020-07-29,338.1842041015625,290.08270263671875
2020-07-30,333.3118591308594,299.9742431640625
2020-07-31,330.91064453125,299.0539855957031
2020-08-03,329.27777099609375,297.7474670410156
2020-08-04,330.05487060546875,299.0539855957031
2020-08-05,334.8661193847656,303.378662109375
2020-08-06,331.5830078125,300.2777404785156
2020-08-07,336.71722412109375,302.9737243652344
2020-08-10,339.8956298828125,308.91790771484375
2020-08-11,342.2532653808594,314.54913330078125
2020-08-12,342.67236328125,312.2947998046875
2020-08-13,339.878173828125,311.5771179199219
2020-08-14,341.78179931640625,314.74237060546875
2020-08-17,339.6337585449219,312.6261291503906
2020-08-18,340.76885986328125,310.6385192871094
2020-08-19,340.5854797363281,310.923828125
2020-08-20,338.6906433105469,309.7828369140625
2020-08-21,340.166259765625,310.87774658203125
2020-08-24,344.9427185058594,316.91387939453125
2020-08-25,344.7679748535156,315.6072998046875
2020-08-26,345.2919006347656,314.1443176269531
2020-08-27,344.92523193359375,321.1189270019531
2020-08-28,345.4228820800781,318.5410461425781
2020-08-31,342.848876953125,316.563720703125
2020-09-01,339.8179931640625,314.50323486328125
2020-09-02,349.7100524902344,321.8765563964844
2020-09-03,339.36114501953125,316.2126159667969
2020-09-04,338.2454833984375,313.2558898925781
2020-09-08,334.0373840332031,309.125732421875
2020-09-09,338.43865966796875,313.6070251464844
2020-09-10,333.053466796875,304.9308166503906
2020-09-11,342.1373291015625,313.1173095703125
2020-09-14,345.91485595703125,312.7200012207031
2020-09-15,344.8606872558594,312.3226318359375
2020-09-16,347.5225830078125,317.3583679199219
2020-09-17,347.8388366699219,317.7002258300781
2020-09-18,347.1360168457031,315.5381164550781
2020-09-21,333.49261474609375,301.1148681640625
2020-09-22,341.2324523925781,307.4994812011719
2020-09-23,336.681640625,303.1198425292969
2020-09-24,332.7459716796875,300.0337829589844
2020-09-25,339.72137451171875,303.0644226074219
2020-09-28,343.0685119628906,304.4688415527344
2020-09-29,341.513427734375,300.5511779785156
2020-09-30,336.7168273925781,291.5054931640625
2020-10-01,334.6171569824219,288.10528564453125
2020-10-02,334.34490966796875,290.08258056640625
2020-10-05,337.3142395019531,288.4471130371094
2020-10-06,330.72540283203125,285.4811706542969
2020-10-07,336.4181213378906,290.027099609375
2020-10-08,341.3817138671875,295.3769226074219
2020-10-09,339.044921875,291.31146240234375
2020-10-12,341.67169189453125,292.5218200683594
2020-10-13,341.697998046875,288.8351745605469
2020-10-14,343.2530212402344,290.9510498046875
2020-10-15,339.2117919921875,290.88641357421875
2020-10-16,339.5456848144531,292.1985168457031
2020-10-19,337.0946044921875,287.6617431640625
2020-10-20,326.9916687011719,285.5550231933594
2020-10-21,322.53759765625,284.9267578125
2020-10-22,324.136474609375,279.9557189941406
2020-10-23,328.8540954589844,284.9821472167969
2020-10-26,323.7763671875,286.28497314453125
2020-10-27,318.3997497558594,279.15191650390625
2020-10-28,308.23541259765625,271.3350830078125
2020-10-29,309.62347412109375,270.16162109375
2020-10-30,307.5940856933594,267.7869873046875
2020-11-02,309.6059265136719,274.07928466796875
2020-11-03,319.28717041015625,281.6466064453125
2020-11-04,326.9477844238281,291.6441345214844
2020-11-05,320.3940734863281,284.030517578125
2020-11-06,317.3807067871094,278.44964599609375
2020-11-09,319.7351379394531,278.3757629394531
2020-11-10,326.1746520996094,290.60003662109375
2020-11-11,324.4176330566406,286.3958740234375
2020-11-12,323.1965026855469,282.9494934082031
2020-11-13,329.5657043457031,288.0128173828125
2020-11-16,331.3139953613281,288.9553527832031
2020-11-17,330.2333984375,288.8629150390625
2020-11-18,331.6917419433594,286.98724365234375
2020-11-19,330.72540283203125,285.9523620605469
2020-11-20,323.3106994628906,283.1250305175781
2020-11-23,325.7969055175781,283.1896667480469
2020-11-24,332.4999694824219,286.4143371582031
2020-11-25,332.37701416015625,288.5210266113281
2020-11-27,328.8628845214844,284.08380126953125
2020-11-30,322.90032958984375,280.58416748046875
2020-12-01,322.89141845703125,279.5073547363281
2020-12-02,319.68011474609375,277.3443908691406
2020-12-03,320.2728271484375,281.6702575683594
2020-12-04,324.3245544433594,285.1977844238281
2020-12-07,320.361328125,279.41455078125
2020-12-08,317.79583740234375,280.3056335449219
2020-12-09,319.6712646484375,281.9487609863281
2020-12-10,314.3988037109375,277.02880859375
2020-12-11,319.9897155761719,279.015380859375
2020-12-14,316.40692138671875,276.629638671875
2020-12-15,316.3273620605469,277.1031188964844
2020-12-16,313.6733703613281,280.3521423339844
2020-12-17,311.9305725097656,279.1174621582031
2020-12-18,314.96490478515625,281.3917541503906
2020-12-21,309.055419921875,276.2676696777344
2020-12-22,307.7903747558594,275.0700988769531
2020-12-23,311.0458984375,279.09893798828125
2020-12-24,311.3731689453125,278.1149597167969
2020-12-28,313.32830810546875,281.2896728515625
2020-12-29,313.0806579589844,279.40521240234375
2020-12-30,313.3106384277344,280.90899658203125
2020-12-31,314.0360107421875,282.86773681640625
2021-01-04,304.8887023925781,273.6220397949219
2021-01-05,308.5600280761719,275.32080078125
2021-01-06,307.8876647949219,277.68798828125
2021-01-07,303.039794921875,271.5982971191406
2021-01-08,297.3337097167969,267.653076171875
2021-01-11,298.7314453125,273.60345458984375
2021-01-12,302.4204406738281,276.2026672363281
2021-01-13,305.6406555175781,277.9849853515625
2021-01-14,307.3656921386719,281.2896728515625
2021-01-15,307.21527099609375,279.1824951171875
2021-01-19,302.11083984375,276.648193359375
2021-01-20,302.2612609863281,277.3537292480469
2021-01-21,300.4919128417969,275.58062744140625
2021-01-22,300.67767333984375,276.7782287597656
2021-01-25,303.8890686035156,277.88287353515625
2021-01-26,292.54766845703125,272.0903625488281
2021-01-27,294.1578369140625,271.2827453613281
2021-01-28,290.1060485839844,272.0160827636719
2021-01-29,284.7007751464844,266.0564880371094
2021-02-01,286.6558837890625,271.34771728515625
2021-02-02,294.3258056640625,278.48614501953125
2021-02-03,294.0516052246094,279.1731262207031
2021-02-04,298.3333740234375,280.20361328125
2021-02-05,298.1653137207031,277.36309814453125
2021-02-08,298.8729248046875,278.6069641113281
2021-02-09,302.85394287109375,281.99517822265625
2021-02-10,302.7212219238281,281.8559875488281
2021-02-11,300.0230407714844,278.142822265625
2021-02-12,298.77569580078125,276.0355529785156
2021-02-16,296.3870849609375,270.0202941894531
2021-02-17,298.1298828125,275.8685302734375
2021-02-18,298.9437561035156,276.4996643066406
2021-02-19,296.7321472167969,275.9241027832031
2021-02-22,301.19964599609375,276.573974609375
2021-02-23,306.2952575683594,277.2608642578125
2021-02-24,306.56060791015625,280.0921630859375
2021-02-25,302.2789611816406,280.24072265625
2021-02-26,294.39862060546875,272.05096435546875
2021-03-01,297.26904296875,273.72998046875
2021-03-02,301.8332214355469,278.6923522949219
2021-03-03,303.9013671875,278.99078369140625
2021-03-04,301.5301208496094,277.5076904296875
2021-03-05,303.47344970703125,280.6790466308594
2021-03-08,304.3827209472656,285.07244873046875
2021-03-09,300.861572265625,278.24456787109375
2021-03-10,303.83892822265625,279.8302307128906
2021-03-11,302.8494567871094,279.2799377441406
2021-03-12,303.259521484375,281.49993896484375
2021-03-15,308.80426025390625,285.1843566894531
2021-03-16,309.4461364746094,285.27764892578125
2021-03-17,312.9138488769531,289.68963623046875
2021-03-18,319.5372314453125,293.76580810546875
2021-03-19,316.524169921875,287.8986511230469
2021-03-22,318.8330078125,293.0848693847656
2021-03-23,315.22265625,293.01959228515625
2021-03-24,317.46014404296875,294.7825927734375
2021-03-25,322.0065002441406,299.59564208984375
2021-03-26,325.11767578125,297.571533203125
2021-03-29,332.32049560546875,301.4238586425781
2021-03-30,330.31475830078125,300.9854431152344
2021-03-31,329.38763427734375,301.88092041015625
2021-04-01,330.7426452636719,300.57501220703125
2021-04-05,337.63348388671875,308.4195861816406
2021-04-06,337.8296203613281,308.89544677734375
2021-04-07,338.917236328125,311.5164489746094
2021-04-08,344.1142883300781,313.52178955078125
2021-04-09,344.3014831542969,317.0943908691406
2021-04-12,345.74560546875,317.78460693359375
2021-04-13,345.0859680175781,315.84442138671875
2021-04-14,346.4765930175781,318.838623046875
2021-04-15,348.223876953125,321.42242431640625
2021-04-16,349.2757568359375,323.138671875
2021-04-19,349.20440673828125,321.4690246582031
2021-04-20,345.2820739746094,321.9354248046875
2021-04-21,345.2018737792969,322.28985595703125
2021-04-22,338.8280029296875,320.3404235839844
2021-04-23,336.33197021484375,319.0438537597656
2021-04-26,331.5984191894531,315.0888977050781
2021-04-27,332.7038269042969,317.0197448730469
2021-04-28,332.4542236328125,315.62060546875
2021-04-29,339.0597839355469,328.5394592285156
2021-04-30,339.24700927734375,330.6101379394531
2021-05-03,343.4813537597656,336.7290954589844
2021-05-04,345.41583251953125,343.3703918457031
2021-05-05,344.4263000488281,347.9129943847656
2021-05-06,345.291015625,345.170654296875
2021-05-07,347.96533203125,345.7116394042969
2021-05-10,350.4613342285156,348.6685485839844
2021-05-11,345.7189025878906,343.538330078125
2021-05-12,339.300537109375,338.73455810546875
2021-05-13,345.6743469238281,345.179931640625
2021-05-14,348.3575134277344,346.625732421875
2021-05-17,348.66064453125,347.801025390625
2021-05-18,345.1839904785156,343.8367919921875
2021-05-19,343.6863708496094,345.9635009765625
2021-05-20,346.16461181640625,346.95220947265625
2021-05-21,345.1839904785156,345.5531005859375
2021-05-24,345.620849609375,347.1574401855469
2021-05-25,343.9627380371094,345.1146240234375
2021-05-26,342.4295349121094,342.0646057128906
2021-05-27,345.3355407714844,345.5531005859375
2021-05-28,343.01116943359375,342.7240905761719
2021-06-01,342.7598571777344,342.4899597167969
2021-06-02,345.6048278808594,343.9793701171875
2021-06-03,347.63311767578125,343.3236389160156
2021-06-04,353.6909484863281,353.6278076171875
2021-06-07,351.3665466308594,348.3165283203125
2021-06-08,348.6920166015625,347.6326599121094
2021-06-09,347.1394958496094,349.02838134765625
2021-06-10,347.9651794433594,348.944091796875
2021-06-11,347.9651794433594,351.33270263671875
2021-06-14,349.2126159667969,348.68182373046875
2021-06-15,349.8319091796875,351.2765197753906
2021-06-16,344.2675476074219,348.6630859375
2021-06-17,343.63934326171875,345.37506103515625
2021-06-18,340.30975341796875,343.9606628417969
2021-06-21,343.2803649902344,349.6747741699219
2021-06-22,343.26251220703125,349.0003356933594
2021-06-23,338.6404724121094,346.8551025390625
2021-06-24,338.9994812011719,346.2931213378906
2021-06-25,342.840576171875,349.6934509277344
2021-06-28,341.09954833984375,346.78961181640625
2021-06-29,335.1313781738281,337.51593017578125
2021-06-30,339.555908203125,340.4385070800781
2021-07-01,341.2341613769531,344.3634338378906
2021-07-02,342.3739013671875,345.8434753417969
2021-07-06,339.84307861328125,344.3915100097656
2021-07-07,344.1597900390625,347.7731628417969
2021-07-08,340.9649353027344,346.53668212890625
2021-07-09,343.82781982421875,348.29779052734375
2021-07-12,340.2020263671875,346.9019775390625
2021-07-13,339.0981750488281,344.14794921875
2021-07-14,338.1827697753906,340.91619873046875
2021-07-15,339.4661560058594,341.0848083496094
2021-07-16,338.469970703125,339.8576354980469
2021-07-19,333.8749694824219,332.54180908203125
2021-07-20,341.01873779296875,337.1973876953125
2021-07-21,341.8354797363281,338.5931396484375
2021-07-22,340.9739074707031,336.5323181152344
2021-07-23,341.727783203125,338.45257568359375
2021-07-26,330.31201171875,335.5956115722656
2021-07-27,336.3070983886719,339.28631591796875
2021-07-28,334.58392333984375,337.3285217285156
2021-07-29,334.3954772949219,342.5274658203125
2021-07-30,333.56085205078125,340.0544128417969
2021-08-02,330.536376953125,338.9490966796875
2021-08-03,331.5684814453125,341.3846130371094
2021-08-04,324.5592346191406,334.64947509765625
2021-08-05,323.7873840332031,336.0264587402344
2021-08-06,324.92718505859375,339.2019958496094
2021-08-09,324.0207824707031,338.15283203125
2021-08-10,325.0977478027344,339.7359924316406
2021-08-11,326.049072265625,342.9395446777344
2021-08-12,322.863037109375,340.84136962890625
2021-08-13,321.2745361328125,340.1387023925781
2021-08-16,323.311767578125,345.3001708984375
2021-08-17,324.52337646484375,345.3095397949219
2021-08-18,320.0360107421875,340.1855773925781
2021-08-19,317.7294921875,338.24652099609375
2021-08-20,320.5475769042969,340.0356750488281
2021-08-23,320.7091979980469,339.9607849121094
2021-08-24,322.1899719238281,339.8201904296875
2021-08-25,321.9656066894531,339.7171936035156
2021-08-26,324.5412292480469,343.55780029296875
2021-08-27,324.8733825683594,343.2285461425781
2021-08-30,324.92718505859375,345.8438720703125
2021-08-31,325.2435302734375,345.9191589355469
2021-09-01,322.4051513671875,343.3603210449219
2021-09-02,323.66168212890625,346.483642578125
2021-09-03,321.8086242675781,344.2539978027344
2021-09-07,315.66168212890625,337.6216125488281
2021-09-08,317.70458984375,339.0516357421875
2021-09-09,315.4176330566406,335.64605712890625
2021-09-10,312.6605529785156,333.124755859375
2021-09-13,313.0491943359375,332.7484130859375
2021-09-14,311.2684631347656,330.8951721191406
2021-09-15,311.9283447265625,334.66766357421875
2021-09-16,308.7012023925781,328.9477844238281
2021-09-17,308.23114013671875,329.4933776855469
2021-09-20,305.95318603515625,328.1481018066406
2021-09-21,303.7745666503906,324.6955261230469
2021-09-22,308.9091796875,327.875244140625
2021-09-23,311.14190673828125,330.123779296875
2021-09-24,315.9508972167969,334.6300354003906
2021-09-27,319.4220886230469,336.0505676269531
2021-09-28,318.3283386230469,337.075927734375
2021-09-29,316.64697265625,341.4787292480469
2021-09-30,311.9554138183594,338.81634521484375
2021-10-01,314.3961181640625,339.540771484375
2021-10-04,312.75994873046875,344.0093688964844
2021-10-05,314.3509216308594,347.9700012207031
2021-10-06,316.37579345703125,354.9693603515625
2021-10-07,317.993896484375,360.0306701660156
2021-10-08,319.77471923828125,366.63482666015625
2021-10-11,322.7848815917969,369.8709716796875
2021-10-12,323.7250061035156,366.964111328125
2021-10-13,327.01531982421875,365.6751403808594
2021-10-14,327.29559326171875,366.84173583984375
2021-10-15,330.5046691894531,371.940673828125
2021-10-18,329.94415283203125,370.5578308105469
2021-10-19,335.4312438964844,375.64727783203125
2021-10-20,335.4854431152344,377.1336975097656
2021-10-21,337.30242919921875,378.91180419921875
2021-10-22,338.6221923828125,382.14794921875
2021-10-25,340.18603515625,382.5337219238281
2021-10-26,300.0323181152344,373.0790710449219
2021-10-27,299.1553955078125,365.15777587890625
2021-10-28,299.5622863769531,337.3958435058594
2021-10-29,300.40289306640625,336.0599060058594
2021-11-01,299.14630126953125,333.830322265625
2021-11-02,294.97003173828125,332.278076171875
2021-11-03,299.5260925292969,333.13409423828125
2021-11-04,303.27752685546875,335.5331115722656
2021-11-05,307.245849609375,342.7864074707031
2021-11-08,308.9543762207031,341.7515869140625
2021-11-09,305.6910705566406,342.92755126953125
2021-11-10,305.202880859375,340.65087890625
2021-11-11,303.6299743652344,338.6188659667969
2021-11-12,306.49554443359375,338.345947265625
2021-11-15,308.1769104003906,338.6752014160156
2021-11-16,307.6797180175781,333.5951232910156
2021-11-17,309.14410400390625,332.9930114746094
2021-11-18,309.22552490234375,330.603515625
2021-11-19,308.6469421386719,332.2122497558594
2021-11-22,311.84698486328125,341.6386413574219
2021-11-23,312.02777099609375,342.63592529296875
2021-11-24,310.58148193359375,339.9642028808594
2021-11-26,309.80401611328125,334.46502685546875
2021-11-29,308.4571228027344,336.7421569824219
2021-11-30,303.7997131347656,329.5705261230469
2021-12-01,299.3336486816406,326.9059753417969
2021-12-02,301.2568359375,333.1326904296875
2021-12-03,304.24627685546875,338.11224365234375
2021-12-06,309.8515930175781,343.8947448730469
2021-12-07,309.13165283203125,342.6759338378906
2021-12-08,310.87237548828125,344.0175476074219
2021-12-09,313.16925048828125,347.5797424316406
2021-12-10,314.33587646484375,350.6033020019531
2021-12-13,314.94659423828125,356.52764892578125
2021-12-14,315.0285949707031,355.4788818359375
2021-12-15,313.9166564941406,357.9355163574219
2021-12-16,314.2994079589844,357.841064453125
2021-12-17,313.66143798828125,356.6505126953125
2021-12-20,307.53662109375,349.5545654296875
2021-12-21,310.58990478515625,357.6238098144531
2021-12-22,312.7500305175781,358.8709411621094
2021-12-23,316.2863464355469,360.1560363769531
2021-12-27,319.25762939453125,363.02838134765625
2021-12-28,322.4203796386719,364.08660888671875
2021-12-29,322.894287109375,363.7653503417969
2021-12-30,322.2653503417969,363.33074951171875
2021-12-31,323.9333190917969,365.730712890625
2022-01-03,322.976318359375,364.27557373046875
2022-01-04,329.93060302734375,375.10382080078125
2022-01-05,326.42156982421875,373.2140808105469
2022-01-06,326.29388427734375,375.368408203125
2022-01-07,328.244384765625,378.3447570800781
2022-01-10,331.0789794921875,380.0549011230469
2022-01-11,331.8901672363281,378.5148010253906
2022-01-12,329.3016662597656,373.72430419921875
2022-01-13,332.8380126953125,375.6896667480469
2022-01-14,339.61907958984375,381.2077331542969
2022-01-18,343.19195556640625,379.4880065917969
2022-01-19,343.9119567871094,379.5069274902344
2022-01-20,341.9068298339844,375.50067138671875
2022-01-21,338.3248596191406,376.8234558105469
2022-01-24,340.26617431640625,380.83917236328125
2022-01-25,352.8804931640625,380.9525451660156
2022-01-26,356.5900573730469,380.99981689453125
2022-01-27,354.6213073730469,353.3717956542969
2022-01-28,358.33087158203125,359.2394714355469
2022-01-31,354.6669006347656,349.5072937011719
2022-02-01,352.7347106933594,350.1498107910156
2022-02-02,353.03546142578125,350.5277404785156
2022-02-03,355.18646240234375,353.20172119140625
2022-02-04,354.84918212890625,349.3656005859375
2022-02-07,357.59259033203125,352.5875549316406
2022-02-08,360.9649963378906,358.407958984375
2022-02-09,359.5977478027344,363.17010498046875
2022-02-10,351.2945861816406,360.9591369628906
2022-02-11,361.1016540527344,377.30535888671875
2022-02-14,352.6982116699219,369.0661315917969
2022-02-15,348.36883544921875,363.5575256347656
2022-02-16,352.6343994140625,371.9574279785156
2022-02-17,354.3387756347656,376.16204833984375
2022-02-18,352.2333679199219,369.6802978515625
2022-02-22,351.9964294433594,369.18896484375
2022-02-23,354.4572448730469,364.7953186035156
2022-02-24,360.6641540527344,373.6865539550781
2022-02-25,373.22369384765625,388.6275329589844
2022-02-28,398.10284423828125,419.4297180175781
2022-03-01,419.0358581542969,432.6726989746094
2022-03-02,412.9697570800781,430.1018981933594
2022-03-03,410.9692077636719,426.5919189453125
2022-03-04,420.4490966796875,444.5021667480469
2022-03-07,427.7908630371094,453.4003601074219
2022-03-08,412.0428771972656,426.1365661621094
2022-03-09,411.7950744628906,426.81005859375
2022-03-10,407.7939147949219,421.7728271484375
2022-03-11,402.9117126464844,413.88970947265625
2022-03-14,407.8764953613281,418.7467956542969
2022-03-15,411.749267578125,424.8179626464844
2022-03-16,386.6681823730469,402.62933349609375
2022-03-17,393.32159423828125,406.7749328613281
2022-03-18,391.10992431640625,405.9685974121094
2022-03-21,403.7926940917969,423.6606750488281
2022-03-22,404.3341369628906,423.3760681152344
2022-03-23,408.61065673828125,423.9642639160156
2022-03-24,412.7220764160156,431.2212219238281
2022-03-25,416.32861328125,434.6457824707031
2022-03-28,408.36285400390625,423.850341796875
2022-03-29,401.17718505859375,423.385498046875
2022-03-30,409.2530517578125,430.0449523925781
2022-03-31,405.07745361328125,424.2488098144531
2022-04-01,409.28057861328125,431.42999267578125
2022-04-04,407.4726867675781,429.05841064453125
2022-04-05,410.4369201660156,430.6900329589844
2022-04-06,417.17291259765625,437.75732421875
2022-04-07,427.2034912109375,446.58917236328125
2022-04-08,423.54180908203125,439.84442138671875
2022-04-11,426.0471496582031,438.4024658203125
2022-04-12,429.0755920410156,439.48394775390625
2022-04-13,430.5806884765625,440.66021728515625
2022-04-14,429.1765441894531,443.2025451660156
2022-04-18,428.9746398925781,441.66571044921875
2022-04-19,422.05511474609375,440.55584716796875
2022-04-20,416.52130126953125,439.59771728515625
2022-04-21,403.3705139160156,420.6724853515625
2022-04-22,409.1062316894531,424.41949462890625
2022-04-25,406.44488525390625,421.213134765625
2022-04-26,409.38153076171875,419.78076171875
2022-04-27,408.36285400390625,417.18145751953125
2022-04-28,405.3619689941406,422.30413818359375
2022-04-29,396.5611267089844,416.8304748535156
2022-05-02,395.35894775390625,416.0904541015625
2022-05-03,398.9930725097656,428.07183837890625
2022-05-04,409.0603332519531,438.81036376953125
2022-05-05,406.6834411621094,442.6902770996094
2022-05-06,412.4466552734375,444.6255187988281
2022-05-09,402.7281494140625,430.6615905761719
2022-05-10,402.9942932128906,426.8576354980469
2022-05-11,404.1689758300781,423.54681396484375
2022-05-12,398.82781982421875,427.6260070800781
2022-05-13,399.3601379394531,429.57061767578125
2022-05-16,401.5443115234375,434.5509948730469
2022-05-17,404.7104187011719,435.6893310546875
2022-05-18,398.5892639160156,431.5058288574219
2022-05-19,390.595947265625,425.4629821777344
2022-05-20,389.2469787597656,420.5585632324219
2022-05-23,397.396240234375,433.30828857421875
2022-05-24,406.34393310546875,446.9022521972656
2022-05-25,410.7122497558594,443.6009521484375
2022-05-26,411.125244140625,443.42071533203125
2022-05-27,413.4836730957031,448.2386779785156
2022-05-31,406.4192810058594,445.5821228027344
2022-06-01,405.6713562011719,442.0401306152344
2022-06-02,407.3427734375,440.7261047363281
2022-06-03,408.8018493652344,455.4845886230469
2022-06-06,409.4666748046875,455.95111083984375
2022-06-07,421.3699645996094,468.51971435546875
2022-06-08,409.4666748046875,449.84783935546875
2022-06-09,399.59503173828125,440.7737121582031
2022-06-10,397.2586975097656,441.63067626953125
2022-06-13,391.4779052734375,438.64093017578125
2022-06-14,384.3119201660156,432.7184753417969
2022-06-15,382.400390625,436.5176086425781
2022-06-16,373.8031005859375,427.5387268066406
2022-06-17,373.08282470703125,422.6922302246094
2022-06-21,386.888427734375,441.58306884765625
2022-06-22,383.6470947265625,436.66998291015625
2022-06-23,379.18682861328125,434.4132995605469
2022-06-24,386.9622497558594,441.51641845703125
2022-06-27,387.1561279296875,444.48712158203125
2022-06-28,388.50439453125,442.4400329589844
2022-06-29,386.8237609863281,439.7169189453125
2022-06-30,397.0462951660156,455.6750183105469
2022-07-01,400.3338317871094,463.1019287109375
2022-07-05,383.4623718261719,442.14483642578125
2022-07-06,393.2879333496094,458.8171691894531
2022-07-07,389.87115478515625,456.4462890625
2022-07-08,388.1719970703125,457.446044921875
2022-07-11,386.9900207519531,452.76141357421875
2022-07-12,382.298828125,446.4485778808594
2022-07-13,376.76739501953125,442.9447021484375
2022-07-14,369.6660461425781,437.0317077636719
2022-07-15,367.8837890625,439.1360778808594
2022-07-18,357.6335144042969,427.7672424316406
2022-07-19,360.4962158203125,435.50830078125
2022-07-20,364.9656982421875,434.25146484375
2022-07-21,364.9472351074219,432.0900573730469
2022-07-22,364.5224304199219,430.2333984375
2022-07-25,369.1950988769531,431.63299560546875
2022-07-26,366.43402099609375,423.3777770996094
2022-07-27,368.0315856933594,424.4822692871094
2022-07-28,374.99432373046875,432.7184753417969
2022-07-29,382.13262939453125,455.9892272949219
2022-08-01,387.183837890625,452.87567138671875
2022-08-02,395.9566955566406,458.0363464355469
2022-08-03,396.4367980957031,458.70281982421875
2022-08-04,395.35638427734375,455.17034912109375
2022-08-05,393.7680358886719,454.741943359375
2022-08-08,391.4132385253906,447.5626220703125
2022-08-09,395.74420166015625,451.0665588378906
2022-08-10,397.073974609375,450.5047912597656
2022-08-11,396.0212707519531,447.8101806640625
2022-08-12,400.9986267089844,456.6366882324219
2022-08-15,404.4801025390625,463.57794189453125
2022-08-16,406.4654846191406,462.27349853515625
2022-08-17,407.7860107421875,468.9480895996094
2022-08-18,405.7175598144531,469.30047607421875
2022-08-19,406.3454284667969,467.2723693847656
2022-08-22,399.23486328125,461.02618408203125
2022-08-23,399.9644470214844,459.7787780761719
2022-08-24,400.50927734375,465.50128173828125
2022-08-25,405.0618591308594,470.8239440917969
2022-08-26,398.12677001953125,463.54296875
2022-08-29,396.7877502441406,464.1927185058594
2022-08-30,392.56756591796875,459.5298156738281
2022-08-31,390.5225524902344,456.72064208984375
2022-09-01,392.846435546875,458.94696044921875
2022-09-02,389.09100341796875,455.7269287109375
2022-09-06,388.3565979003906,458.3927917480469
2022-09-07,390.5504455566406,466.0750427246094
2022-09-08,390.0949401855469,467.938232421875
2022-09-09,391.842529296875,469.54345703125
2022-09-12,389.1560974121094,460.8388366699219
2022-09-13,380.5016784667969,448.06378173828125
2022-09-14,387.2875671386719,463.3041076660156
2022-09-15,384.4617004394531,463.4951171875
2022-09-16,385.11236572265625,463.6098937988281
2022-09-19,387.1853332519531,466.3522033691406
2022-09-20,390.95941162109375,472.01824951171875
2022-09-21,390.6062316894531,470.9384765625
2022-09-22,392.35382080078125,474.3687438964844
2022-09-23,383.9783630371094,457.5137634277344
2022-09-26,378.9400634765625,453.26177978515625
2022-09-27,371.587158203125,453.0419921875
2022-09-28,371.82879638671875,462.1670837402344
2022-09-29,362.3379211425781,449.5448303222656
2022-09-30,359.08441162109375,449.3919372558594
2022-10-03,371.587158203125,464.09710693359375
2022-10-04,377.5085144042969,468.4637756347656
2022-10-05,374.1620788574219,462.89324951171875
2022-10-06,371.4662780761719,463.63848876953125
2022-10-07,375.50994873046875,474.01519775390625
2022-10-10,381.1152648925781,481.4108581542969
2022-10-11,382.1098937988281,484.7359924316406
2022-10-12,369.4305419921875,470.4703063964844
2022-10-13,377.36907958984375,479.127197265625
2022-10-14,361.98468017578125,443.53466796875
2022-10-17,369.3282775878906,453.9496765136719
2022-10-18,401.4263610839844,484.24871826171875
2022-10-19,408.9745178222656,488.1758117675781
2022-10-20,413.04608154296875,489.6377258300781
2022-10-21,422.5927734375,499.4029541015625
2022-10-24,425.24200439453125,502.55621337890625
2022-10-25,427.7425537109375,503.3110046386719
2022-10-26,429.9828796386719,507.3623046875
2022-10-27,438.6929016113281,511.6811828613281
2022-10-28,450.7215881347656,523.7205200195312
2022-10-31,452.4040832519531,524.5804443359375
2022-11-01,451.4281005859375,512.0348510742188
2022-11-02,448.10955810546875,506.702880859375
2022-11-03,450.6751403808594,502.12615966796875
2022-11-04,447.7470703125,499.5080871582031
2022-11-07,454.21685791015625,510.9740905761719
2022-11-08,459.32012939453125,516.8599853515625
2022-11-09,451.00982666015625,509.41668701171875
2022-11-10,456.2060546875,507.9356994628906
2022-11-11,431.1912841796875,470.7761535644531
2022-11-14,429.4994812011719,460.30377197265625
2022-11-15,434.34259033203125,478.43927001953125
2022-11-16,433.4037170410156,482.65301513671875
2022-11-17,439.47381591796875,495.762451171875
2022-11-18,443.23858642578125,497.26263427734375
2022-11-21,447.0683288574219,504.3811340332031
2022-11-22,445.72979736328125,501.30450439453125
2022-11-23,447.18927001953125,499.09716796875
2022-11-25,449.410888671875,506.0188293457031
2022-11-28,449.1785583496094,503.1907043457031
2022-11-29,450.0058288574219,506.5174255371094
2022-11-30,453.8315124511719,511.25323486328125
2022-12-01,452.4284973144531,508.3867492675781
2022-12-02,464.15802001953125,523.054443359375
2022-12-05,458.95733642578125,519.0568237304688
2022-12-06,452.7184143066406,509.8343811035156
2022-12-07,450.09942626953125,517.8873291015625
2022-12-08,454.0092468261719,518.2132568359375
2022-12-09,452.3255615234375,507.0830078125
2022-12-12,454.8885192871094,513.0650634765625
2022-12-13,449.1827392578125,503.8714294433594
2022-12-14,453.8315124511719,509.8056945800781
2022-12-15,447.8451843261719,506.6515808105469
2022-12-16,450.6512756347656,507.9745788574219
2022-12-19,450.6512756347656,510.5150146484375
2022-12-20,454.7294921875,507.6869812011719
2022-12-21,456.1325378417969,516.5258178710938
2022-12-22,448.3222351074219,509.41259765625
2022-12-23,452.0543212890625,512.6720581054688
2022-12-27,454.12152099609375,518.8268432617188
2022-12-28,451.9888610839844,518.0790405273438
2022-12-29,455.5712585449219,519.6033325195312
2022-12-30,455.0474853515625,523.0641479492188
2023-01-03,446.6665954589844,518.0023803710938
2023-01-04,445.70318603515625,504.69586181640625
2023-01-05,446.2363586425781,506.6803283691406
2023-01-06,442.65380859375,499.8737487792969
2023-01-09,429.3248291015625,474.9385681152344
2023-01-10,432.41156005859375,475.3028259277344
2023-01-11,433.0757141113281,472.5610046386719
2023-01-12,431.8971252441406,467.8155212402344
2023-01-13,420.75689697265625,442.3626403808594
2023-01-17,418.2594909667969,436.7448425292969
2023-01-18,412.7501220703125,427.6277770996094
2023-01-19,410.91680908203125,424.03277587890625
2023-01-20,414.6302490234375,432.133544921875
2023-01-23,412.75946044921875,432.239013671875
2023-01-24,420.1956481933594,440.3302307128906
2023-01-25,424.8070373535156,444.14581298828125
2023-01-26,430.0918273925781,425.144775390625
2023-01-27,429.8954162597656,419.56524658203125
2023-01-30,430.82147216796875,421.1279296875
2023-01-31,433.3188781738281,429.5259704589844
2023-02-01,432.3741760253906,424.3011169433594
2023-02-02,427.64117431640625,422.6426086425781
2023-02-03,429.4090576171875,422.4317626953125
2023-02-06,438.7814636230469,430.40789794921875
2023-02-07,438.0611877441406,433.4660949707031
2023-02-08,439.2958679199219,437.21453857421875
2023-02-09,439.7074279785156,435.0958557128906
2023-02-10,449.7532653808594,444.6922302246094
2023-02-13,450.819580078125,445.0948486328125
2023-02-14,450.4548034667969,448.1913757324219
2023-02-15,449.4539794921875,441.8928527832031
2023-02-16,440.7925109863281,446.12066650390625
2023-02-17,444.889404296875,451.1824951171875
2023-02-21,448.2193298339844,454.3653259277344
2023-02-22,448.537353515625,458.94775390625
2023-02-23,448.11639404296875,456.5798645019531
2023-02-24,449.3511047363281,453.0968017578125
2023-02-27,448.4999694824219,452.2885437011719
2023-02-28,446.40093994140625,446.5539855957031
2023-03-01,446.4668273925781,445.052978515625
2023-03-02,450.2129821777344,450.556640625
2023-03-03,449.81768798828125,449.7003173828125
2023-03-06,451.9637451171875,452.4328308105469
2023-03-07,450.5424499511719,454.3380432128906
2023-03-08,451.3330993652344,447.6509094238281
2023-03-09,447.89752197265625,441.67578125
2023-03-10,447.56805419921875,442.3877868652344
2023-03-13,449.2905578613281,440.4249267578125
2023-03-14,450.7401123046875,436.499267578125
2023-03-15,445.5067138671875,431.91937255859375
2023-03-16,445.4407958984375,433.1221008300781
2023-03-17,438.50372314453125,426.81988525390625
2023-03-20,447.75634765625,432.2657165527344
2023-03-21,446.87158203125,432.95849609375
2023-03-22,441.35577392578125,426.81988525390625
2023-03-23,440.41455078125,427.6280822753906
2023-03-24,446.66448974609375,438.0291442871094
2023-03-27,445.58203125,440.9156188964844
2023-03-28,443.7465515136719,441.6373291015625
2023-03-29,446.3350524902344,444.11004638671875
2023-03-30,445.3843688964844,443.5423889160156
2023-03-31,444.9608154296875,444.2543640136719
2023-04-03,458.034912109375,451.44183349609375
2023-04-04,459.8421325683594,450.3930969238281
2023-04-05,461.2069091796875,453.0968017578125
2023-04-06,461.3763427734375,452.5964660644531
2023-04-10,467.5698547363281,458.5137939453125
2023-04-11,459.1831970214844,450.556640625
2023-04-12,459.42791748046875,454.88641357421875
2023-04-13,463.2306213378906,456.2238464355469
2023-04-14,459.3243103027344,454.6940002441406
2023-04-17,460.87750244140625,456.83001708984375
2023-04-18,471.9560852050781,461.33294677734375
2023-04-19,466.0732421875,459.0238037109375
2023-04-20,461.78106689453125,456.2430725097656
2023-04-21,454.2039794921875,454.1358947753906
2023-04-24,452.669677734375,453.10638427734375
2023-04-25,447.64337158203125,447.8625183105469
2023-04-26,434.5034484863281,432.1021728515625
2023-04-27,437.68487548828125,440.3672180175781
2023-04-28,437.1672058105469,443.8213806152344
2023-05-01,441.8546447753906,445.21661376953125
2023-05-02,431.9338073730469,431.832763671875
2023-05-03,426.4556579589844,426.9256591796875
2023-05-04,425.38262939453125,425.5016784667969
2023-05-05,428.7806091308594,429.908447265625
2023-05-08,424.4696044921875,425.51129150390625
2023-05-09,425.4861755371094,425.57867431640625
2023-05-10,426.5309753417969,426.2713928222656
2023-05-11,424.2154541015625,419.36297607421875
2023-05-12,424.30963134765625,422.1629638671875
2023-05-15,425.3731994628906,422.7498779296875
2023-05-16,421.4293212890625,419.1513671875
2023-05-17,430.43719482421875,430.4183654785156
2023-05-18,428.9782409667969,426.81988525390625
2023-05-19,427.792236328125,426.5408630371094
2023-05-22,428.00872802734375,426.30987548828125
2023-05-23,426.04150390625,426.2713928222656
2023-05-24,426.1261901855469,424.74151611328125
2023-05-25,416.81719970703125,417.1114807128906
2023-05-26,422.1070556640625,423.566650390625
2023-05-30,421.6552429199219,423.4120788574219
2023-05-31,420.74554443359375,420.8319396972656
2023-06-01,426.1090087890625,423.75030517578125
2023-06-02,430.6764221191406,428.89117431640625
2023-06-05,430.8659362792969,430.5533447265625
2023-06-06,434.5994873046875,433.01751708984375
2023-06-07,437.5560302734375,438.0907897949219
2023-06-08,439.8492431640625,440.13946533203125
2023-06-09,438.44677734375,438.9701843261719
2023-06-12,435.7745361328125,438.2453918457031
2023-06-13,428.66748046875,435.9648132324219
2023-06-14,428.83807373046875,432.82421875
2023-06-15,432.0599365234375,437.626953125
2023-06-16,435.11126708984375,442.9224853515625
2023-06-20,434.36260986328125,439.04742431640625
2023-06-21,441.6213073730469,446.9038391113281
2023-06-22,439.14801025390625,442.6422424316406
2023-06-23,435.291259765625,438.7671813964844
2023-06-26,429.07501220703125,432.940185546875
2023-06-27,429.4066467285156,433.3460693359375
2023-06-28,426.09954833984375,427.7605895996094
2023-06-29,433.47186279296875,436.0324401855469
2023-06-30,436.2578430175781,440.45831298828125
2023-07-03,438.342529296875,442.7388916015625
2023-07-05,438.51312255859375,443.59893798828125
2023-07-06,437.45184326171875,440.6322937011719
2023-07-07,434.67529296875,437.2210998535156
2023-07-10,436.2578430175781,437.35638427734375
2023-07-11,441.8581848144531,445.2416687011719
2023-07-12,437.7550354003906,438.0907897949219
2023-07-13,441.9434509277344,441.64691162109375
2023-07-14,439.9819030761719,435.47198486328125
2023-07-17,445.3453369140625,438.9508056640625
2023-07-18,431.8230895996094,427.7798767089844
2023-07-19,427.85260009765625,427.39337158203125
2023-07-20,432.1167907714844,439.0667419433594
2023-07-21,430.9323425292969,438.1584167480469
2023-07-24,432.8653869628906,436.98919677734375
2023-07-25,430.354248046875,441.8015441894531
2023-07-26,429.0844421386719,441.77252197265625
2023-07-27,425.1329650878906,430.3213806152344
2023-07-28,425.4740905761719,434.54437255859375
2023-07-31,422.98187255859375,430.0218811035156
2023-08-01,427.6346130371094,433.0657958984375
2023-08-02,425.0571594238281,432.40869140625
2023-08-03,424.4507141113281,427.7122802734375
2023-08-04,422.3659362792969,423.779296875
2023-08-07,426.2132263183594,421.96258544921875
2023-08-08,425.91949462890625,418.3291320800781
2023-08-09,429.0844421386719,420.889892578125
2023-08-10,426.46905517578125,415.7876281738281
2023-08-11,430.259521484375,416.5413513183594
2023-08-14,426.4975280761719,414.9952392578125
2023-08-15,420.33807373046875,408.9266357421875
2023-08-16,421.806884765625,412.907958984375
2023-08-17,423.2756652832031,414.7247009277344
2023-08-18,426.4785461425781,415.6910095214844
2023-08-21,427.8336486816406,419.0924987792969
2023-08-22,429.20770263671875,422.99658203125
2023-08-23,430.75225830078125,419.89459228515625
2023-08-24,428.83807373046875,417.6333312988281
2023-08-25,427.4546203613281,416.90545654296875
2023-08-28,428.6201477050781,418.4485778808594
2023-08-29,424.9055480957031,417.3906555175781
2023-08-30,428.7054443359375,421.9910583496094
2023-08-31,427.69427490234375,420.3313903808594
2023-09-01,427.5320739746094,422.7868957519531
2023-09-05,424.6798095703125,418.380615234375
2023-09-06,404.4088134765625,411.15985107421875
2023-09-07,406.316650390625,418.2933044433594
2023-09-08,403.59796142578125,410.2669677734375
2023-09-11,401.27996826171875,412.47979736328125
2023-09-12,398.580322265625,411.58685302734375
2023-09-13,401.5947265625,413.75115966796875
2023-09-14,406.26898193359375,419.58416748046875
2023-09-15,404.5137634277344,420.71966552734375
2023-09-18,410.05609130859375,427.54254150390625
2023-09-19,405.7157287597656,423.1266174316406
2023-09-20,407.2801818847656,427.2125549316406
2023-09-21,398.3037109375,424.2330017089844
2023-09-22,394.5928955078125,412.3826904296875
2023-09-25,393.87744140625,413.03302001953125
2023-09-26,389.9186706542969,414.01324462890625
2023-09-27,389.8900146484375,424.3591613769531
2023-09-28,392.02679443359375,426.5526123046875
2023-09-29,390.1189880371094,427.2222900390625
2023-10-02,389.0315246582031,429.1925354003906
2023-10-03,385.225341796875,421.5155029296875
2023-10-04,382.8404846191406,409.849609375
2023-10-05,379.04388427734375,407.69500732421875
2023-10-06,382.2681579589844,410.7716064453125
2023-10-09,416.4187927246094,457.7166748046875
2023-10-10,415.0546569824219,451.4178466796875
2023-10-11,416.5332336425781,459.4247741699219
2023-10-12,414.138916015625,463.2487487792969
2023-10-13,420.7401123046875,475.7105407714844
2023-10-16,420.1200866699219,474.6623229980469
2023-10-17,420.8068542480469,474.5943603515625
2023-10-18,425.519287109375,476.30255126953125
2023-10-19,428.4860534667969,475.5067138671875
2023-10-20,423.70684814453125,471.3916015625
2023-10-23,425.6051330566406,466.44183349609375
2023-10-24,420.58746337890625,464.3454284667969
2023-10-25,427.0646667480469,469.02349853515625
2023-10-26,425.4239196777344,463.70489501953125
2023-10-27,422.9627685546875,459.1336975097656
2023-10-30,425.2998962402344,454.8729553222656
2023-10-31,433.6944885253906,457.5419616699219
2023-11-01,431.53857421875,454.4653625488281
2023-11-02,436.93780517578125,461.75408935546875
2023-11-03,432.454345703125,456.717041015625
2023-11-06,430.3747863769531,457.1246643066406
2023-11-07,429.41131591796875,453.9218444824219
2023-11-08,424.17425537109375,446.9145812988281
2023-11-09,422.07562255859375,447.5065612792969
2023-11-10,424.37457275390625,449.622314453125
2023-11-13,424.5272216796875,450.6996765136719
2023-11-14,423.7545166015625,453.07745361328125
2023-11-15,424.63214111328125,451.2916564941406
2023-11-16,425.0614013671875,450.2143859863281
2023-11-17,424.1933288574219,450.495849609375
2023-11-20,423.3634338378906,452.09722900390625
2023-11-21,427.5034484863281,457.19256591796875
2023-11-22,429.6497802734375,457.5614318847656
2023-11-24,431.1856994628906,459.4517517089844
2023-11-27,424.9660339355469,456.4018859863281
2023-11-28,427.6178894042969,458.048583984375
2023-11-29,424.5081787109375,455.44696044921875
2023-11-30,430.1860046386719,462.99859619140625
2023-12-01,431.7616271972656,467.55877685546875
2023-12-04,432.9913635253906,468.0362243652344
2023-12-05,428.7160949707031,464.41143798828125
2023-12-06,431.7616271972656,467.99725341796875
2023-12-07,429.55194091796875,465.2591857910156
2023-12-08,430.4261779785156,464.0606689453125
2023-12-11,433.53900146484375,466.5064392089844
2023-12-12,433.8944091796875,466.9839172363281
2023-12-13,433.7118835449219,472.5964660644531
2023-12-14,427.7841796875,451.79290771484375
2023-12-15,424.4600830078125,449.24969482421875
2023-12-18,429.35980224609375,453.5078430175781
2023-12-19,430.20526123046875,452.28009033203125
2023-12-20,425.2190246582031,445.45928955078125
2023-12-21,430.4261779785156,447.466552734375
2023-12-22,430.6183776855469,451.2764892578125
2023-12-26,432.5013732910156,452.6114501953125
2023-12-27,431.3388671875,452.33856201171875
2023-12-28,433.51019287109375,453.7611999511719
2023-12-29,435.4411926269531,456.15826416015625
2024-01-02,438.2080993652344,458.0583190917969
2024-01-03,441.09033203125,462.7257385253906
2024-01-04,439.8893737792969,459.6563720703125
2024-01-05,438.5732116699219,457.8634338378906
2024-01-08,440.59075927734375,463.0960388183594
2024-01-09,438.3714599609375,460.14361572265625
2024-01-10,437.5163879394531,459.8707580566406
2024-01-11,435.3355712890625,455.37872314453125
2024-01-12,444.9908752441406,468.7670593261719
2024-01-16,439.8605651855469,465.66845703125
2024-01-17,438.5443420410156,461.7513122558594
2024-01-18,441.52264404296875,462.48211669921875
2024-01-19,439.7837219238281,458.4383850097656
2024-01-22,440.74444580078125,454.6771545410156
2024-01-23,422.4041442871094,455.94390869140625
2024-01-24,414.6990661621094,452.0462341308594
2024-01-25,414.113037109375,423.4279479980469
2024-01-26,413.0273742675781,426.75067138671875
2024-01-29,411.2020263671875,427.0917053222656
2024-01-30,414.7278747558594,432.14886474609375
2024-01-31,412.5470275878906,435.32550048828125
2024-02-01,412.89288330078125,434.79925537109375
2024-02-02,409.2421569824219,435.1500549316406
2024-02-05,405.1398010253906,430.9601135253906
2024-02-06,410.18365478515625,436.6993713378906
2024-02-07,413.2099304199219,442.2826843261719
2024-02-08,410.231689453125,439.6712951660156
2024-02-09,409.7513122558594,443.276611328125
2024-02-12,411.2596435546875,439.9148864746094
2024-02-13,409.7704772949219,434.7505798339844
2024-02-14,401.76763916015625,434.9454040527344
2024-02-15,406.5040283203125,438.4825439453125
2024-02-16,407.4167175292969,439.41796875
2024-02-20,407.60888671875,442.2924499511719
2024-02-21,410.76007080078125,448.2265930175781
2024-02-22,412.0474548339844,445.35211181640625
2024-02-23,414.18988037109375,451.1442565917969
2024-02-26,412.3260498046875,449.4222412109375
2024-02-27,413.5269775390625,448.4634094238281
2024-02-28,415.4964599609375,449.0406799316406
2024-02-29,414.4415588378906,451.06597900390625
2024-03-01,412.71893310546875,445.0780944824219
2024-03-04,418.0223693847656,450.1462707519531
2024-03-05,418.0611267089844,448.3656005859375
2024-03-06,419.5127258300781,451.1148986816406
2024-03-07,416.13519287109375,446.5457458496094
2024-03-08,418.9514465332031,449.57879638671875
2024-03-11,420.7418212890625,449.334228515625
2024-03-12,420.89666748046875,448.9330749511719
2024-03-13,420.5967102050781,448.33624267578125
2024-03-14,421.72894287109375,450.909423828125
2024-03-15,421.77734375,451.7802429199219
2024-03-18,419.24176025390625,452.40643310546875
2024-03-19,423.1031799316406,457.3865051269531
2024-03-20,426.2194519042969,460.5859069824219
2024-03-21,428.880859375,457.3962707519531
2024-03-22,431.51318359375,458.6290588378906
2024-03-25,431.9293518066406,459.186767578125
2024-03-26,431.61962890625,459.7640380859375
2024-03-27,442.0619812011719,467.0531921386719
2024-03-28,440.2135314941406,468.32513427734375
2024-04-01,438.2005920410156,461.1729431152344
2024-04-02,438.6360168457031,456.2906494140625
2024-04-03,433.46807861328125,447.142578125
2024-04-04,439.4102783203125,449.55926513671875
2024-04-05,440.70709228515625,444.686767578125
2024-04-08,437.80377197265625,446.5066223144531
2024-04-09,433.14874267578125,444.8432922363281
2024-04-10,437.1553649902344,448.02313232421875
2024-04-11,437.7457275390625,447.9448547363281
2024-04-12,435.8875732421875,446.2619934082031
2024-04-15,438.481201171875,441.54608154296875
2024-04-16,439.6716003417969,440.6263427734375
2024-04-17,441.3554992675781,442.2896423339844
2024-04-18,441.3941955566406,442.72998046875
2024-04-19,448.92352294921875,452.59228515625
2024-04-22,446.4653625488281,460.8109436035156
2024-04-23,445.2556457519531,464.4310302734375
2024-04-24,444.345947265625,464.32342529296875
2024-04-25,449.80419921875,477.52215576171875
2024-04-26,446.42669677734375,470.07647705078125
2024-04-29,452.4849548339844,475.7218933105469
2024-04-30,449.9493713378906,474.5575866699219
2024-05-01,446.8525085449219,475.86865234375
2024-05-02,448.2751770019531,464.7441101074219
2024-05-03,447.0267028808594,458.96173095703125
2024-05-06,447.8686828613281,458.7366943359375
2024-05-07,451.6429443359375,463.5211181640625
2024-05-08,451.1397705078125,461.4273376464844
2024-05-09,453.2979431152344,463.2080078125
2024-05-10,453.7721252441406,464.5484619140625
2024-05-13,455.39794921875,466.3584899902344
2024-05-14,452.1268615722656,463.8342590332031
2024-05-15,449.12677001953125,459.5096435546875
2024-05-16,449.8525695800781,460.5271911621094
2024-05-17,451.178466796875,460.0673522949219
2024-05-20,452.0301208496094,458.8150329589844
2024-05-21,453.2204895019531,461.7110595703125
2024-05-22,454.57537841796875,464.44085693359375
2024-05-23,452.0301208496094,457.1223449707031
2024-05-24,452.29144287109375,458.3802490234375
2024-05-28,443.70721435546875,447.63885498046875
2024-05-29,438.1328125,438.6861267089844
2024-05-30,446.08795166015625,438.8138427734375
2024-05-31,455.18505859375,442.990478515625
2024-06-03,455.58453369140625,441.5753479003906
2024-06-04,456.8414306640625,440.6515808105469
2024-06-05,453.2754821777344,434.7354431152344
2024-06-06,456.5783386230469,437.1038818359375
2024-06-07,458.0495300292969,432.4456787109375
2024-06-10,455.4481201171875,428.2493591308594
2024-06-11,450.9078674316406,422.4020690917969
2024-06-12,447.3127136230469,419.77813720703125
2024-06-13,446.77685546875,416.1125183105469
2024-06-14,446.5625,416.77093505859375
2024-06-17,447.21527099609375,422.36273193359375
2024-06-18,448.1798095703125,418.4809265136719
2024-06-20,454.3569030761719,426.98162841796875
2024-06-21,455.58453369140625,424.6329040527344
2024-06-24,459.39410400390625,423.2373962402344
2024-06-25,456.0424499511719,421.0851745605469
2024-06-26,454.9902038574219,424.0432434082031
2024-06-27,455.1266174316406,427.4042053222656
2024-06-28,455.097412109375,428.4263000488281
2024-07-01,454.454345703125,427.49267578125
2024-07-02,453.7333984375,429.82177734375
2024-07-03,454.05487060546875,429.546630859375
2024-07-05,450.2843322753906,427.2273254394531
2024-07-08,449.89459228515625,422.82464599609375
2024-07-09,448.47210693359375,416.4171447753906
2024-07-10,449.16387939453125,418.88385009765625
2024-07-11,448.5500793457031,424.5640563964844
2024-07-12,451.8139953613281,424.7802734375
2024-07-15,451.9601745605469,424.4658508300781
2024-07-16,456.53936767578125,427.6498718261719
2024-07-17,463.8369140625,432.573486328125
2024-07-18,463.7687072753906,432.0231018066406
2024-07-19,462.7164611816406,430.3819274902344
2024-07-22,462.3949279785156,430.5391845703125
2024-07-23,488.40887451171875,434.66668701171875
2024-07-24,501.96142578125,434.4897766113281
2024-07-25,508.0021057128906,462.4488220214844
2024-07-26,511.314697265625,472.0108642578125
2024-07-29,514.081787109375,469.0528259277344
2024-07-30,523.84423828125,478.32989501953125
2024-07-31,527.9948120117188,475.96148681640625
2024-08-01,534.7564697265625,484.8454895019531
2024-08-02,534.6688842773438,486.01495361328125
2024-08-05,531.365966796875,484.1280822753906
2024-08-06,527.64404296875,478.1333312988281
2024-08-07,534.4154663085938,481.2977600097656
2024-08-08,537.445556640625,482.8407287597656
2024-08-09,537.4066162109375,485.80859375
2024-08-12,542.599609375,493.00225830078125
2024-08-13,545.045166015625,493.7098083496094
2024-08-14,548.7474365234375,496.2845764160156
2024-08-15,545.8927612304688,495.00701904296875
2024-08-16,545.7369384765625,497.9159851074219
2024-08-19,544.0415649414062,496.15679931640625
2024-08-20,542.6970825195312,499.2721252441406
2024-08-21,539.5305786132812,498.11248779296875
2024-08-22,542.7166137695312,500.8346862792969
2024-08-23,540.7484741210938,500.5496826171875
2024-08-26,543.759033203125,503.1637878417969
2024-08-27,546.0096435546875,503.59619140625
2024-08-28,549.4879760742188,504.6968688964844
2024-08-29,552.2841186523438,510.38690185546875
2024-08-30,553.5020751953125,514.1803588867188
2024-09-03,555.72607421875,515.69970703125
2024-09-04,563.1328735351562,516.676513671875
2024-09-05,557.068359375,512.4439086914062
2024-09-06,555.1480712890625,508.1125793457031
2024-09-09,564.8865966796875,517.1994018554688
2024-09-10,560.5953979492188,513.01611328125
2024-09-11,555.4713745117188,509.0301208496094
2024-09-12,556.7548217773438,511.6051940917969
2024-09-13,558.3615112304688,512.8286743164062
2024-09-16,561.3106079101562,514.2987060546875
2024-09-17,555.5203247070312,513.7857055664062
2024-09-18,554.0311279296875,514.6539306640625
2024-09-19,553.7274169921875,515.2755126953125
2024-09-20,560.330810546875,518.1071166992188
2024-09-23,568.746826171875,526.010009765625
2024-09-24,566.9049072265625,522.7738647460938
2024-09-25,566.2288818359375,521.0471801757812
2024-09-26,565.6998291015625,517.298095703125
2024-09-27,570.5592651367188,519.7448120117188
2024-09-30,572.7147216796875,521.0077514648438
2024-10-01,593.5831298828125,536.6063232421875
2024-10-02,590.9769897460938,531.663330078125
2024-10-03,593.5439453125,530.3905639648438
2024-10-04,592.867919921875,529.5618286132812
2024-10-07,593.2695922851562,526.828857421875
2024-10-08,595.7286987304688,525.5265502929688
2024-10-09,592.8483276367188,525.1121826171875
2024-10-10,585.3827514648438,520.0409545898438
2024-10-11,591.9273071289062,521.6293334960938
2024-10-14,598.4915161132812,526.9275512695312
2024-10-15,592.7405395507812,519.8829956054688
2024-10-16,600.4119262695312,524.3228149414062
2024-10-17,597.266845703125,520.9091186523438
2024-10-18,599.4125366210938,523.6913452148438
2024-10-21,602.15576171875,522.566650390625
2024-10-22,565.288330078125,513.2430419921875
2024-10-23,559.5274047851562,509.49383544921875
2024-10-24,552.777099609375,516.676513671875
2024-10-25,550.8959350585938,512.4043579101562
2024-10-28,543.9202270507812,505.30072021484375
2024-10-29,535.7198486328125,497.3089904785156
2024-10-30,534.8773193359375,498.5817565917969
2024-10-31,534.985107421875,502.2125244140625
2024-11-01,534.2991943359375,500.1702575683594
2024-11-04,532.0947875976562,500.6536865234375
2024-11-05,535.6708984375,506.0406799316406
2024-11-06,540.63818359375,516.1437377929688
2024-11-07,540.6578369140625,513.617919921875
2024-11-08,553.1199951171875,521.9154663085938
2024-11-11,559.0180053710938,526.5625
2024-11-12,554.4916381835938,524.2833862304688
2024-11-13,546.4283447265625,513.4600830078125
2024-11-14,528.068115234375,493.64862060546875
2024-11-15,523.992431640625,487.383544921875
2024-11-18,520.200927734375,482.1445617675781
2024-11-19,522.4542236328125,484.4532470703125
2024-11-20,523.8944091796875,485.4004211425781
2024-11-21,531.0269165039062,489.77117919921875
2024-11-22,531.232666015625,490.2250061035156
2024-11-25,511.31463623046875,478.7801818847656
2024-11-26,510.8835754394531,481.89788818359375
2024-11-27,515.096435546875,482.5391845703125
2024-11-29,518.6822509765625,483.1015625
2024-12-02,512.9937133789062,480.2877197265625
2024-12-03,509.7008972167969,480.74346923828125
2024-12-04,510.1938171386719,482.1405029296875
2024-12-05,510.174072265625,475.1554260253906
2024-12-06,505.78692626953125,469.2898864746094
2024-12-09,502.8095703125,474.75909423828125
2024-12-10,505.69818115234375,475.7597961425781
2024-12-11,497.1210021972656,471.2417907714844
2024-12-12,489.56915283203125,477.07757568359375
2024-12-13,487.6663818359375,475.58148193359375
2024-12-16,484.7087707519531,478.15753173828125
2024-12-17,483.6834411621094,475.8687744140625
2024-12-18,476.1217346191406,463.35504150390625
2024-12-19,472.8880615234375,462.8299255371094
2024-12-20,482.1158752441406,465.2177429199219
2024-12-23,479.6216125488281,462.8992919921875
2024-12-24,481.23846435546875,466.75347900390625
2024-12-26,483.0623474121094,467.88299560546875
2024-12-27,482.0666198730469,467.0110778808594
2024-12-30,476.545654296875,462.22552490234375
