Date,RTX,GD
2015-01-02,56.23672866821289,109.41446685791016
2015-01-05,55.298133850097656,107.1305923461914
2015-01-06,54.51594924926758,107.25701141357422
2015-01-07,55.10748291015625,106.84607696533203
2015-01-08,56.04608154296875,109.42237854003906
2015-01-09,55.73808288574219,109.82539367675781
2015-01-12,55.94828796386719,108.97981262207031
2015-01-13,55.89453887939453,108.89287567138672
2015-01-14,55.4936637878418,109.03579711914062
2015-01-15,55.4936637878418,109.32156372070312
2015-01-16,56.779319763183594,110.40121459960938
2015-01-20,57.45392990112305,109.62319946289062
2015-01-21,58.18718719482422,110.2583236694336
2015-01-22,58.8813591003418,112.10005187988281
2015-01-23,58.65159606933594,112.18739318847656
2015-01-26,58.05032730102539,111.1871109008789
2015-01-27,58.25075912475586,108.91670227050781
2015-01-28,57.15574264526367,108.28160858154297
2015-01-29,56.92597961425781,106.7574234008789
2015-01-30,56.1096076965332,105.74922180175781
2015-02-02,56.98953628540039,108.0593490600586
2015-02-03,58.11874771118164,110.30595397949219
2015-02-04,57.581024169921875,109.97250366210938
2015-02-05,58.71516418457031,110.09954071044922
2015-02-06,58.5684928894043,110.57586669921875
2015-02-09,58.328983306884766,108.71033477783203
2015-02-10,58.368080139160156,109.67880249023438
2015-02-11,58.333675384521484,108.92461395263672
2015-02-12,58.776004791259766,109.67085266113281
2015-02-13,59.591880798339844,109.24217224121094
2015-02-17,59.62626647949219,109.59147644042969
2015-02-18,59.9555549621582,110.07574462890625
2015-02-19,60.407711029052734,110.75050354003906
2015-02-20,60.99749755859375,112.9177017211914
2015-02-23,60.80580139160156,112.13973236083984
2015-02-24,60.8402099609375,112.47315216064453
2015-02-25,60.633758544921875,111.2506332397461
2015-02-26,60.28974533081055,110.68699645996094
2015-02-27,59.91623306274414,110.17097473144531
2015-03-02,60.54534149169922,110.9807357788086
2015-03-03,59.813045501708984,108.82937622070312
2015-03-04,59.4886474609375,108.16251373291016
2015-03-05,59.36576461791992,108.305419921875
2015-03-06,58.69736862182617,106.85269165039062
2015-03-09,59.83760452270508,107.90052795410156
2015-03-10,57.69965744018555,105.3364028930664
2015-03-11,58.161651611328125,105.02681732177734
2015-03-12,59.58692932128906,106.1143798828125
2015-03-13,58.358238220214844,104.93952178955078
2015-03-16,59.011924743652344,107.14640045166016
2015-03-17,58.9087028503418,106.47956848144531
2015-03-18,59.129859924316406,108.0593490600586
2015-03-19,58.67279052734375,107.39250183105469
2015-03-20,58.71212387084961,107.49567413330078
2015-03-23,58.32875061035156,107.86882019042969
2015-03-24,58.446712493896484,107.32901763916016
2015-03-25,57.237674713134766,106.18582916259766
2015-03-26,57.0312385559082,106.79712677001953
2015-03-27,57.45391845703125,107.20195007324219
2015-03-30,58.40248107910156,109.16275024414062
2015-03-31,57.60136032104492,107.74972534179688
2015-04-01,56.97227478027344,106.36048126220703
2015-04-02,57.56696319580078,106.16201782226562
2015-04-06,57.92573165893555,107.57508087158203
2015-04-07,57.74388885498047,107.17021179199219
2015-04-08,57.91590118408203,107.9123306274414
2015-04-09,57.935585021972656,108.34320831298828
2015-04-10,58.22063064575195,108.4469223022461
2015-04-13,57.70457458496094,107.53729248046875
2015-04-14,57.84219741821289,106.20472717285156
2015-04-15,57.93065643310547,105.80575561523438
2015-04-16,57.738983154296875,106.24463653564453
2015-04-17,56.57417678833008,104.74452209472656
2015-04-20,57.26225662231445,106.34834289550781
2015-04-21,57.4785041809082,106.23664855957031
2015-04-22,57.48342514038086,106.69147491455078
2015-04-23,57.630855560302734,105.96536254882812
2015-04-24,57.09022521972656,107.00263977050781
2015-04-27,56.883811950683594,106.57177734375
2015-04-28,57.050907135009766,106.50794982910156
2015-04-29,56.706871032714844,110.53749084472656
2015-04-30,55.905765533447266,109.57200622558594
2015-05-01,56.73636245727539,111.8221206665039
2015-05-04,57.232757568359375,112.18920135498047
2015-05-05,56.55451583862305,110.0986328125
2015-05-06,56.55942153930664,109.8193588256836
2015-05-07,57.0312385559082,110.35395050048828
2015-05-08,58.205894470214844,113.03499603271484
2015-05-11,57.847103118896484,111.88597869873047
2015-05-12,57.679996490478516,111.25564575195312
2015-05-13,58.00121307373047,110.9284896850586
2015-05-14,58.875892639160156,112.46050262451172
2015-05-15,58.554710388183594,111.79821014404297
2015-05-18,58.5645637512207,111.93389892578125
2015-05-19,58.84128952026367,111.75035095214844
2015-05-20,58.74248123168945,111.67054748535156
2015-05-21,58.86600875854492,112.40463256835938
2015-05-22,58.61893844604492,111.4231948852539
2015-05-26,57.754127502441406,110.10663604736328
2015-05-27,58.1346435546875,112.15730285644531
2015-05-28,58.159358978271484,112.03762817382812
2015-05-29,57.90237808227539,111.838134765625
2015-06-01,57.81834411621094,111.90990447998047
2015-06-02,57.986385345458984,112.18920135498047
2015-06-03,58.5645637512207,112.25304412841797
2015-06-04,57.887550354003906,110.89657592773438
2015-06-05,57.81834411621094,111.08806610107422
2015-06-08,57.413150787353516,110.3858871459961
2015-06-09,57.472450256347656,110.65717315673828
2015-06-10,58.06544876098633,112.93925476074219
2015-06-11,58.470699310302734,113.50579071044922
2015-06-12,58.1148796081543,113.3462142944336
2015-06-15,56.63728713989258,113.32225799560547
2015-06-16,56.80036544799805,114.28777313232422
2015-06-17,56.8646125793457,115.30113983154297
2015-06-18,57.2747917175293,116.49007415771484
2015-06-19,56.775657653808594,115.77192687988281
2015-06-22,56.9683952331543,115.99536895751953
2015-06-23,56.94367218017578,115.99536895751953
2015-06-24,56.321014404296875,116.11502075195312
2015-06-25,55.989933013916016,115.00589752197266
2015-06-26,56.09864044189453,116.29057312011719
2015-06-29,55.11521530151367,113.17864990234375
2015-06-30,54.8187255859375,113.61165618896484
2015-07-01,54.764366149902344,114.79835510253906
2015-07-02,54.14170837402344,114.78231048583984
2015-07-06,54.04288101196289,114.93461608886719
2015-07-07,54.403621673583984,115.18321990966797
2015-07-08,53.7018928527832,114.06867980957031
2015-07-09,53.825443267822266,115.36766815185547
2015-07-10,54.448097229003906,117.147705078125
2015-07-13,55.13993835449219,117.2519760131836
2015-07-14,55.105350494384766,117.84532928466797
2015-07-15,54.97686004638672,118.06979370117188
2015-07-16,54.9818115234375,119.03201293945312
2015-07-17,54.724830627441406,119.19239044189453
2015-07-20,54.59636306762695,119.48104858398438
2015-07-21,50.756622314453125,117.300048828125
2015-07-22,50.18338394165039,116.44207763671875
2015-07-23,49.98076248168945,116.10533905029297
2015-07-24,49.07643508911133,114.35734558105469
2015-07-27,48.85898971557617,114.18894958496094
2015-07-28,48.90841293334961,115.69642639160156
2015-07-29,49.101139068603516,120.24280548095703
2015-07-30,49.778160095214844,120.4993667602539
2015-07-31,49.57061767578125,119.56124114990234
2015-08-03,49.13079071044922,119.35275268554688
2015-08-04,48.93806457519531,119.31265258789062
2015-08-05,48.85898971557617,120.13057708740234
2015-08-06,48.91336441040039,119.84185791015625
2015-08-07,48.57237243652344,120.05033874511719
2015-08-10,49.195030212402344,121.8464584350586
2015-08-11,48.730506896972656,120.75597381591797
2015-08-12,49.08863067626953,120.58757781982422
2015-08-13,48.9344482421875,120.7079086303711
2015-08-14,49.09361267089844,121.56578063964844
2015-08-17,49.42190170288086,122.5600357055664
2015-08-18,49.44676208496094,122.90486145019531
2015-08-19,48.84988784790039,122.47985076904297
2015-08-20,47.66109085083008,119.41691589355469
2015-08-21,46.26338195800781,116.40196228027344
2015-08-24,45.19894790649414,112.9060287475586
2015-08-25,44.169334411621094,111.32642364501953
2015-08-26,45.542152404785156,115.50395202636719
2015-08-27,46.3927116394043,116.40196228027344
2015-08-28,46.3777961730957,115.88886260986328
2015-08-31,45.5670280456543,113.88428497314453
2015-09-01,44.62693786621094,111.36650848388672
2015-09-02,45.382999420166016,114.2209701538086
2015-09-03,45.71626663208008,114.99081420898438
2015-09-04,45.10443878173828,113.20269775390625
2015-09-08,46.168880462646484,115.77661895751953
2015-09-09,45.6864128112793,114.237060546875
2015-09-10,45.46257781982422,112.82585144042969
2015-09-11,45.925167083740234,113.76396942138672
2015-09-14,45.67646408081055,112.77767944335938
2015-09-15,46.09925842285156,113.69181823730469
2015-09-16,46.72597885131836,113.73191833496094
2015-09-17,46.412601470947266,113.50737762451172
2015-09-18,45.298431396484375,111.64715576171875
2015-09-21,45.53718185424805,112.03199005126953
2015-09-22,43.870887756347656,110.61274719238281
2015-09-23,43.254112243652344,109.5062255859375
2015-09-24,43.184471130371094,111.06181335449219
2015-09-25,43.4232177734375,110.66890716552734
2015-09-28,43.189449310302734,108.33555603027344
2015-09-29,43.76145553588867,108.72046661376953
2015-09-30,44.263832092285156,110.61274719238281
2015-10-01,43.95047378540039,110.79721069335938
2015-10-02,44.65180587768555,111.5589599609375
2015-10-05,45.890342712402344,115.56011199951172
2015-10-06,46.03459167480469,112.78577423095703
2015-10-07,46.51209259033203,113.0999984741211
2015-10-08,46.91996383666992,114.34898376464844
2015-10-09,47.43726348876953,115.00166320800781
2015-10-12,47.46710205078125,115.78328704833984
2015-10-13,46.89508819580078,114.18778991699219
2015-10-14,45.845577239990234,112.40701293945312
2015-10-15,46.34795379638672,113.84935760498047
2015-10-16,46.258419036865234,114.17975616455078
2015-10-19,45.785884857177734,113.8171615600586
2015-10-20,47.56161117553711,113.8171615600586
2015-10-21,48.730499267578125,115.29975128173828
2015-10-22,49.63577651977539,118.6518783569336
2015-10-23,50.048622131347656,119.48182678222656
2015-10-26,49.854637145996094,119.37706756591797
2015-10-27,49.183143615722656,119.57853698730469
2015-10-28,49.4019889831543,121.49626922607422
2015-10-29,49.26771926879883,120.84358215332031
2015-10-30,48.949371337890625,119.72354125976562
2015-11-02,49.43682861328125,119.83634185791016
2015-11-03,49.740230560302734,118.58737182617188
2015-11-04,49.904380798339844,118.676025390625
2015-11-05,50.138153076171875,118.50685119628906
2015-11-06,50.138153076171875,117.58016204833984
2015-11-09,49.571128845214844,116.26673126220703
2015-11-10,49.40092086791992,115.98470306396484
2015-11-11,49.190650939941406,115.47708129882812
2015-11-12,49.671241760253906,114.30060577392578
2015-11-13,48.29954528808594,113.29341125488281
2015-11-16,48.975372314453125,115.45292663574219
2015-11-17,48.835205078125,115.1225357055664
2015-11-18,48.91530990600586,115.79940795898438
2015-11-19,49.2106819152832,116.99999237060547
2015-11-20,49.170631408691406,117.2417221069336
2015-11-23,49.10554504394531,116.50849914550781
2015-11-24,48.7401008605957,117.26592254638672
2015-11-25,48.695030212402344,116.98388671875
2015-11-27,48.45974349975586,117.29009246826172
2015-11-30,48.08428192138672,118.01532745361328
2015-12-01,48.40968322753906,118.93390655517578
2015-12-02,47.683780670166016,117.12090301513672
2015-12-03,47.40843963623047,114.38927459716797
2015-12-04,47.924095153808594,115.90410614013672
2015-12-07,48.014190673828125,115.29975128173828
2015-12-08,47.17317199707031,114.4214859008789
2015-12-09,47.138118743896484,112.94688415527344
2015-12-10,46.992942810058594,112.80989837646484
2015-12-11,46.707584381103516,111.06941223144531
2015-12-14,46.572425842285156,112.1572265625
2015-12-15,46.68755340576172,111.23057556152344
2015-12-16,47.62371826171875,112.51985931396484
2015-12-17,46.992942810058594,111.3272705078125
2015-12-18,46.22700119018555,110.15890502929688
2015-12-21,46.86277770996094,111.27086639404297
2015-12-22,47.493560791015625,112.76158142089844
2015-12-23,48.20943832397461,112.72125244140625
2015-12-24,48.20943832397461,112.68097686767578
2015-12-28,48.10430145263672,112.47956085205078
2015-12-29,48.695030212402344,113.0838851928711
2015-12-30,48.50981140136719,112.2136459350586
2015-12-31,48.094295501708984,110.68266296386719
2016-01-04,47.84398651123047,109.6432113647461
2016-01-05,47.91908645629883,110.10249328613281
2016-01-06,46.617469787597656,108.99049377441406
2016-01-07,46.00672149658203,105.396728515625
2016-01-08,45.25579071044922,104.9051742553711
2016-01-11,45.30586242675781,105.79151153564453
2016-01-12,45.30586242675781,106.75846862792969
2016-01-13,44.46982192993164,104.53096008300781
2016-01-14,44.559940338134766,104.52289581298828
2016-01-15,42.867862701416016,102.05235290527344
2016-01-19,42.67262268066406,103.17826080322266
2016-01-20,42.46736526489258,100.58625793457031
2016-01-21,42.83781814575195,100.69967651367188
2016-01-22,43.22828674316406,102.36014556884766
2016-01-25,42.502410888671875,100.92646026611328
2016-01-26,42.87786865234375,103.17826080322266
2016-01-27,42.957969665527344,104.49044799804688
2016-01-28,43.278358459472656,104.20697021484375
2016-01-29,43.89912414550781,108.35418701171875
2016-02-01,43.83404541015625,108.23267364501953
2016-02-02,42.762718200683594,108.1597900390625
2016-02-03,43.03306198120117,108.37039947509766
2016-02-04,44.114383697509766,109.63400268554688
2016-02-05,43.974220275878906,108.7024917602539
2016-02-08,43.443565368652344,107.13105773925781
2016-02-09,43.673851013183594,107.0257568359375
2016-02-10,43.53367233276367,107.78717041015625
2016-02-11,42.38225173950195,104.1502456665039
2016-02-12,43.028053283691406,105.44628143310547
2016-02-16,43.29337692260742,106.5235824584961
2016-02-17,44.44330978393555,109.37477111816406
2016-02-18,44.564334869384766,109.39099884033203
2016-02-19,44.49877166748047,109.56108856201172
2016-02-22,46.5867919921875,110.6626968383789
2016-02-23,46.19843673706055,110.08757781982422
2016-02-24,47.21217346191406,109.4719467163086
2016-02-25,49.46158218383789,111.16490936279297
2016-02-26,49.269920349121094,111.05960083007812
2016-02-29,48.73026657104492,110.37921142578125
2016-03-01,47.938438415527344,111.97488403320312
2016-03-02,48.180519104003906,109.84459686279297
2016-03-03,48.47305679321289,109.94986724853516
2016-03-04,48.92192077636719,109.5772933959961
2016-03-07,48.88157272338867,107.18778991699219
2016-03-08,48.87149429321289,106.43447875976562
2016-03-09,48.720176696777344,106.84757232666016
2016-03-10,48.50835037231445,108.19221496582031
2016-03-11,48.795833587646484,109.77165222167969
2016-03-14,48.8361701965332,108.71057891845703
2016-03-15,48.56382369995117,107.96540069580078
2016-03-16,49.16904067993164,108.5323715209961
2016-03-17,49.849937438964844,108.6376953125
2016-03-18,49.955833435058594,109.7149887084961
2016-03-21,50.016353607177734,109.17227172851562
2016-03-22,49.75914764404297,109.54491424560547
2016-03-23,49.98610305786133,108.79971313476562
2016-03-24,49.960880279541016,104.55524444580078
2016-03-28,49.88522720336914,105.96466064453125
2016-03-29,50.4954948425293,106.80709838867188
2016-03-30,50.561065673828125,106.70176696777344
2016-03-31,50.485408782958984,106.41019439697266
2016-04-01,50.41983413696289,107.19589233398438
2016-04-04,50.57114028930664,106.66938018798828
2016-04-05,50.36436080932617,105.98087310791016
2016-04-06,50.6215705871582,107.3170166015625
2016-04-07,50.88383865356445,107.04817962646484
2016-04-08,51.1007194519043,108.2865982055664
2016-04-11,51.5142707824707,107.46366119384766
2016-04-12,51.988365173339844,108.80799865722656
2016-04-13,52.760009765625,109.43539428710938
2016-04-14,52.79533004760742,108.8243179321289
2016-04-15,52.7398567199707,109.83457946777344
2016-04-18,53.02228546142578,111.04036712646484
2016-04-19,52.95671081542969,111.36627197265625
2016-04-20,53.22403335571289,111.38255310058594
2016-04-21,53.1735954284668,112.2054672241211
2016-04-22,53.30976486206055,112.35210418701172
2016-04-25,53.05757522583008,111.44774627685547
2016-04-26,52.85585403442383,113.0120620727539
2016-04-27,53.40558624267578,117.00428771972656
2016-04-28,52.56836700439453,115.00814056396484
2016-04-29,52.63898849487305,114.48675537109375
2016-05-02,52.63898849487305,115.55403137207031
2016-05-03,51.50922775268555,115.96953582763672
2016-05-04,50.77288055419922,115.22811126708984
2016-05-05,50.581214904785156,115.85547637939453
2016-05-06,50.99985122680664,116.86576843261719
2016-05-09,50.48036575317383,116.4828109741211
2016-05-10,51.52436828613281,118.71520233154297
2016-05-11,51.24192428588867,118.10418701171875
2016-05-12,51.17131805419922,118.38932037353516
2016-05-13,50.57114028930664,117.62344360351562
2016-05-16,51.352882385253906,118.43820190429688
2016-05-17,50.46523666381836,118.13671112060547
2016-05-18,50.409393310546875,117.57461547851562
2016-05-19,50.01338195800781,116.98792266845703
2016-05-20,50.31291961669922,117.82711029052734
2016-05-23,50.21137619018555,115.8962173461914
2016-05-24,50.724143981933594,116.47466278076172
2016-05-25,50.932308197021484,116.4828109741211
2016-05-26,50.97800827026367,116.36876678466797
2016-05-27,51.155696868896484,116.61320495605469
2016-05-31,51.06431198120117,115.58660125732422
2016-06-01,50.947540283203125,115.2607421875
2016-06-02,51.170928955078125,114.16898345947266
2016-06-03,50.988162994384766,114.25041198730469
2016-06-06,51.4603157043457,114.34007263183594
2016-06-07,51.50602340698242,114.92666625976562
2016-06-08,51.82078170776367,115.27704620361328
2016-06-09,51.947715759277344,115.67620086669922
2016-06-10,51.785247802734375,115.3095932006836
2016-06-13,51.3841667175293,113.33792114257812
2016-06-14,51.37400436401367,113.59867858886719
2016-06-15,51.044002532958984,114.15267181396484
2016-06-16,51.338478088378906,113.86752319335938
2016-06-17,51.37908935546875,113.24015045166016
2016-06-20,51.632930755615234,114.81260681152344
2016-06-21,51.566932678222656,113.58233642578125
2016-06-22,51.45524597167969,113.07722473144531
2016-06-23,51.952789306640625,113.8838119506836
2016-06-24,50.20631408691406,110.91816711425781
2016-06-27,49.35336685180664,108.40876007080078
2016-06-28,50.277381896972656,109.12574768066406
2016-06-29,51.00847244262695,111.13323974609375
2016-06-30,52.06448745727539,114.09123229980469
2016-07-01,52.1558723449707,115.81194305419922
2016-07-05,51.084625244140625,113.41117858886719
2016-07-06,51.47048568725586,114.6238021850586
2016-07-07,51.77001953125,113.64057159423828
2016-07-08,52.6280403137207,115.10726928710938
2016-07-11,52.78034210205078,115.68905639648438
2016-07-12,53.05449295043945,115.97581481933594
2016-07-13,53.354034423828125,116.1314926147461
2016-07-14,53.37940979003906,116.81159210205078
2016-07-15,53.56220626831055,116.42645263671875
2016-07-18,53.5571174621582,115.53335571289062
2016-07-19,53.623111724853516,117.42613220214844
2016-07-20,53.83635330200195,118.43394470214844
2016-07-21,53.73987579345703,117.05742645263672
2016-07-22,53.37434768676758,117.80304718017578
2016-07-25,53.130653381347656,117.7620849609375
2016-07-26,54.77558135986328,118.40937042236328
2016-07-27,54.674049377441406,120.14649963378906
2016-07-28,54.61819839477539,120.53162384033203
2016-07-29,54.65373992919922,120.35956573486328
2016-08-01,54.29326629638672,122.16217803955078
2016-08-02,53.953121185302734,121.44930267333984
2016-08-03,53.96327590942383,121.11334991455078
2016-08-04,53.99880599975586,120.75284576416016
2016-08-05,54.699424743652344,121.998291015625
2016-08-08,54.72481155395508,121.35919189453125
2016-08-09,55.004058837890625,121.736083984375
2016-08-10,54.89236068725586,124.11231231689453
2016-08-11,55.43051528930664,123.9730453491211
2016-08-12,55.27313232421875,124.11231231689453
2016-08-15,55.68946075439453,125.69371795654297
2016-08-16,55.420379638671875,124.8743667602539
2016-08-17,55.64511489868164,125.34138488769531
2016-08-18,55.84431838989258,124.89891815185547
2016-08-19,55.747276306152344,124.85797119140625
2016-08-22,55.42035675048828,124.72683715820312
2016-08-23,55.164981842041016,124.66946411132812
2016-08-24,55.14455032348633,124.78423309326172
2016-08-25,55.0219612121582,125.10375213623047
2016-08-26,54.812538146972656,124.20248413085938
2016-08-29,55.149658203125,125.21849060058594
2016-08-30,54.83297348022461,125.00543212890625
2016-08-31,54.36304473876953,124.72683715820312
2016-09-01,54.511146545410156,125.23485565185547
2016-09-02,54.618438720703125,126.0296859741211
2016-09-06,54.148494720458984,126.70158386230469
2016-09-07,54.06678009033203,125.4560775756836
2016-09-08,54.01569366455078,124.8743667602539
2016-09-09,52.44758605957031,122.8340835571289
2016-09-12,53.13715362548828,124.39092254638672
2016-09-13,52.26370620727539,123.39945983886719
2016-09-14,51.92658996582031,122.76849365234375
2016-09-15,52.462921142578125,124.67769622802734
2016-09-16,51.129764556884766,123.52234649658203
2016-09-19,51.303428649902344,124.68589782714844
2016-09-20,51.20127487182617,124.43186950683594
2016-09-21,52.079833984375,125.44792938232422
2016-09-22,52.611045837402344,126.88998413085938
2016-09-23,52.38629913330078,126.0296859741211
2016-09-26,52.217735290527344,126.07882690429688
2016-09-27,52.2790412902832,127.23411560058594
2016-09-28,52.2790412902832,127.83235931396484
2016-09-29,51.62010955810547,127.50457763671875
2016-09-30,51.89593505859375,127.13583374023438
2016-10-03,52.31990051269531,126.76709747314453
2016-10-04,51.809104919433594,125.81661987304688
2016-10-05,52.22794723510742,126.58245849609375
2016-10-06,52.1411247253418,126.92828369140625
2016-10-07,51.37493896484375,125.95660400390625
2016-10-10,51.0684700012207,125.8989486694336
2016-10-11,50.450416564941406,123.18977355957031
2016-10-12,50.53213119506836,123.5191421508789
2016-10-13,51.0020637512207,124.35084533691406
2016-10-14,51.160400390625,124.62261199951172
2016-10-17,50.9305419921875,123.91443634033203
2016-10-18,51.07357406616211,125.06729125976562
2016-10-19,50.95610046386719,124.68849182128906
2016-10-20,50.71602249145508,124.1038589477539
2016-10-21,50.39933776855469,123.66740417480469
2016-10-24,50.83349609375,124.70498657226562
2016-10-25,51.77334213256836,125.65193939208984
2016-10-26,51.59457778930664,124.4579086303711
2016-10-27,51.114444732666016,123.626220703125
2016-10-28,52.018524169921875,124.75440979003906
2016-10-31,52.2024040222168,124.1285171508789
2016-11-01,52.10536193847656,123.50270080566406
2016-11-02,51.86529541015625,123.2474136352539
2016-11-03,51.615013122558594,123.54388427734375
2016-11-04,51.75802230834961,123.36270904541016
2016-11-07,52.63657760620117,125.48726654052734
2016-11-08,52.800045013427734,126.63188934326172
2016-11-09,53.535552978515625,133.47486877441406
2016-11-10,55.374385833740234,137.114501953125
2016-11-11,55.6042594909668,138.79434204101562
2016-11-14,55.09345245361328,140.1448974609375
2016-11-15,55.001522064208984,138.35794067382812
2016-11-16,54.9706916809082,136.56280517578125
2016-11-17,54.83706283569336,136.38987731933594
2016-11-18,54.73427200317383,137.20504760742188
2016-11-21,54.91414260864258,138.6954803466797
2016-11-22,54.96040344238281,140.1366424560547
2016-11-23,55.56171798706055,140.44131469726562
2016-11-25,55.90605163574219,141.7012176513672
2016-11-28,55.73644256591797,142.18704223632812
2016-11-29,55.9368896484375,144.21275329589844
2016-11-30,55.36128616333008,144.39390563964844
2016-12-01,55.23792266845703,145.25851440429688
2016-12-02,55.61824417114258,147.12779235839844
2016-12-05,55.20709991455078,147.00428771972656
2016-12-06,55.212249755859375,146.6501922607422
2016-12-07,56.36860275268555,146.93014526367188
2016-12-08,55.72617721557617,143.010498046875
2016-12-09,56.42512893676758,144.4268798828125
2016-12-12,56.73348617553711,143.06817626953125
2016-12-13,56.69237518310547,143.53753662109375
2016-12-14,56.15787887573242,143.06817626953125
2016-12-15,55.57197952270508,143.38104248046875
2016-12-16,55.77242660522461,143.61985778808594
2016-12-19,56.954490661621094,143.80101013183594
2016-12-20,56.86712646484375,144.31982421875
2016-12-21,56.78489685058594,143.36460876464844
2016-12-22,56.76946258544922,143.71865844726562
2016-12-23,56.86712646484375,144.31163024902344
2016-12-27,57.036712646484375,143.75987243652344
2016-12-28,56.63069152832031,142.5
2016-12-29,56.81571578979492,142.63169860839844
2016-12-30,56.33775329589844,142.17880249023438
2017-01-03,56.959625244140625,144.4762725830078
2017-01-04,56.9955940246582,144.5503692626953
2017-01-05,57.22686767578125,145.0444793701172
2017-01-06,57.843597412109375,146.13148498535156
2017-01-09,57.30394744873047,144.98683166503906
2017-01-10,57.18062210083008,145.22560119628906
2017-01-11,57.04698181152344,145.8102569580078
2017-01-12,56.954490661621094,145.3573455810547
2017-01-13,56.646121978759766,146.48556518554688
2017-01-17,56.517635345458984,144.90447998046875
2017-01-18,56.748924255371094,145.54953002929688
2017-01-19,56.90821075439453,147.05471801757812
2017-01-20,56.93906021118164,147.44345092773438
2017-01-23,56.707786560058594,146.5751190185547
2017-01-24,57.36048889160156,146.5916290283203
2017-01-25,57.02643585205078,144.9954376220703
2017-01-26,56.71807098388672,146.63291931152344
2017-01-27,56.378868103027344,153.11683654785156
2017-01-30,56.10648727416992,150.9087371826172
2017-01-31,56.36345291137695,149.75912475585938
2017-02-01,55.597686767578125,149.71780395507812
2017-02-02,55.6901969909668,149.1636505126953
2017-02-03,56.35317611694336,151.44630432128906
2017-02-06,56.88251495361328,151.38009643554688
2017-02-07,57.17548370361328,151.52076721191406
2017-02-08,56.738624572753906,151.46279907226562
2017-02-09,56.579307556152344,151.0079803466797
2017-02-10,57.07268524169922,152.5048828125
2017-02-13,57.57120895385742,154.32437133789062
2017-02-14,57.339927673339844,154.8454132080078
2017-02-15,57.856937408447266,155.47393798828125
2017-02-16,57.93965530395508,156.09422302246094
2017-02-17,57.981014251708984,156.35885620117188
2017-02-21,58.161949157714844,156.79714965820312
2017-02-22,58.24467468261719,157.04534912109375
2017-02-23,57.949981689453125,155.7302703857422
2017-02-24,58.14126968383789,156.83023071289062
2017-02-27,58.32223129272461,157.4670867919922
2017-02-28,58.18782043457031,156.9791259765625
2017-03-01,58.77201843261719,159.1294708251953
2017-03-02,58.26018524169922,158.0046844482422
2017-03-03,58.07924270629883,156.84683227539062
2017-03-06,57.727684020996094,157.91368103027344
2017-03-07,58.0482292175293,158.3520050048828
2017-03-08,57.77421951293945,157.45057678222656
2017-03-09,57.867271423339844,157.41749572753906
2017-03-10,57.975833892822266,157.83096313476562
2017-03-13,58.063720703125,158.42642211914062
2017-03-14,57.815574645996094,156.9294891357422
2017-03-15,58.461814880371094,158.50914001464844
2017-03-16,58.07924270629883,157.67385864257812
2017-03-17,58.65309524536133,159.84071350097656
2017-03-20,58.684112548828125,158.7738037109375
2017-03-21,57.986175537109375,156.0529022216797
2017-03-22,57.867271423339844,156.8054656982422
2017-03-23,57.82073211669922,156.7723846435547
2017-03-24,57.80006408691406,155.0852508544922
2017-03-27,57.815574645996094,153.40635681152344
2017-03-28,58.28601837158203,155.8461151123047
2017-03-29,57.934478759765625,155.72201538085938
2017-03-30,58.13610076904297,156.12725830078125
2017-03-31,58.012027740478516,154.820556640625
2017-04-03,57.867271423339844,155.2672119140625
2017-04-04,58.41529083251953,155.2506103515625
2017-04-05,58.161949157714844,154.39501953125
2017-04-06,58.115421295166016,154.76876831054688
2017-04-07,58.41529083251953,156.21434020996094
2017-04-10,58.358428955078125,155.89862060546875
2017-04-11,58.492820739746094,156.4967803955078
2017-04-12,58.02753829956055,154.80206298828125
2017-04-13,57.949981689453125,155.1260223388672
2017-04-17,58.56005096435547,156.9204559326172
2017-04-18,58.70998764038086,155.666015625
2017-04-19,58.379085540771484,155.97341918945312
2017-04-20,58.90643310546875,156.28909301757812
2017-04-21,59.44926071166992,156.96200561523438
2017-04-24,60.13688278198242,159.4293212890625
2017-04-25,60.42122268676758,160.53424072265625
2017-04-26,61.10884094238281,161.87171936035156
2017-04-27,61.40869140625,162.02127075195312
2017-04-28,61.517250061035156,160.99111938476562
2017-05-01,61.48107147216797,160.4594268798828
2017-05-02,61.68788528442383,161.22378540039062
2017-05-03,62.19452667236328,161.31515502929688
2017-05-04,62.55640411376953,161.62249755859375
2017-05-05,62.737342834472656,162.80218505859375
2017-05-08,62.59776306152344,163.1012420654297
2017-05-09,62.79423522949219,163.3172149658203
2017-05-10,62.56676483154297,161.48959350585938
2017-05-11,62.70119094848633,161.97967529296875
2017-05-12,62.46853256225586,162.4864959716797
2017-05-15,62.515071868896484,162.14585876464844
2017-05-16,62.76319885253906,162.23724365234375
2017-05-17,62.160221099853516,159.5124053955078
2017-05-18,62.05106735229492,160.0357666015625
2017-05-19,62.98154830932617,162.7191162109375
2017-05-22,63.241458892822266,164.2808837890625
2017-05-23,63.454586029052734,165.5851593017578
2017-05-24,63.45975875854492,166.13345336914062
2017-05-25,63.54816436767578,167.05563354492188
2017-05-26,63.3402099609375,168.01095581054688
2017-05-30,63.03871536254883,167.81988525390625
2017-05-31,63.04390335083008,168.85003662109375
2017-06-01,63.30900573730469,168.2436065673828
2017-06-02,63.48057556152344,169.22386169433594
2017-06-05,62.88795852661133,167.3712921142578
2017-06-06,62.4409294128418,164.85414123535156
2017-06-07,62.26420974731445,165.21133422851562
2017-06-08,62.34735107421875,165.8509979248047
2017-06-09,62.71122741699219,165.7097930908203
2017-06-12,62.316192626953125,164.8209228515625
2017-06-13,62.40974426269531,166.60694885253906
2017-06-14,62.38376998901367,167.2134246826172
2017-06-15,62.76839828491211,167.8365020751953
2017-06-16,62.60205841064453,168.36822509765625
2017-06-19,63.3402099609375,169.90509033203125
2017-06-20,63.16346740722656,169.3567657470703
2017-06-21,63.288230895996094,169.3817138671875
2017-06-22,63.50655746459961,167.1968536376953
2017-06-23,63.532554626464844,167.24668884277344
2017-06-26,63.350624084472656,166.31622314453125
2017-06-27,63.20509338378906,165.18637084960938
2017-06-28,63.67810821533203,166.83966064453125
2017-06-29,63.23625946044922,163.62457275390625
2017-06-30,63.475372314453125,164.57167053222656
2017-07-03,63.45975875854492,165.86761474609375
2017-07-05,63.828857421875,167.4694366455078
2017-07-06,63.36100387573242,166.0345001220703
2017-07-07,63.73527908325195,167.9032440185547
2017-07-10,63.969207763671875,167.74473571777344
2017-07-11,64.21871185302734,166.7769775390625
2017-07-12,64.30708312988281,167.77806091308594
2017-07-13,63.974403381347656,166.97715759277344
2017-07-14,64.15113830566406,167.8114471435547
2017-07-17,63.995208740234375,166.96878051757812
2017-07-18,63.74568557739258,168.03671264648438
2017-07-19,63.97958755493164,168.80422973632812
2017-07-20,63.65211486816406,168.8542938232422
2017-07-21,64.1927261352539,170.64797973632812
2017-07-24,64.00558471679688,170.96502685546875
2017-07-25,62.59687423706055,169.82203674316406
2017-07-26,62.139427185058594,162.39712524414062
2017-07-27,61.69758605957031,161.7130126953125
2017-07-28,61.791160583496094,165.1334686279297
2017-07-31,61.63520431518555,163.7903289794922
2017-08-01,61.79633712768555,163.9571533203125
2017-08-02,62.56048583984375,165.21688842773438
2017-08-03,62.95036697387695,166.29307556152344
2017-08-04,63.153106689453125,166.91046142578125
2017-08-07,61.60919952392578,167.8031463623047
2017-08-08,61.43767547607422,165.8509521484375
2017-08-09,60.92304611206055,167.686279296875
2017-08-10,60.694332122802734,165.41712951660156
2017-08-11,60.761905670166016,165.09178161621094
2017-08-14,60.89706039428711,167.1023406982422
2017-08-15,60.27846145629883,166.42660522460938
2017-08-16,61.7114372253418,167.3609161376953
2017-08-17,60.71776580810547,165.1752166748047
2017-08-18,60.393516540527344,165.7925567626953
2017-08-21,60.28892135620117,165.7925567626953
2017-08-22,60.50334167480469,167.87818908691406
2017-08-23,61.20415496826172,166.6435089111328
2017-08-24,60.299381256103516,166.40989685058594
2017-08-25,60.179100036621094,166.05953979492188
2017-08-28,60.31508255004883,165.07508850097656
2017-08-29,62.07749557495117,167.6446075439453
2017-08-30,62.548194885253906,167.86985778808594
2017-08-31,62.6109504699707,167.97830200195312
2017-09-01,61.669586181640625,166.85203552246094
2017-09-05,58.16041946411133,165.7925567626953
2017-09-06,57.32364273071289,164.1324005126953
2017-09-07,57.51714324951172,164.38259887695312
2017-09-08,57.292266845703125,165.07508850097656
2017-09-11,57.33933639526367,167.12738037109375
2017-09-12,57.45438766479492,166.0177764892578
2017-09-13,57.67403793334961,164.22413635253906
2017-09-14,59.16974639892578,164.87489318847656
2017-09-15,59.13837814331055,165.4088134765625
2017-09-18,58.976261138916016,168.67074584960938
2017-09-19,59.43648147583008,169.4549560546875
2017-09-20,59.671817779541016,170.4143524169922
2017-09-21,59.881011962890625,171.62405395507812
2017-09-22,60.147735595703125,171.36538696289062
2017-09-25,59.771183013916016,170.91493225097656
2017-09-26,59.99605941772461,171.2986297607422
2017-09-27,61.2825927734375,172.52505493164062
2017-09-28,60.5817985534668,171.0484161376953
2017-09-29,60.70729446411133,171.5072479248047
2017-10-02,61.49180221557617,174.12681579589844
2017-10-03,61.55976486206055,175.63682556152344
2017-10-04,61.517940521240234,176.2792205810547
2017-10-05,61.80036926269531,178.7836151123047
2017-10-06,61.83171081542969,178.07167053222656
2017-10-09,62.0408935546875,178.85060119628906
2017-10-10,61.77419662475586,178.02975463867188
2017-10-11,61.58068084716797,178.26429748535156
2017-10-12,62.14027404785156,179.00973510742188
2017-10-13,62.087989807128906,178.6914825439453
2017-10-16,62.23964309692383,178.77525329589844
2017-10-17,62.422672271728516,177.1837615966797
2017-10-18,62.32854080200195,176.22055053710938
2017-10-19,62.49066925048828,177.26751708984375
2017-10-20,63.243770599365234,179.12696838378906
2017-10-23,63.22285842895508,177.9962615966797
2017-10-24,62.621395111083984,177.63604736328125
2017-10-25,62.22919464111328,173.5905303955078
2017-10-26,62.72077178955078,170.79298400878906
2017-10-27,62.2710075378418,171.6976318359375
2017-10-30,62.66846466064453,172.68594360351562
2017-10-31,62.63188171386719,170.01400756835938
2017-11-01,62.82014083862305,168.87489318847656
2017-11-02,63.520931243896484,170.7176055908203
2017-11-03,63.31696701049805,170.9186248779297
2017-11-06,62.961334228515625,169.50311279296875
2017-11-07,63.14960479736328,170.6673126220703
2017-11-08,62.90382385253906,169.71249389648438
2017-11-09,61.90492248535156,166.57150268554688
2017-11-10,61.768959045410156,167.32534790039062
2017-11-13,61.22506332397461,167.62686157226562
2017-11-14,62.12981414794922,167.70230102539062
2017-11-15,61.48655700683594,166.6720733642578
2017-11-16,62.0231819152832,166.8647003173828
2017-11-17,61.30767822265625,165.65016174316406
2017-11-20,61.22876739501953,166.46263122558594
2017-11-21,61.57598876953125,167.60174560546875
2017-11-22,61.41288375854492,167.55149841308594
2017-11-24,61.50758361816406,167.51797485351562
2017-11-27,61.61808776855469,168.41424560546875
2017-11-28,61.92848205566406,171.0275115966797
2017-11-29,62.165260314941406,171.01077270507812
2017-11-30,63.896141052246094,173.51513671875
2017-12-01,63.19643020629883,169.72921752929688
2017-12-04,63.15433883666992,168.93353271484375
2017-12-05,63.285865783691406,167.442626953125
2017-12-06,63.764617919921875,167.69390869140625
2017-12-07,64.39591217041016,167.660400390625
2017-12-08,64.61166381835938,168.41424560546875
2017-12-11,64.86944580078125,167.21646118164062
2017-12-12,64.96414184570312,164.3184051513672
2017-12-13,65.39555358886719,164.69534301757812
2017-12-14,65.11144256591797,164.3519287109375
2017-12-15,66.37937927246094,166.54637145996094
2017-12-18,66.66346740722656,166.21974182128906
2017-12-19,66.70030975341797,167.37557983398438
2017-12-20,66.81607818603516,168.6068878173828
2017-12-21,66.97914123535156,169.59524536132812
2017-12-22,66.93704986572266,169.72921752929688
2017-12-26,66.88971710205078,169.1680908203125
2017-12-27,67.12120819091797,169.79624938964844
2017-12-28,67.40530395507812,170.75106811523438
2017-12-29,67.11593627929688,170.40768432617188
2018-01-02,67.42633819580078,167.9284210205078
2018-01-03,68.41542053222656,168.97540283203125
2018-01-04,68.6311264038086,171.88185119628906
2018-01-05,69.22037506103516,171.4547119140625
2018-01-08,69.87801361083984,171.4547119140625
2018-01-09,70.6408920288086,172.4430694580078
2018-01-10,70.97233581542969,171.49659729003906
2018-01-11,71.01968383789062,172.13314819335938
2018-01-12,71.8561782836914,176.38807678222656
2018-01-16,70.48304748535156,172.82000732421875
2018-01-17,70.71977996826172,174.65431213378906
2018-01-18,70.81977081298828,174.75518798828125
2018-01-19,71.49845123291016,175.84841918945312
2018-01-22,71.13542175292969,175.0916290283203
2018-01-23,71.56684875488281,174.48606872558594
2018-01-24,71.38268280029297,184.4011993408203
2018-01-25,72.47172546386719,190.50669860839844
2018-01-26,72.5927505493164,190.2628936767578
2018-01-29,71.9035415649414,189.64053344726562
2018-01-30,71.81411743164062,188.614501953125
2018-01-31,72.60852813720703,187.10073852539062
2018-02-01,72.77162170410156,189.39663696289062
2018-02-02,70.81977081298828,186.46160888671875
2018-02-05,66.94230651855469,177.63133239746094
2018-02-06,68.2944107055664,178.6741180419922
2018-02-07,69.43081665039062,180.76817321777344
2018-02-08,67.06858825683594,173.283447265625
2018-02-09,65.77960968017578,178.37142944335938
2018-02-12,67.01597595214844,176.21011352539062
2018-02-13,66.1689453125,178.1275177001953
2018-02-14,66.6582260131836,183.54339599609375
2018-02-15,68.77434539794922,189.55641174316406
2018-02-16,68.38285827636719,188.53883361816406
2018-02-20,66.90158081054688,186.5541229248047
2018-02-21,68.38285827636719,185.64585876464844
2018-02-22,70.66829681396484,185.13287353515625
2018-02-23,70.4407958984375,185.85610961914062
2018-02-26,71.66816711425781,190.7169647216797
2018-02-27,70.8428726196289,188.2864990234375
2018-02-28,71.281982421875,187.07553100585938
2018-03-01,68.93305206298828,184.30027770996094
2018-03-02,68.74260711669922,187.82394409179688
2018-03-05,69.67899322509766,188.917236328125
2018-03-06,69.62609100341797,189.06019592285156
2018-03-07,69.26636505126953,190.2964630126953
2018-03-08,69.44094848632812,190.60763549804688
2018-03-09,70.9275131225586,193.38287353515625
2018-03-12,69.56793212890625,188.917236328125
2018-03-13,68.85372161865234,187.83236694335938
2018-03-14,68.55216217041016,186.43638610839844
2018-03-15,68.3775863647461,187.20167541503906
2018-03-16,67.89086151123047,187.31939697265625
2018-03-19,67.29307556152344,188.294921875
2018-03-20,67.27189636230469,189.53958129882812
2018-03-21,67.1872787475586,188.16880798339844
2018-03-22,65.63719177246094,183.64430236816406
2018-03-23,64.70610046386719,184.0143585205078
2018-03-26,66.99679565429688,187.93333435058594
2018-03-27,66.27731323242188,185.9149627685547
2018-03-28,65.83822631835938,182.72767639160156
2018-03-29,66.56298065185547,185.77200317382812
2018-04-02,65.32505798339844,184.0732421875
2018-04-03,66.08157348632812,185.28428649902344
2018-04-04,66.53655242919922,183.78724670410156
2018-04-05,66.5312271118164,186.04112243652344
2018-04-06,64.94412994384766,181.43255615234375
2018-04-09,64.65849304199219,180.77659606933594
2018-04-10,65.04996490478516,180.3477020263672
2018-04-11,64.78016662597656,181.92030334472656
2018-04-12,65.203369140625,184.31053161621094
2018-04-13,64.9177017211914,184.4710235595703
2018-04-16,65.4996566772461,184.46258544921875
2018-04-17,65.88054656982422,187.00485229492188
2018-04-18,66.02339935302734,190.45083618164062
2018-04-19,65.52079772949219,190.02012634277344
2018-04-20,65.11343383789062,188.44070434570312
2018-04-23,65.31448364257812,190.84783935546875
2018-04-24,64.59500122070312,187.52003479003906
2018-04-25,64.2511215209961,181.19395446777344
2018-04-26,64.97592163085938,178.84596252441406
2018-04-27,64.78545379638672,172.05528259277344
2018-04-30,63.56337356567383,170.02825927734375
2018-05-01,62.933815002441406,166.64134216308594
2018-05-02,62.69047164916992,165.27304077148438
2018-05-03,62.26722717285156,164.69871520996094
2018-05-04,63.22479248046875,164.75787353515625
2018-05-07,63.954864501953125,165.92344665527344
2018-05-08,64.43098449707031,168.600830078125
2018-05-09,65.12931060791016,169.80862426757812
2018-05-10,65.6530532836914,170.3323211669922
2018-05-11,65.85411071777344,172.23265075683594
2018-05-14,66.11862182617188,171.5147705078125
2018-05-15,65.89111328125,170.31536865234375
2018-05-16,66.01278686523438,169.3440399169922
2018-05-17,66.29476928710938,170.4082794189453
2018-05-18,66.60334777832031,171.05020141601562
2018-05-21,68.1249008178711,173.7952117919922
2018-05-22,68.02915954589844,172.61273193359375
2018-05-23,67.87487030029297,173.6177978515625
2018-05-24,67.77909088134766,176.2952117919922
2018-05-25,67.58224487304688,175.780029296875
2018-05-29,66.56078338623047,170.4505157470703
2018-05-30,67.14069366455078,172.33399963378906
2018-05-31,66.40650177001953,170.3660888671875
2018-06-01,66.93318939208984,171.85256958007812
2018-06-04,67.18856048583984,171.11778259277344
2018-06-05,67.0076675415039,169.85084533691406
2018-06-06,67.47053527832031,170.19708251953125
2018-06-07,67.87487030029297,171.32894897460938
2018-06-08,67.89080047607422,171.10092163085938
2018-06-11,68.1887435913086,170.35760498046875
2018-06-12,68.01850128173828,167.65487670898438
2018-06-13,67.53437805175781,168.76971435546875
2018-06-14,67.53437805175781,165.39132690429688
2018-06-15,67.51841735839844,165.3744354248047
2018-06-18,67.82697296142578,165.5180206298828
2018-06-19,66.52883911132812,161.05848693847656
2018-06-20,66.69380187988281,161.65814208984375
2018-06-21,65.69358825683594,159.149658203125
2018-06-22,66.43309783935547,159.95204162597656
2018-06-25,66.29476928710938,159.715576171875
2018-06-26,66.8427505493164,159.46214294433594
2018-06-27,66.1617660522461,157.0043487548828
2018-06-28,66.2894515991211,158.31349182128906
2018-06-29,66.5182113647461,157.44357299804688
2018-07-02,66.5182113647461,158.25439453125
2018-07-03,66.45968627929688,160.21383666992188
2018-07-05,66.47566223144531,160.16297912597656
2018-07-06,66.7150650024414,160.28173828125
2018-07-09,67.39604949951172,162.5734100341797
2018-07-10,67.59822082519531,163.6428680419922
2018-07-11,66.43840789794922,162.54803466796875
2018-07-12,67.75248718261719,164.35581970214844
2018-07-13,68.90166473388672,163.59197998046875
2018-07-16,68.61968994140625,162.53944396972656
2018-07-17,69.54008483886719,163.23553466796875
2018-07-18,70.06146240234375,165.87513732910156
2018-07-19,69.35387420654297,164.95851135253906
2018-07-20,69.3006820678711,165.74786376953125
2018-07-23,68.82717895507812,164.0078582763672
2018-07-24,71.41809844970703,166.99554443359375
2018-07-25,71.68944549560547,172.6822967529297
2018-07-26,72.26934051513672,170.1614532470703
2018-07-27,71.5723876953125,168.60821533203125
2018-07-30,70.81160736083984,166.5796661376953
2018-07-31,72.21614837646484,169.55032348632812
2018-08-01,71.76924896240234,166.367431640625
2018-08-02,71.35427856445312,165.4592742919922
2018-08-03,71.23189544677734,164.7378387451172
2018-08-06,71.25849151611328,164.25401306152344
2018-08-07,71.55110931396484,166.5966033935547
2018-08-08,71.66815185546875,165.62054443359375
2018-08-09,71.41809844970703,163.44766235351562
2018-08-10,70.81160736083984,162.80264282226562
2018-08-13,70.32213592529297,162.82801818847656
2018-08-14,70.44984436035156,164.3473663330078
2018-08-15,70.0933837890625,163.2270050048828
2018-08-16,71.30218505859375,163.33734130859375
2018-08-17,71.90655517578125,164.38986206054688
2018-08-20,72.28097534179688,165.44229125976562
2018-08-21,72.73023223876953,165.4762725830078
2018-08-22,71.26473999023438,163.3712921142578
2018-08-23,70.93311309814453,162.61587524414062
2018-08-24,71.32890319824219,163.46466064453125
2018-08-27,72.39862823486328,165.75628662109375
2018-08-28,71.93865203857422,166.0364227294922
2018-08-29,71.46797943115234,165.26406860351562
2018-08-30,70.91708374023438,163.396728515625
2018-08-31,70.44103240966797,164.15213012695312
2018-09-04,70.54798126220703,163.48165893554688
2018-09-05,71.01869201660156,164.64443969726562
2018-09-06,71.41448211669922,165.7139129638672
2018-09-07,70.6068344116211,165.26406860351562
2018-09-10,71.48401641845703,166.09584045410156
2018-09-11,71.46260833740234,166.4098663330078
2018-09-12,71.61238861083984,166.5286865234375
2018-09-13,72.48422241210938,168.54031372070312
2018-09-14,73.70368194580078,170.1868896484375
2018-09-17,73.68229675292969,171.8165740966797
2018-09-18,74.6557388305664,173.66690063476562
2018-09-19,75.14778900146484,173.15757751464844
2018-09-20,75.86986541748047,172.18150329589844
2018-09-21,75.99287414550781,173.70933532714844
2018-09-24,75.06221771240234,172.1560516357422
2018-09-25,74.72523498535156,172.70774841308594
2018-09-26,74.64505767822266,171.332763671875
2018-09-27,74.70922088623047,171.51953125
2018-09-28,74.77875518798828,173.76026916503906
2018-10-01,75.37244415283203,174.42230224609375
2018-10-02,75.65592956542969,173.98092651367188
2018-10-03,75.4259262084961,174.6090087890625
2018-10-04,75.08895874023438,175.56399536132812
2018-10-05,74.37762451171875,175.9135284423828
2018-10-08,74.66107940673828,176.6297149658203
2018-10-09,72.67675018310547,174.07186889648438
2018-10-10,70.1308364868164,168.6662139892578
2018-10-11,69.1948013305664,164.50540161132812
2018-10-12,69.3338623046875,163.57603454589844
2018-10-15,69.70829010009766,164.24105834960938
2018-10-16,70.87428283691406,166.01458740234375
2018-10-17,69.56920623779297,165.27279663085938
2018-10-18,68.96482849121094,163.0388946533203
2018-10-19,68.82576751708984,162.22039794921875
2018-10-22,67.60627746582031,162.11805725097656
2018-10-23,69.54246520996094,160.08029174804688
2018-10-24,65.29035186767578,147.70870971679688
2018-10-25,66.53656768798828,145.4578094482422
2018-10-26,65.91077423095703,144.8268280029297
2018-10-29,64.76617431640625,142.42239379882812
2018-10-30,65.58451843261719,146.55764770507812
2018-10-31,66.4349594116211,147.14596557617188
2018-11-01,68.23741912841797,152.1082000732422
2018-11-02,68.15718078613281,150.8975372314453
2018-11-05,68.06089782714844,151.7415771484375
2018-11-06,68.42996978759766,155.34820556640625
2018-11-07,69.82595825195312,157.76113891601562
2018-11-08,70.24848937988281,157.3603973388672
2018-11-09,69.91155242919922,157.3092498779297
2018-11-12,68.6225357055664,154.33360290527344
2018-11-13,69.06109619140625,153.54066467285156
2018-11-14,68.9380874633789,153.33604431152344
2018-11-15,69.7853012084961,155.46755981445312
2018-11-16,70.00050354003906,156.08148193359375
2018-11-19,68.77400207519531,152.94381713867188
2018-11-20,67.77884674072266,149.9937286376953
2018-11-21,67.6228256225586,150.701416015625
2018-11-23,69.41413879394531,151.9888458251953
2018-11-26,68.84396362304688,153.2081298828125
2018-11-27,65.99292755126953,152.31280517578125
2018-11-28,66.0197982788086,155.20326232910156
2018-11-29,65.1968002319336,155.3226318359375
2018-11-30,65.54105377197266,157.64178466796875
2018-12-03,66.48782348632812,154.81106567382812
2018-12-04,65.019287109375,147.6575164794922
2018-12-06,65.33125305175781,145.8158416748047
2018-12-07,64.25541687011719,142.71231079101562
2018-12-10,64.23391723632812,146.82196044921875
2018-12-11,63.975704193115234,146.8816375732422
2018-12-12,64.36839294433594,145.98641967773438
2018-12-13,64.1478271484375,145.80735778808594
2018-12-14,63.90576934814453,144.06802368164062
2018-12-17,62.02840042114258,139.36148071289062
2018-12-18,62.2812385559082,138.8158416748047
2018-12-19,61.21613693237305,135.558837890625
2018-12-20,58.96759796142578,131.82431030273438
2018-12-21,57.117130279541016,128.31150817871094
2018-12-24,54.900856018066406,126.36750793457031
2018-12-26,57.02568435668945,129.7439422607422
2018-12-27,56.89120864868164,132.25914001464844
2018-12-28,56.6652717590332,132.42967224121094
2018-12-31,57.27851104736328,134.04112243652344
2019-01-02,58.257537841796875,134.08377075195312
2019-01-03,55.66473388671875,130.76707458496094
2019-01-04,57.568973541259766,134.51858520507812
2019-01-07,57.542083740234375,135.26885986328125
2019-01-08,58.580299377441406,135.27743530273438
2019-01-09,58.80622863769531,137.1873016357422
2019-01-10,59.39255905151367,138.49180603027344
2019-01-11,59.145118713378906,139.66842651367188
2019-01-14,59.62925338745117,140.28231811523438
2019-01-15,59.74221420288086,139.0972137451172
2019-01-16,59.640010833740234,139.4893798828125
2019-01-17,60.66206359863281,142.10479736328125
2019-01-18,61.26994323730469,144.55726623535156
2019-01-22,59.74221420288086,143.3910369873047
2019-01-23,62.95903015136719,144.7544708251953
2019-01-24,62.16289520263672,146.47804260253906
2019-01-25,62.2973518371582,146.82106018066406
2019-01-28,61.904666900634766,147.65280151367188
2019-01-29,63.389366149902344,150.91989135742188
2019-01-30,64.07789611816406,146.55520629882812
2019-01-31,63.51308822631836,146.77813720703125
2019-02-01,64.00259399414062,144.9430694580078
2019-02-04,64.08866119384766,149.7279510498047
2019-02-05,64.96549224853516,147.6785125732422
2019-02-06,65.28286743164062,148.14157104492188
2019-02-07,64.93858337402344,148.85330200195312
2019-02-08,65.89073181152344,147.5928192138672
2019-02-11,66.01444244384766,146.5723114013672
2019-02-12,66.69225311279297,148.14157104492188
2019-02-13,66.9289321899414,148.75897216796875
2019-02-14,67.16973114013672,147.5756378173828
2019-02-15,69.13399505615234,150.26815795898438
2019-02-19,69.61018371582031,149.87371826171875
2019-02-20,69.49655151367188,149.59071350097656
2019-02-21,68.35478210449219,147.17263793945312
2019-02-22,69.139404296875,147.9529266357422
2019-02-25,69.40996551513672,148.4674072265625
2019-02-26,68.82556915283203,145.77487182617188
2019-02-27,68.66862487792969,145.20892333984375
2019-02-28,68.00305938720703,145.9635009765625
2019-03-01,68.05715942382812,145.15745544433594
2019-03-04,68.04095458984375,142.9879608154297
2019-03-05,68.14915466308594,144.08555603027344
2019-03-06,67.85153198242188,142.74786376953125
2019-03-07,67.34830474853516,142.63644409179688
2019-03-08,67.11019897460938,142.46490478515625
2019-03-11,68.1870346069336,145.35467529296875
2019-03-12,67.46192932128906,144.72015380859375
2019-03-13,68.5279541015625,147.249755859375
2019-03-14,68.6632080078125,145.42330932617188
2019-03-15,68.13833618164062,145.5947723388672
2019-03-18,68.66862487792969,147.20693969726562
2019-03-19,68.4576187133789,146.3922882080078
2019-03-20,67.80826568603516,144.4800567626953
2019-03-21,68.65782928466797,145.62905883789062
2019-03-22,67.72164916992188,142.21627807617188
2019-03-25,67.85694122314453,142.87652587890625
2019-03-26,68.25737762451172,143.1166229248047
2019-03-27,68.3439712524414,142.8250732421875
2019-03-28,68.86885833740234,143.8540802001953
2019-03-29,69.74547576904297,145.15745544433594
2019-04-01,72.07231140136719,147.7556915283203
2019-04-02,71.37425994873047,145.72340393066406
2019-04-03,71.05497741699219,143.84548950195312
2019-04-04,71.80717468261719,145.06312561035156
2019-04-05,72.3591079711914,146.7352294921875
2019-04-08,72.27251434326172,147.74708557128906
2019-04-09,71.56365203857422,145.06312561035156
2019-04-10,71.244384765625,145.23464965820312
2019-04-11,71.87210083007812,147.8917236328125
2019-04-12,73.2140884399414,150.9111785888672
2019-04-15,72.80824279785156,148.3834991455078
2019-04-16,73.2357406616211,149.88455200195312
2019-04-17,73.4792251586914,150.5661163330078
2019-04-18,74.13399505615234,152.5675811767578
2019-04-22,74.08528900146484,152.7228240966797
2019-04-23,75.76819610595703,157.32965087890625
2019-04-24,75.53550720214844,155.91476440429688
2019-04-25,75.61125183105469,152.59341430664062
2019-04-26,76.17943572998047,153.6200714111328
2019-04-29,76.90454864501953,154.603515625
2019-04-30,77.16969299316406,154.18080139160156
2019-05-01,76.61234283447266,152.1707305908203
2019-05-02,75.64911651611328,150.60057067871094
2019-05-03,76.63938903808594,152.4294891357422
2019-05-06,75.86558532714844,151.28213500976562
2019-05-07,73.28983306884766,147.0722198486328
2019-05-08,74.171875,145.18287658691406
2019-05-09,74.0582275390625,148.42665100097656
2019-05-10,74.22598266601562,149.31515502929688
2019-05-13,71.40673828125,144.92410278320312
2019-05-14,72.49980163574219,145.35540771484375
2019-05-15,72.49980163574219,144.69117736816406
2019-05-16,73.59074401855469,146.5287322998047
2019-05-17,72.77457427978516,143.5265350341797
2019-05-20,72.62763977050781,146.04559326171875
2019-05-21,74.01513671875,147.90902709960938
2019-05-22,73.67781066894531,146.0369415283203
2019-05-23,70.97901153564453,141.11961364746094
2019-05-24,71.49590301513672,141.5078125
2019-05-28,70.69063568115234,141.18861389160156
2019-05-29,70.4457778930664,140.02394104003906
2019-05-30,69.86358642578125,139.95494079589844
2019-05-31,68.72097778320312,138.73858642578125
2019-06-03,69.02566528320312,140.74864196777344
2019-06-04,70.39137268066406,144.74290466308594
2019-06-05,71.4741439819336,148.3317108154297
2019-06-06,71.64282989501953,148.36622619628906
2019-06-07,71.90399169921875,150.08299255371094
2019-06-10,69.6513900756836,149.5825958251953
2019-06-11,66.89273071289062,146.42518615722656
2019-06-12,67.50758361816406,146.69256591796875
2019-06-13,67.91024017333984,148.3317108154297
2019-06-14,68.1768569946289,147.73643493652344
2019-06-17,67.59463500976562,148.19371032714844
2019-06-18,68.89506530761719,149.75518798828125
2019-06-19,68.97125244140625,149.7810516357422
2019-06-20,70.75049591064453,153.525146484375
2019-06-21,70.05402374267578,153.06788635253906
2019-06-24,70.83209228515625,153.40440368652344
2019-06-25,70.2009506225586,153.24911499023438
2019-06-26,69.5153579711914,154.33609008789062
2019-06-27,70.17375183105469,153.31809997558594
2019-06-28,70.84297943115234,156.8551025390625
2019-07-01,71.4632797241211,157.4762725830078
2019-07-02,71.80062866210938,158.36488342285156
2019-07-03,72.36647033691406,158.4516143798828
2019-07-05,72.11620330810547,158.1306610107422
2019-07-08,71.20752716064453,157.4279327392578
2019-07-09,70.94635772705078,156.87271118164062
2019-07-10,70.97901153564453,158.35617065429688
2019-07-11,71.4632797241211,159.2757568359375
2019-07-12,72.75824737548828,161.21897888183594
2019-07-15,72.49165344238281,161.70477294921875
2019-07-16,72.46987915039062,162.12985229492188
2019-07-17,70.78857421875,159.23239135742188
2019-07-18,71.44149780273438,158.91139221191406
2019-07-19,72.03457641601562,159.49261474609375
2019-07-22,72.33930206298828,160.16058349609375
2019-07-23,73.42206573486328,161.33175659179688
2019-07-24,73.04664611816406,162.78050231933594
2019-07-25,74.1947021484375,162.75453186035156
2019-07-26,73.79747772216797,164.5935821533203
2019-07-29,73.8464584350586,164.68038940429688
2019-07-30,73.61793518066406,164.06442260742188
2019-07-31,72.69294738769531,161.30575561523438
2019-08-01,71.7353286743164,159.1282958984375
2019-08-02,71.17488861083984,157.8616943359375
2019-08-05,68.42170715332031,153.3506317138672
2019-08-06,70.08123779296875,156.73390197753906
2019-08-07,70.19549560546875,156.8900909423828
2019-08-08,71.5394287109375,159.7702178955078
2019-08-09,71.40885925292969,159.70948791503906
2019-08-12,69.65682983398438,157.32383728027344
2019-08-13,70.16283416748047,158.8506622314453
2019-08-14,67.63274383544922,156.87271118164062
2019-08-15,67.72854614257812,158.07855224609375
2019-08-16,68.44554901123047,159.92637634277344
2019-08-19,69.31584167480469,162.73712158203125
2019-08-20,69.33770751953125,162.37278747558594
2019-08-21,69.69348907470703,163.50921630859375
2019-08-22,70.038330078125,162.70242309570312
2019-08-23,67.55335998535156,159.23239135742188
2019-08-26,68.68638610839844,160.18663024902344
2019-08-27,68.18281555175781,159.0675811767578
2019-08-28,69.44172668457031,160.87196350097656
2019-08-29,70.88671875,164.36807250976562
2019-08-30,71.2862777709961,165.9295654296875
2019-09-03,70.59115600585938,164.20321655273438
2019-09-04,71.72962188720703,165.4438018798828
2019-09-05,72.81336212158203,166.79714965820312
2019-09-06,73.17462921142578,167.14410400390625
2019-09-09,73.40450286865234,163.1535186767578
2019-09-10,73.29502868652344,162.98001098632812
2019-09-11,74.4116439819336,163.61334228515625
2019-09-12,75.23810577392578,164.31602478027344
2019-09-13,75.5665283203125,164.79310607910156
2019-09-16,75.57746887207031,165.66928100585938
2019-09-17,75.10128021240234,165.96429443359375
2019-09-18,75.34757995605469,165.08810424804688
2019-09-19,75.27642822265625,163.20558166503906
2019-09-20,74.20361328125,162.54624938964844
2019-09-23,74.25836181640625,162.04312133789062
2019-09-24,74.15435028076172,160.22999572753906
2019-09-25,74.8932876586914,161.35775756835938
2019-09-26,75.27642822265625,161.35775756835938
2019-09-27,74.65245056152344,158.77261352539062
2019-09-30,74.72361755371094,158.52102661132812
2019-10-01,73.22936248779297,155.03358459472656
2019-10-02,71.41218566894531,151.3032989501953
2019-10-03,71.81718444824219,151.71102905273438
2019-10-04,72.91187286376953,153.23785400390625
2019-10-07,72.62727355957031,153.28988647460938
2019-10-08,71.58732604980469,153.11636352539062
2019-10-09,72.22772216796875,153.59353637695312
2019-10-10,73.30049896240234,154.1693878173828
2019-10-11,74.52106475830078,156.73468017578125
2019-10-14,74.39520263671875,156.28968811035156
2019-10-15,74.52106475830078,155.705078125
2019-10-16,74.82758331298828,155.5654754638672
2019-10-17,75.62670135498047,154.23049926757812
2019-10-18,74.87684631347656,152.19741821289062
2019-10-21,75.72522735595703,153.08743286132812
2019-10-22,77.40013122558594,156.95285034179688
2019-10-23,76.5791015625,151.43833923339844
2019-10-24,78.51122283935547,152.4068603515625
2019-10-25,78.24850463867188,151.4208984375
2019-10-28,78.29229736328125,152.63369750976562
2019-10-29,77.72305297851562,153.5935516357422
2019-10-30,78.73017120361328,155.52186584472656
2019-10-31,78.58786010742188,154.26541137695312
2019-11-01,80.28465270996094,156.82192993164062
2019-11-04,80.73893737792969,155.37356567382812
2019-11-05,80.92504119873047,156.4467315673828
2019-11-06,81.17681121826172,158.4273681640625
2019-11-07,81.40668487548828,159.63148498535156
2019-11-08,81.48878479003906,161.4900360107422
2019-11-11,81.1275405883789,160.85304260253906
2019-11-12,81.22057342529297,161.66456604003906
2019-11-13,81.17681121826172,161.17591857910156
2019-11-14,81.4710922241211,161.58599853515625
2019-11-15,82.15869140625,163.235107421875
2019-11-18,82.02116394042969,162.798828125
2019-11-19,81.61410522460938,161.37661743164062
2019-11-20,80.66797637939453,160.83563232421875
2019-11-21,81.02552795410156,159.63148498535156
2019-11-22,81.24556732177734,159.5704345703125
2019-11-25,81.14654541015625,159.3784637451172
2019-11-26,81.47659301757812,158.82003784179688
2019-11-27,81.86165618896484,159.10801696777344
2019-11-29,81.59762573242188,158.57574462890625
2019-12-02,79.7548599243164,155.3037109375
2019-12-03,79.061767578125,154.47479248046875
2019-12-04,79.49632263183594,155.38221740722656
2019-12-05,79.90338134765625,159.12545776367188
2019-12-06,80.85501098632812,160.15504455566406
2019-12-09,80.43144989013672,159.823486328125
2019-12-10,79.96389770507812,157.4763641357422
2019-12-11,81.00902557373047,156.4205780029297
2019-12-12,82.1861801147461,157.4676055908203
2019-12-13,81.99917602539062,156.21116638183594
2019-12-16,82.21369934082031,157.5723419189453
2019-12-17,81.75162506103516,158.017333984375
2019-12-18,81.25105285644531,155.71385192871094
2019-12-19,81.80113983154297,155.87957763671875
2019-12-20,82.23018646240234,155.6003875732422
2019-12-23,82.41171264648438,156.83067321777344
2019-12-24,82.27420043945312,156.02792358398438
2019-12-26,82.90128326416016,155.47821044921875
2019-12-27,82.66475677490234,154.867431640625
2019-12-30,82.44473266601562,153.57608032226562
2019-12-31,82.37870788574219,153.87274169921875
2020-01-02,84.23795318603516,155.6876220703125
2020-01-03,84.35346984863281,157.21453857421875
2020-01-06,84.53498077392578,158.88113403320312
2020-01-07,84.26546478271484,157.07496643066406
2020-01-08,84.39195251464844,157.4763641357422
2020-01-09,84.51848602294922,158.46234130859375
2020-01-10,83.53385162353516,156.62998962402344
2020-01-13,83.63838195800781,158.0435028076172
2020-01-14,83.35783386230469,157.90386962890625
2020-01-15,83.5888671875,158.46234130859375
2020-01-16,84.46347045898438,160.050537109375
2020-01-17,84.93103790283203,159.60304260253906
2020-01-21,84.96955871582031,160.8314666748047
2020-01-22,84.59550476074219,160.6647491455078
2020-01-23,84.60099029541016,161.99851989746094
2020-01-24,84.26546478271484,162.3933868408203
2020-01-27,83.07730865478516,160.19970703125
2020-01-28,84.08392333984375,161.12985229492188
2020-01-29,84.06192779541016,160.98941040039062
2020-01-30,84.71102142333984,159.02391052246094
2020-01-31,82.62073516845703,153.94332885742188
2020-02-03,82.48322296142578,154.97874450683594
2020-02-04,84.16094970703125,157.53216552734375
2020-02-05,85.60762023925781,161.4281768798828
2020-02-06,85.92118072509766,163.32347106933594
2020-02-07,86.26771545410156,163.85877990722656
2020-02-10,86.11370086669922,163.42877197265625
2020-02-11,85.39860534667969,164.0342254638672
2020-02-12,85.360107421875,165.6224822998047
2020-02-13,84.59461975097656,166.2191619873047
2020-02-14,84.81568908691406,165.01699829101562
2020-02-18,83.61083984375,165.0872039794922
2020-02-19,83.27922058105469,163.69204711914062
2020-02-20,82.8481216430664,163.16558837890625
2020-02-21,83.74348449707031,164.61337280273438
2020-02-24,81.01322174072266,161.98974609375
2020-02-25,76.71880340576172,152.60955810546875
2020-02-26,76.48115539550781,150.53001403808594
2020-02-27,73.05448150634766,145.7828826904297
2020-02-28,72.17570495605469,140.12319946289062
2020-03-02,74.09904479980469,144.8088836669922
2020-03-03,73.24791717529297,141.31655883789062
2020-03-04,76.84593963623047,147.66065979003906
2020-03-05,69.88204193115234,143.34352111816406
2020-03-06,69.90414428710938,143.05393981933594
2020-03-09,63.75823211669922,131.63803100585938
2020-03-10,65.97452545166016,136.2711181640625
2020-03-11,59.41963195800781,130.2604217529297
2020-03-12,56.650657653808594,116.0278549194336
2020-03-13,58.25346374511719,122.52989959716797
2020-03-16,50.25603485107422,111.17545318603516
2020-03-17,51.311668395996094,115.4662857055664
2020-03-18,43.88352584838867,106.2704086303711
2020-03-19,46.29325866699219,103.56778717041016
2020-03-20,45.61344909667969,100.02279663085938
2020-03-23,41.4240608215332,93.53831481933594
2020-03-24,47.95132827758789,100.21585083007812
2020-03-25,53.163185119628906,107.05133056640625
2020-03-26,57.833396911621094,116.84391784667969
2020-03-27,53.69377136230469,114.13253021240234
2020-03-30,54.43437576293945,117.22998809814453
2020-03-31,52.13517379760742,116.09808349609375
2020-04-01,50.49921798706055,111.78968048095703
2020-04-02,47.53681182861328,112.24595642089844
2020-04-03,43.84969711303711,110.28043365478516
2020-04-06,50.55054473876953,117.3089828491211
2020-04-07,50.726173400878906,117.93199157714844
2020-04-08,54.994346618652344,121.55046844482422
2020-04-09,56.829830169677734,124.75309753417969
2020-04-13,54.30054473876953,121.16117095947266
2020-04-14,57.14598846435547,122.53244018554688
2020-04-15,54.73965835571289,118.3831558227539
2020-04-16,54.84504318237305,117.17112731933594
2020-04-17,58.02421951293945,122.25818634033203
2020-04-20,57.066951751708984,119.65715789794922
2020-04-21,55.02069854736328,116.5075912475586
2020-04-22,55.72327423095703,117.993896484375
2020-04-23,55.58275604248047,115.4459457397461
2020-04-24,55.7056999206543,114.39314270019531
2020-04-27,57.14598846435547,118.99363708496094
2020-04-28,57.42701721191406,120.75421905517578
2020-04-29,59.6313591003418,120.89574432373047
2020-04-30,56.917659759521484,115.56095123291016
2020-05-01,53.6682243347168,113.0660629272461
2020-05-04,51.683433532714844,110.39422607421875
2020-05-05,51.815185546875,111.79208374023438
2020-05-06,50.86669158935547,107.69587707519531
2020-05-07,50.067508697509766,112.47330474853516
2020-05-08,51.52536392211914,119.74565887451172
2020-05-11,50.37488555908203,118.3831558227539
2020-05-12,49.812828063964844,116.8172378540039
2020-05-13,47.511878967285156,116.3395004272461
2020-05-14,47.720096588134766,117.58695220947266
2020-05-15,46.718910217285156,115.82638549804688
2020-05-18,51.299537658691406,123.39948272705078
2020-05-19,51.33498001098633,120.48880004882812
2020-05-20,51.210941314697266,121.19658660888672
2020-05-21,53.24874496459961,122.68286895751953
2020-05-22,53.1601448059082,122.59442138671875
2020-05-26,57.12059020996094,127.97341918945312
2020-05-27,59.052066802978516,133.10476684570312
2020-05-28,59.60139083862305,131.37075805664062
2020-05-29,57.16487121582031,129.90208435058594
2020-06-01,56.81047058105469,130.2913818359375
2020-06-02,56.17256164550781,132.10508728027344
2020-06-03,59.77857208251953,137.33370971679688
2020-06-04,59.814022064208984,138.97923278808594
2020-06-05,63.85419464111328,143.51780700683594
2020-06-08,65.70594787597656,148.43682861328125
2020-06-09,62.498600006103516,144.632568359375
2020-06-10,60.56711959838867,139.82858276367188
2020-06-11,55.68525695800781,131.42381286621094
2020-06-12,57.91797637939453,131.99888610839844
2020-06-15,59.406471252441406,135.4403839111328
2020-06-16,60.08866882324219,138.00604248046875
2020-06-17,59.27355194091797,138.94387817382812
2020-06-18,59.255836486816406,140.72215270996094
2020-06-19,57.492698669433594,139.4481658935547
2020-06-22,57.6255989074707,136.06857299804688
2020-06-23,57.18259811401367,135.13958740234375
2020-06-24,54.68406677246094,129.56591796875
2020-06-25,54.099308013916016,130.0171661376953
2020-06-26,52.36273956298828,129.2120361328125
2020-06-29,54.861270904541016,132.12274169921875
2020-06-30,54.5954704284668,132.22889709472656
2020-07-01,54.58660888671875,131.1415557861328
2020-07-02,54.74608612060547,131.2841796875
2020-07-06,56.10166931152344,132.3269500732422
2020-07-07,54.05501174926758,129.39463806152344
2020-07-08,54.05501174926758,128.25384521484375
2020-07-09,51.4856071472168,123.01312255859375
2020-07-10,52.84117889404297,126.53368377685547
2020-07-13,52.584251403808594,127.2912826538086
2020-07-14,53.57656478881836,127.7725601196289
2020-07-15,55.76498794555664,129.93833923339844
2020-07-16,55.25996780395508,132.36260986328125
2020-07-17,55.10935592651367,132.7190704345703
2020-07-20,54.4094123840332,129.63528442382812
2020-07-21,55.862449645996094,131.7386932373047
2020-07-22,56.37633514404297,135.05421447753906
2020-07-23,55.92447280883789,134.5907440185547
2020-07-24,54.994171142578125,133.8242645263672
2020-07-27,54.12588882446289,131.89019775390625
2020-07-28,54.04615783691406,132.4160919189453
2020-07-29,52.6285514831543,133.1914825439453
2020-07-30,50.90970993041992,132.674560546875
2020-07-31,50.218624114990234,130.7850799560547
2020-08-03,50.95399475097656,131.65846252441406
2020-08-04,50.95399475097656,131.23072814941406
2020-08-05,53.186729431152344,132.96865844726562
2020-08-06,53.04496765136719,132.9241180419922
2020-08-07,54.24993133544922,136.33766174316406
2020-08-10,56.907936096191406,139.53732299804688
2020-08-11,56.93451690673828,141.57833862304688
2020-08-12,56.961097717285156,139.4036102294922
2020-08-13,56.501407623291016,138.10235595703125
2020-08-14,56.804893493652344,139.44821166992188
2020-08-17,56.0283317565918,137.00611877441406
2020-08-18,55.430294036865234,136.39114379882812
2020-08-19,55.01969909667969,135.90988159179688
2020-08-20,54.43950653076172,134.5283660888672
2020-08-21,53.79684066772461,133.52122497558594
2020-08-24,55.233924865722656,136.6317901611328
2020-08-25,54.40380096435547,135.00070190429688
2020-08-26,54.243141174316406,134.10948181152344
2020-08-27,54.35918426513672,135.8652801513672
2020-08-28,55.55526351928711,135.71380615234375
2020-08-31,54.44844436645508,133.1112823486328
2020-09-01,54.162803649902344,133.85992431640625
2020-09-02,55.341033935546875,137.1843719482422
2020-09-03,54.323482513427734,135.419677734375
2020-09-04,54.60017776489258,135.20579528808594
2020-09-08,52.886390686035156,130.9811553955078
2020-09-09,53.18095016479492,130.27700805664062
2020-09-10,53.12739181518555,127.07734680175781
2020-09-11,54.13602828979492,129.5550994873047
2020-09-14,55.31425476074219,131.4356689453125
2020-09-15,54.8411865234375,129.35899353027344
2020-09-16,56.162227630615234,130.8206787109375
2020-09-17,56.06403350830078,128.86878967285156
2020-09-18,55.653438568115234,127.44277954101562
2020-09-21,53.57369613647461,123.28946685791016
2020-09-22,53.3683967590332,124.28768157958984
2020-09-23,52.065208435058594,121.66732025146484
2020-09-24,51.21723937988281,122.01493072509766
2020-09-25,51.31541061401367,123.18250274658203
2020-09-28,52.5650520324707,125.59783935546875
2020-09-29,51.413604736328125,123.48552703857422
2020-09-30,51.360050201416016,123.37859344482422
2020-10-01,51.28865432739258,123.19141387939453
2020-10-02,52.96672439575195,125.21458435058594
2020-10-05,53.118465423583984,127.21101379394531
2020-10-06,52.17231369018555,126.83670043945312
2020-10-07,53.27914047241211,129.1183624267578
2020-10-08,54.26991653442383,130.2589569091797
2020-10-09,53.47550964355469,129.01959228515625
2020-10-12,54.02891540527344,129.98049926757812
2020-10-13,53.12739181518555,128.6424102783203
2020-10-14,53.50228500366211,128.3280487060547
2020-10-15,53.99321365356445,126.46002960205078
2020-10-16,55.117881774902344,127.74430847167969
2020-10-19,54.859031677246094,124.54708099365234
2020-10-20,54.66266632080078,124.34951782226562
2020-10-21,53.868247985839844,122.68804931640625
2020-10-22,56.05511474609375,125.21167755126953
2020-10-23,55.84981155395508,126.3612289428711
2020-10-26,54.27884292602539,124.3944320678711
2020-10-27,50.45853805541992,121.12538146972656
2020-10-28,46.71854782104492,118.93402862548828
2020-10-29,47.432621002197266,117.9371566772461
2020-10-30,48.48588562011719,117.94612884521484
2020-11-02,49.76229476928711,122.22103118896484
2020-11-03,50.91375732421875,124.11602020263672
2020-11-04,50.71738052368164,124.91529083251953
2020-11-05,52.020572662353516,124.96918487548828
2020-11-06,52.2704963684082,125.12188720703125
2020-11-09,58.0098876953125,132.13597106933594
2020-11-10,60.598426818847656,135.88995361328125
2020-11-11,58.77753448486328,134.97390747070312
2020-11-12,57.53229904174805,132.4682159423828
2020-11-13,59.47433090209961,135.7462615966797
2020-11-16,61.73101806640625,137.3448944091797
2020-11-17,61.919837951660156,136.03366088867188
2020-11-18,62.495235443115234,137.85678100585938
2020-11-19,63.93376541137695,134.70449829101562
2020-11-20,62.720008850097656,133.2406005859375
2020-11-23,65.30935668945312,134.7314453125
2020-11-24,66.85579681396484,138.00946044921875
2020-11-25,66.3613052368164,136.54554748535156
2020-11-27,66.45120239257812,136.5635528564453
2020-11-30,64.48221588134766,134.1297149658203
2020-12-01,64.04166412353516,136.29408264160156
2020-12-02,64.68002319335938,137.72206115722656
2020-12-03,65.89379119873047,138.1980438232422
2020-12-04,66.45120239257812,140.13792419433594
2020-12-07,65.66901397705078,137.40769958496094
2020-12-08,66.96367645263672,137.919677734375
2020-12-09,66.11853790283203,138.43154907226562
2020-12-10,65.61507415771484,135.0457763671875
2020-12-11,65.53412628173828,135.90792846679688
2020-12-14,63.65506362915039,137.71304321289062
2020-12-15,63.87082290649414,138.8447265625
2020-12-16,63.448272705078125,137.7669677734375
2020-12-17,63.51120376586914,136.14141845703125
2020-12-18,63.08864212036133,137.11138916015625
2020-12-21,62.63911056518555,134.41709899902344
2020-12-22,62.261497497558594,131.57012939453125
2020-12-23,63.5831413269043,133.05201721191406
2020-12-24,63.17853927612305,133.8243408203125
2020-12-28,63.5022087097168,133.56390380859375
2020-12-29,63.241458892822266,132.5131072998047
2020-12-30,64.1585464477539,133.1867218017578
2020-12-31,64.29341125488281,133.65370178222656
2021-01-04,61.52423858642578,131.06723022460938
2021-01-05,62.41432571411133,131.1300811767578
2021-01-06,63.187530517578125,134.47998046875
2021-01-07,62.737979888916016,136.25820922851562
2021-01-08,62.809913635253906,135.40499877929688
2021-01-11,62.7559700012207,136.31210327148438
2021-01-12,64.30237579345703,137.85678100585938
2021-01-13,63.385337829589844,137.07545471191406
2021-01-14,63.78091812133789,139.39125061035156
2021-01-15,62.216529846191406,138.55899047851562
2021-01-19,62.36038589477539,138.52281188964844
2021-01-20,61.892860412597656,139.33697509765625
2021-01-21,61.23651885986328,136.65028381347656
2021-01-22,60.760005950927734,138.19715881347656
2021-01-25,59.591190338134766,138.54998779296875
2021-01-26,60.41836166381836,135.9899139404297
2021-01-27,58.88990783691406,138.1609649658203
2021-01-28,61.290470123291016,136.0803680419922
2021-01-29,59.99579620361328,132.68807983398438
2021-02-01,60.20257568359375,133.58364868164062
2021-02-02,63.061683654785156,135.52857971191406
2021-02-03,63.45726013183594,138.4775848388672
2021-02-04,65.34532928466797,142.5030975341797
2021-02-05,65.03064727783203,143.6700897216797
2021-02-08,65.17451477050781,144.41183471679688
2021-02-09,65.66901397705078,146.67333984375
2021-02-10,65.15653228759766,147.56890869140625
2021-02-11,65.03064727783203,147.85836791992188
2021-02-12,65.28240966796875,149.1067657470703
2021-02-16,65.28240966796875,147.7407684326172
2021-02-17,65.68698120117188,148.79917907714844
2021-02-18,65.52516174316406,147.65936279296875
2021-02-19,66.76589965820312,149.06149291992188
2021-02-22,65.63304138183594,150.5450897216797
2021-02-23,66.52311706542969,151.38636779785156
2021-02-24,69.83175659179688,152.0286407470703
2021-02-25,66.32637023925781,150.3460235595703
2021-02-26,65.12322235107422,147.87649536132812
2021-03-01,67.26718139648438,151.1240234375
2021-03-02,67.54761505126953,151.6848602294922
2021-03-03,67.90943908691406,151.9291229248047
2021-03-04,67.32144165039062,149.95709228515625
2021-03-05,68.00895690917969,154.25396728515625
2021-03-08,68.39793395996094,156.21697998046875
2021-03-09,67.69235229492188,152.64376831054688
2021-03-10,69.25732421875,155.97271728515625
2021-03-11,69.70059204101562,156.19886779785156
2021-03-12,71.0303726196289,159.47357177734375
2021-03-15,71.98023223876953,159.85348510742188
2021-03-16,70.77706909179688,158.59613037109375
2021-03-17,71.97117614746094,160.58624267578125
2021-03-18,70.50570678710938,162.14215087890625
2021-03-19,70.88563537597656,160.6767120361328
2021-03-22,69.5829849243164,159.71783447265625
2021-03-23,68.00895690917969,158.1890411376953
2021-03-24,68.34367370605469,159.59112548828125
2021-03-25,70.13480377197266,162.8839569091797
2021-03-26,70.71375274658203,164.22276306152344
2021-03-29,70.2704849243164,165.8148956298828
2021-03-30,70.39714050292969,164.7293701171875
2021-03-31,69.89959716796875,164.24085998535156
2021-04-01,69.90865325927734,163.5804901123047
2021-04-05,70.47856903076172,167.88644409179688
2021-04-06,70.11670684814453,167.4522247314453
2021-04-07,70.19812774658203,167.16275024414062
2021-04-08,70.08958435058594,167.62705993652344
2021-04-09,70.82232666015625,166.616455078125
2021-04-12,71.21127319335938,168.38279724121094
2021-04-13,70.28858947753906,165.96090698242188
2021-04-14,70.52378845214844,167.05348205566406
2021-04-15,70.53282928466797,167.4631805419922
2021-04-16,70.75899505615234,167.954833984375
2021-04-19,71.09368133544922,168.2462158203125
2021-04-20,69.73676300048828,167.59068298339844
2021-04-21,71.34699249267578,169.2113037109375
2021-04-22,71.22938537597656,167.982177734375
2021-04-23,72.85768127441406,169.78489685058594
2021-04-26,73.27381896972656,168.6103973388672
2021-04-27,74.91119384765625,169.24777221679688
2021-04-28,75.15542602539062,168.67413330078125
2021-04-29,74.9654541015625,173.63623046875
2021-04-30,75.30015563964844,173.19918823242188
2021-05-03,76.11431121826172,174.52847290039062
2021-05-04,75.93340301513672,174.80162048339844
2021-05-05,76.10525512695312,173.60887145996094
2021-05-06,76.6028060913086,175.4298553466797
2021-05-07,77.53456115722656,177.37826538085938
2021-05-10,76.92847442626953,177.1779327392578
2021-05-11,76.28618621826172,174.3918914794922
2021-05-12,74.43172454833984,170.14910888671875
2021-05-13,75.78865051269531,174.16429138183594
2021-05-14,77.6883316040039,174.75607299804688
2021-05-17,78.3125228881836,174.49203491210938
2021-05-18,77.23603057861328,172.39796447753906
2021-05-19,77.08224487304688,171.6422119140625
2021-05-20,77.5645751953125,172.13392639160156
2021-05-21,78.09241485595703,172.8804931640625
2021-05-24,78.70215606689453,172.6255645751953
2021-05-25,78.50193786621094,171.9973602294922
2021-05-26,78.72035217285156,172.0974884033203
2021-05-27,80.64058685302734,173.59979248046875
2021-05-28,80.73159790039062,172.90785217285156
2021-06-01,80.98641204833984,172.57095336914062
2021-06-02,80.6587905883789,174.3918914794922
2021-06-03,80.70430755615234,173.72726440429688
2021-06-04,81.01371002197266,176.24017333984375
2021-06-07,80.96821594238281,174.60133361816406
2021-06-08,81.40504455566406,175.46627807617188
2021-06-09,80.8590087890625,174.69235229492188
2021-06-10,80.31295776367188,174.33726501464844
2021-06-11,80.82259368896484,174.34637451171875
2021-06-14,80.74069213867188,173.75457763671875
2021-06-15,81.35954284667969,175.2203826904297
2021-06-16,80.4767837524414,173.0626220703125
2021-06-17,79.2936782836914,170.8774871826172
2021-06-18,78.19252014160156,168.57400512695312
2021-06-21,80.08544921875,173.699951171875
2021-06-22,79.52120208740234,172.60736083984375
2021-06-23,78.8113784790039,170.0853729248047
2021-06-24,79.03887176513672,171.26898193359375
2021-06-25,78.92057800292969,172.8167724609375
2021-06-28,77.45535278320312,171.9609375
2021-06-29,76.84562683105469,169.98519897460938
2021-06-30,77.63737487792969,171.4055633544922
2021-07-01,78.46553802490234,172.30349731445312
2021-07-02,78.90237426757812,172.75244140625
2021-07-06,78.0378189086914,171.2589111328125
2021-07-07,78.11061096191406,173.89779663085938
2021-07-08,77.75569152832031,172.27603149414062
2021-07-09,78.61115264892578,174.2917938232422
2021-07-12,78.46553802490234,173.47630310058594
2021-07-13,77.65558624267578,172.9357147216797
2021-07-14,77.27336883544922,173.59544372558594
2021-07-15,77.33708190917969,173.49465942382812
2021-07-16,76.0174789428711,173.43051147460938
2021-07-19,73.76052856445312,168.6750946044922
2021-07-20,77.17324829101562,174.099365234375
2021-07-21,78.79316711425781,175.58372497558594
2021-07-22,78.10150909423828,174.6124725341797
2021-07-23,78.09241485595703,175.7944793701172
2021-07-26,78.2198257446289,175.84942626953125
2021-07-27,80.2856674194336,177.80108642578125
2021-07-28,79.35739135742188,179.1388397216797
2021-07-29,79.76692962646484,181.54861450195312
2021-07-30,79.1298828125,179.6152801513672
2021-08-02,78.8204574584961,179.43202209472656
2021-08-03,80.05814361572266,180.7972869873047
2021-08-04,78.10150909423828,179.46864318847656
2021-08-05,79.066162109375,180.22006225585938
2021-08-06,79.7032241821289,182.40989685058594
2021-08-09,79.24818420410156,180.72401428222656
2021-08-10,79.76692962646484,182.35491943359375
2021-08-11,80.64968872070312,183.8850860595703
2021-08-12,80.0672607421875,182.49234008789062
2021-08-13,79.40289306640625,181.75933837890625
2021-08-16,79.30279541015625,183.67433166503906
2021-08-17,78.8204574584961,182.6298370361328
2021-08-18,77.7920913696289,180.32081604003906
2021-08-19,76.3089370727539,179.1204833984375
2021-08-20,76.94982147216797,180.77896118164062
2021-08-23,77.7829360961914,181.42947387695312
2021-08-24,78.2132339477539,182.2633056640625
2021-08-25,78.48790740966797,182.6114959716797
2021-08-26,77.59984588623047,182.40072631835938
2021-08-27,78.1857681274414,182.99630737304688
2021-08-30,77.6364517211914,182.5106658935547
2021-08-31,77.59984588623047,183.5369110107422
2021-09-01,76.99559783935547,183.0604248046875
2021-09-02,77.39840698242188,185.36026000976562
2021-09-03,76.5835952758789,185.50686645507812
2021-09-07,75.98851776123047,185.4427032470703
2021-09-08,75.86949920654297,187.28439331054688
2021-09-09,76.59276580810547,186.74383544921875
2021-09-10,75.98851776123047,184.7188720703125
2021-09-13,76.57444763183594,182.72142028808594
2021-09-14,75.75048065185547,180.19252014160156
2021-09-15,77.7005386352539,181.86009216308594
2021-09-16,76.92235565185547,178.5615692138672
2021-09-17,76.34557342529297,178.781494140625
2021-09-20,76.4004898071289,177.23297119140625
2021-09-21,76.08922576904297,175.1805877685547
2021-09-22,78.06675720214844,177.52621459960938
2021-09-23,79.42173767089844,180.27499389648438
2021-09-24,79.79708099365234,180.8888702392578
2021-09-27,79.96188354492188,181.20045471191406
2021-09-28,79.5041275024414,180.59568786621094
2021-09-29,79.64144134521484,181.7776641845703
2021-09-30,78.6984634399414,179.6152801513672
2021-10-01,80.09005737304688,181.6218719482422
2021-10-04,80.28231811523438,180.97132873535156
2021-10-05,81.22530364990234,181.5669403076172
2021-10-06,81.72883605957031,182.66647338867188
2021-10-07,82.53451538085938,185.94793701171875
2021-10-08,82.96481323242188,186.3074188232422
2021-10-11,82.29647064208984,187.00796508789062
2021-10-12,82.14083099365234,187.6255645751953
2021-10-13,82.10420227050781,187.4780731201172
2021-10-14,81.63728332519531,189.09115600585938
2021-10-15,83.2394790649414,191.78269958496094
2021-10-18,83.12958526611328,190.49224853515625
2021-10-19,83.52328491210938,192.29888916015625
2021-10-20,83.93524932861328,192.13296508789062
2021-10-21,83.87117767333984,191.76426696777344
2021-10-22,84.10006713867188,193.12847900390625
2021-10-25,83.58736419677734,191.6444549560547
2021-10-26,81.62815856933594,188.56576538085938
2021-10-27,81.62815856933594,189.69027709960938
2021-10-28,81.65559387207031,186.75906372070312
2021-10-29,81.35346984863281,186.88812255859375
2021-11-01,81.06967163085938,186.09539794921875
2021-11-02,80.383056640625,185.9663543701172
2021-11-03,81.17953491210938,185.46859741210938
2021-11-04,80.62108612060547,182.65724182128906
2021-11-05,83.47750091552734,185.27503967285156
2021-11-08,83.04719543457031,186.7867431640625
2021-11-09,83.30355072021484,187.00796508789062
2021-11-10,82.56197357177734,185.57923889160156
2021-11-11,81.52742767333984,183.5144500732422
2021-11-12,81.35346984863281,185.2473907470703
2021-11-15,81.80207824707031,185.33958435058594
2021-11-16,81.3901138305664,183.19186401367188
2021-11-17,80.0625991821289,183.8555145263672
2021-11-18,80.03498077392578,182.50973510742188
2021-11-19,78.67203521728516,180.95196533203125
2021-11-22,79.93364715576172,183.7633819580078
2021-11-23,80.40333557128906,184.62060546875
2021-11-24,80.29281616210938,183.19186401367188
2021-11-26,76.43426513671875,178.24197387695312
2021-11-29,76.37902069091797,179.22828674316406
2021-11-30,74.51879119873047,174.1862030029297
2021-12-01,72.7967300415039,174.62864685058594
2021-12-02,75.20027160644531,179.26512145996094
2021-12-03,74.69377136230469,182.16867065429688
2021-12-06,77.13414764404297,183.9569091796875
2021-12-07,78.28526306152344,183.7265167236328
2021-12-08,79.65740966796875,185.1644287109375
2021-12-09,79.34429931640625,186.1322784423828
2021-12-10,79.34429931640625,188.89759826660156
2021-12-13,77.6590576171875,187.57025146484375
2021-12-14,76.89472961425781,187.5518035888672
2021-12-15,76.83024597167969,190.1051025390625
2021-12-16,76.15800476074219,190.04978942871094
2021-12-17,75.77123260498047,186.3811492919922
2021-12-20,74.62010955810547,183.1365509033203
2021-12-21,77.06047058105469,187.38589477539062
2021-12-22,77.41962432861328,187.81912231445312
2021-12-23,78.18397521972656,188.67637634277344
2021-12-27,78.4970703125,190.9254913330078
2021-12-28,79.21536254882812,191.42323303222656
2021-12-29,79.09565734863281,191.62600708007812
2021-12-30,79.01277160644531,191.30340576171875
2021-12-31,79.25218963623047,192.16065979003906
2022-01-03,80.09021759033203,191.2296600341797
2022-01-04,82.89893341064453,195.46054077148438
2022-01-05,82.48455047607422,193.85670471191406
2022-01-06,82.93577575683594,195.17481994628906
2022-01-07,83.28572845458984,195.49742126464844
2022-01-10,82.63188171386719,194.1332550048828
2022-01-11,83.5435791015625,195.02731323242188
2022-01-12,83.86589050292969,195.3499298095703
2022-01-13,84.31710815429688,195.93394470214844
2022-01-14,85.02620697021484,197.53759765625
2022-01-18,83.57119750976562,195.73928833007812
2022-01-19,82.60426330566406,194.99771118164062
2022-01-20,81.37027740478516,193.71847534179688
2022-01-21,80.31123352050781,191.4566650390625
2022-01-24,81.14925384521484,191.9572296142578
2022-01-25,83.16600799560547,190.91900634765625
2022-01-26,81.94123077392578,189.95497131347656
2022-01-27,82.21749114990234,193.5516357421875
2022-01-28,83.1844253540039,197.27804565429688
2022-01-31,83.05551147460938,196.61062622070312
2022-02-01,83.55278778076172,197.32440185546875
2022-02-02,85.21958923339844,198.44606018066406
2022-02-03,85.4682388305664,196.67552185058594
2022-02-04,85.65242767333984,196.78675842285156
2022-02-07,86.59173583984375,196.629150390625
2022-02-08,87.54946899414062,198.7982940673828
2022-02-09,88.40589904785156,199.70672607421875
2022-02-10,87.54025268554688,196.07301330566406
2022-02-11,87.73363494873047,198.1494140625
2022-02-14,86.16812133789062,195.74856567382812
2022-02-15,86.60095977783203,197.23171997070312
2022-02-16,87.25477600097656,198.75192260742188
2022-02-17,86.8956298828125,198.74264526367188
2022-02-18,85.98394775390625,200.05897521972656
2022-02-22,86.14051055908203,200.98593139648438
2022-02-23,84.94332885742188,200.4761199951172
2022-02-24,87.2768783569336,202.57106018066406
2022-02-25,90.86056518554688,211.3309326171875
2022-02-28,95.1017074584961,217.3284454345703
2022-03-01,95.1294937133789,216.2809600830078
2022-03-02,93.28672790527344,218.53347778320312
2022-03-03,92.44404602050781,220.73973083496094
2022-03-04,92.2218017578125,227.3767852783203
2022-03-07,90.9253921508789,229.23074340820312
2022-03-08,87.83250427246094,218.1256103515625
2022-03-09,91.2309799194336,219.5160675048828
2022-03-10,91.22172546386719,218.32032775878906
2022-03-11,89.7493667602539,215.5023193359375
2022-03-14,89.8604736328125,216.75369262695312
2022-03-15,90.39757537841797,220.26693725585938
2022-03-16,88.71220397949219,211.06210327148438
2022-03-17,90.5179443359375,213.67616271972656
2022-03-18,90.3049545288086,213.41664123535156
2022-03-21,92.5459213256836,218.8301544189453
2022-03-22,93.87937927246094,220.46157836914062
2022-03-23,93.740478515625,222.185791015625
2022-03-24,94.18497467041016,223.40008544921875
2022-03-25,94.85169219970703,226.5147247314453
2022-03-28,94.07383728027344,223.29812622070312
2022-03-29,93.6015625,223.4835205078125
2022-03-30,93.37007904052734,226.47764587402344
2022-03-31,91.74028015136719,223.56695556640625
2022-04-01,92.7588882446289,224.79978942871094
2022-04-04,91.9532699584961,221.7593536376953
2022-04-05,91.49951171875,221.68519592285156
2022-04-06,91.1754150390625,223.17764282226562
2022-04-07,93.50897979736328,227.0075225830078
2022-04-08,92.97187042236328,225.5445098876953
2022-04-11,94.55536651611328,226.95162963867188
2022-04-12,95.00911712646484,227.20321655273438
2022-04-13,95.7221450805664,227.10069274902344
2022-04-14,96.55555725097656,227.128662109375
2022-04-18,96.58333587646484,227.24049377441406
2022-04-19,96.81483459472656,229.78443908691406
2022-04-20,97.2037582397461,230.80947875976562
2022-04-21,94.20347595214844,225.56314086914062
2022-04-22,93.05522918701172,222.5159912109375
2022-04-25,92.2403335571289,222.8794708251953
2022-04-26,91.85140991210938,220.7827911376953
2022-04-27,91.52729034423828,223.62490844726562
2022-04-28,90.82353973388672,224.7617645263672
2022-04-29,87.88806915283203,220.41001892089844
2022-05-02,87.2491226196289,217.35357666015625
2022-05-03,88.34180450439453,217.4747314453125
2022-05-04,90.5271987915039,226.3645477294922
2022-05-05,89.19374084472656,222.93536376953125
2022-05-06,88.24922180175781,223.27081298828125
2022-05-09,84.96185302734375,213.7379608154297
2022-05-10,84.90628814697266,213.6727752685547
2022-05-11,84.26734161376953,211.4736328125
2022-05-12,84.71182250976562,208.2587432861328
2022-05-13,85.11927795410156,210.8865509033203
2022-05-16,85.63786315917969,212.27499389648438
2022-05-17,87.92510223388672,215.8346710205078
2022-05-18,85.75821685791016,210.5790252685547
2022-05-19,84.07212829589844,202.93788146972656
2022-05-20,83.91375732421875,198.94960021972656
2022-05-23,85.54397583007812,201.93148803710938
2022-05-24,86.82950592041016,204.83888244628906
2022-05-25,87.15554809570312,205.0531768798828
2022-05-26,88.49698638916016,206.18072509765625
2022-05-27,90.08990478515625,211.0729522705078
2022-05-31,88.60877227783203,209.5819549560547
2022-06-01,88.31997680664062,210.8026885986328
2022-06-02,89.65208435058594,213.80322265625
2022-06-03,89.7359390258789,214.4462127685547
2022-06-06,90.5556869506836,214.2318572998047
2022-06-07,93.62979888916016,219.52479553222656
2022-06-08,92.43743133544922,215.59237670898438
2022-06-09,90.71405792236328,211.42701721191406
2022-06-10,88.95344543457031,209.321044921875
2022-06-13,85.65576934814453,202.7049560546875
2022-06-14,85.06888580322266,201.18600463867188
2022-06-15,85.96316528320312,203.06834411621094
2022-06-16,83.39209747314453,197.44931030273438
2022-06-17,82.7958984375,195.48312377929688
2022-06-21,86.55935668945312,201.79171752929688
2022-06-22,86.22399139404297,201.28848266601562
2022-06-23,85.47876739501953,201.8383331298828
2022-06-24,87.75173950195312,207.17776489257812
2022-06-27,88.31997680664062,208.26808166503906
2022-06-28,87.36048889160156,205.4632110595703
2022-06-29,86.9133529663086,204.33566284179688
2022-06-30,89.53099060058594,207.36293029785156
2022-07-01,90.37869262695312,209.80906677246094
2022-07-05,86.55935668945312,201.064697265625
2022-07-06,87.49089813232422,205.7789764404297
2022-07-07,87.50955200195312,206.7349853515625
2022-07-08,88.60877227783203,207.23170471191406
2022-07-11,88.22683715820312,205.95706176757812
2022-07-12,88.03120422363281,203.03289794921875
2022-07-13,85.52532958984375,199.9962615966797
2022-07-14,83.91375732421875,197.2407684326172
2022-07-15,84.98505401611328,199.41519165039062
2022-07-18,83.65292358398438,196.62222290039062
2022-07-19,87.39774322509766,201.20529174804688
2022-07-20,88.338623046875,203.1172332763672
2022-07-21,88.39450073242188,203.27658081054688
2022-07-22,87.76104736328125,203.15475463867188
2022-07-25,88.09640502929688,205.0667266845703
2022-07-26,84.06280517578125,203.9701385498047
2022-07-27,84.09075927734375,206.05078125
2022-07-28,86.06564331054688,209.7528839111328
2022-07-29,86.82950592041016,212.4427032470703
2022-08-01,86.85745239257812,211.9834747314453
2022-08-02,87.33253479003906,212.7895050048828
2022-08-03,88.05915832519531,216.19163513183594
2022-08-04,86.4289321899414,214.7764434814453
2022-08-05,86.66182708740234,214.4015350341797
2022-08-08,84.95710754394531,211.6179656982422
2022-08-09,85.64644622802734,213.33311462402344
2022-08-10,87.02513885498047,215.99484252929688
2022-08-11,86.77362823486328,217.2694854736328
2022-08-12,88.50629425048828,223.0146942138672
2022-08-15,89.54962921142578,226.10760498046875
2022-08-16,88.54354858398438,226.32313537597656
2022-08-17,88.48765563964844,227.45726013183594
2022-08-18,88.74064636230469,228.3944549560547
2022-08-19,87.5132064819336,226.50123596191406
2022-08-22,85.99532318115234,219.77191162109375
2022-08-23,86.60435485839844,219.31263732910156
2022-08-24,87.42887115478516,219.77191162109375
2022-08-25,90.07113647460938,223.07095336914062
2022-08-26,87.6256332397461,217.99114990234375
2022-08-29,86.31388854980469,219.03146362304688
2022-08-30,85.10517883300781,216.61341857910156
2022-08-31,84.09326934814453,214.56085205078125
2022-09-01,82.4816665649414,211.22430419921875
2022-09-02,82.06938934326172,210.7650909423828
2022-09-06,81.66649627685547,210.45582580566406
2022-09-07,81.93821716308594,213.445556640625
2022-09-08,81.10431671142578,213.39869689941406
2022-09-09,82.49103546142578,217.0726776123047
2022-09-12,82.26616668701172,220.6622772216797
2022-09-13,78.44332122802734,213.6704864501953
2022-09-14,80.95439910888672,216.24789428710938
2022-09-15,80.21419525146484,214.1204071044922
2022-09-16,79.83003234863281,213.17372131347656
2022-09-19,79.59578704833984,214.65460205078125
2022-09-20,79.78318786621094,214.7295684814453
2022-09-21,79.00548553466797,213.87669372558594
2022-09-22,78.19032287597656,213.77357482910156
2022-09-23,76.85983276367188,207.97210693359375
2022-09-26,75.97907257080078,206.59437561035156
2022-09-27,75.89474487304688,204.94482421875
2022-09-28,78.0497817993164,206.6131591796875
2022-09-29,77.15028381347656,200.97100830078125
2022-09-30,76.70054626464844,198.85284423828125
2022-10-03,77.87176513671875,206.6881103515625
2022-10-04,80.13923645019531,212.4145965576172
2022-10-05,79.83940124511719,212.45208740234375
2022-10-06,78.96800994873047,210.55772399902344
2022-10-07,78.71504211425781,210.8121795654297
2022-10-10,78.8555908203125,212.44264221191406
2022-10-11,79.25848388671875,214.63865661621094
2022-10-12,77.75932312011719,210.47288513183594
2022-10-13,79.52083587646484,215.94866943359375
2022-10-14,77.38453674316406,208.4465789794922
2022-10-17,79.14604187011719,215.67535400390625
2022-10-18,81.8539047241211,223.8183135986328
2022-10-19,82.10688781738281,225.59957885742188
2022-10-20,81.741455078125,223.7806396484375
2022-10-21,82.95951843261719,228.64378356933594
2022-10-24,84.07451629638672,229.78416442871094
2022-10-25,82.79087829589844,231.61257934570312
2022-10-26,84.81472778320312,231.56546020507812
2022-10-27,86.01404571533203,233.73312377929688
2022-10-28,89.08732604980469,236.2966766357422
2022-10-31,88.84371185302734,235.42958068847656
2022-11-01,89.52770233154297,235.53323364257812
2022-11-02,88.2159423828125,232.19686889648438
2022-11-03,88.82496643066406,234.61904907226562
2022-11-04,89.218505859375,235.01486206054688
2022-11-07,90.1086196899414,237.107177734375
2022-11-08,90.20230865478516,238.011962890625
2022-11-09,89.13416290283203,235.16567993164062
2022-11-10,91.67335510253906,238.89785766601562
2022-11-11,87.74745178222656,229.14328002929688
2022-11-14,87.0915756225586,228.8511199951172
2022-11-15,89.75257110595703,231.98011779785156
2022-11-16,88.40332794189453,230.78317260742188
2022-11-17,89.09132385253906,232.3382568359375
2022-11-18,89.87358093261719,233.94046020507812
2022-11-21,90.66525268554688,236.16468811035156
2022-11-22,91.27783966064453,237.0506134033203
2022-11-23,91.54173278808594,237.7763214111328
2022-11-25,91.86217498779297,239.17117309570312
2022-11-28,91.3249740600586,236.0798797607422
2022-11-29,91.82447814941406,236.76788330078125
2022-11-30,93.0402603149414,237.87057495117188
2022-12-01,93.77539825439453,237.75746154785156
2022-12-02,95.1985092163086,241.02786254882812
2022-12-05,94.88749694824219,236.47572326660156
2022-12-06,93.04969787597656,233.9969940185547
2022-12-07,93.34185791015625,232.0460968017578
2022-12-08,93.76596069335938,233.43153381347656
2022-12-09,92.61614227294922,232.8283233642578
2022-12-12,93.8319320678711,235.25991821289062
2022-12-13,94.14293670654297,234.42111206054688
2022-12-14,94.19949340820312,234.6944580078125
2022-12-15,92.823486328125,231.0376739501953
2022-12-16,92.68212127685547,231.98011779785156
2022-12-19,91.92815399169922,230.2459716796875
2022-12-20,92.53132629394531,232.43251037597656
2022-12-21,94.02042388916016,235.5897979736328
2022-12-22,92.84233856201172,232.40423583984375
2022-12-23,93.58689880371094,233.6388702392578
2022-12-27,93.92617797851562,234.43055725097656
2022-12-28,93.43608856201172,232.7623748779297
2022-12-29,94.55763244628906,234.8923797607422
2022-12-30,95.11369323730469,233.83682250976562
2023-01-03,95.01001739501953,234.29859924316406
2023-01-04,95.03828430175781,231.11306762695312
2023-01-05,95.07598876953125,230.5475616455078
2023-01-06,96.56507110595703,233.96875
2023-01-09,93.86962127685547,231.10365295410156
2023-01-10,94.17121887207031,233.29957580566406
2023-01-11,93.86021423339844,234.38345336914062
2023-01-12,94.88749694824219,233.4503936767578
2023-01-13,93.0025634765625,226.46665954589844
2023-01-17,92.76695251464844,227.2677459716797
2023-01-18,90.2317123413086,223.36593627929688
2023-01-19,88.81800842285156,219.39585876464844
2023-01-20,88.93110656738281,220.57077026367188
2023-01-23,90.71237182617188,220.2486114501953
2023-01-24,93.74712371826172,223.0911407470703
2023-01-25,94.25603485107422,214.97097778320312
2023-01-26,94.48223114013672,216.13641357421875
2023-01-27,93.86962127685547,215.54896545410156
2023-01-30,93.03084564208984,216.09854125976562
2023-01-31,94.10525512695312,220.8265838623047
2023-02-01,92.75753021240234,218.35357666015625
2023-02-02,91.38150787353516,219.26319885253906
2023-02-03,90.92913818359375,219.3863525390625
2023-02-06,92.02240753173828,220.1538543701172
2023-02-07,92.2391586303711,219.78433227539062
2023-02-08,92.03182983398438,217.09339904785156
2023-02-09,92.22029876708984,216.65757751464844
2023-02-10,94.82151794433594,220.9782257080078
2023-02-13,94.7744140625,220.65603637695312
2023-02-14,95.53780364990234,219.88858032226562
2023-02-15,95.62261962890625,220.26759338378906
2023-02-16,95.16080474853516,219.15896606445312
2023-02-17,95.66974639892578,222.91111755371094
2023-02-21,94.85921478271484,221.26246643066406
2023-02-22,94.7272720336914,221.3856201171875
2023-02-23,94.42402648925781,219.2252960205078
2023-02-24,94.40506744384766,219.7748565673828
2023-02-27,93.96916961669922,218.5146484375
2023-02-28,92.95515441894531,215.94691467285156
2023-03-01,92.90779113769531,215.73846435546875
2023-03-02,93.8175277709961,218.16407775878906
2023-03-03,93.83647918701172,218.91262817382812
2023-03-06,94.30082702636719,220.3907470703125
2023-03-07,93.04045104980469,217.91773986816406
2023-03-08,92.30128479003906,215.14154052734375
2023-03-09,90.90823364257812,211.1714630126953
2023-03-10,90.97457122802734,209.33328247070312
2023-03-13,92.35813903808594,207.3056182861328
2023-03-14,93.17312622070312,208.29103088378906
2023-03-15,90.81348419189453,205.3727264404297
2023-03-16,92.94568634033203,208.49951171875
2023-03-17,90.73765563964844,206.69920349121094
2023-03-20,92.42446899414062,208.36685180664062
2023-03-21,92.87934875488281,210.69769287109375
2023-03-22,91.6379165649414,207.72251892089844
2023-03-23,90.97457122802734,208.55633544921875
2023-03-24,91.39154052734375,211.76841735839844
2023-03-27,91.8369369506836,213.21807861328125
2023-03-28,91.73269653320312,213.66343688964844
2023-03-29,92.58557891845703,214.8951873779297
2023-03-30,92.27285766601562,214.6014404296875
2023-03-31,92.80353546142578,216.23117065429688
2023-04-03,95.31481170654297,220.16334533691406
2023-04-04,94.30082702636719,217.2829132080078
2023-04-05,93.590087890625,216.96075439453125
2023-04-06,93.0688705444336,215.75741577148438
2023-04-10,94.40506744384766,217.027099609375
2023-04-11,94.49983215332031,216.28805541992188
2023-04-12,96.20560455322266,217.2071075439453
2023-04-13,96.35723876953125,218.01715087890625
2023-04-14,96.35723876953125,216.9879150390625
2023-04-17,97.7123794555664,218.67474365234375
2023-04-18,99.18123626708984,219.15122985839844
2023-04-19,98.64108276367188,218.04576110839844
2023-04-20,97.45651245117188,216.82589721679688
2023-04-21,96.89740753173828,214.4434051513672
2023-04-24,97.09638977050781,213.94784545898438
2023-04-25,95.7981185913086,212.27059936523438
2023-04-26,92.56663513183594,204.73236083984375
2023-04-27,94.1871109008789,205.55198669433594
2023-04-28,94.67041778564453,208.07736206054688
2023-05-01,95.0779037475586,207.87725830078125
2023-05-02,93.6943359375,202.9978790283203
2023-05-03,92.07386016845703,200.138916015625
2023-05-04,90.89875793457031,199.03346252441406
2023-05-05,91.52421569824219,201.95916748046875
2023-05-08,90.53865051269531,200.80604553222656
2023-05-09,91.23043823242188,201.27301025390625
2023-05-10,91.25887298583984,201.5874786376953
2023-05-11,90.53865051269531,198.27105712890625
2023-05-12,90.96509552001953,200.09129333496094
2023-05-15,91.6379165649414,200.32955932617188
2023-05-16,90.46282958984375,197.83267211914062
2023-05-17,91.51473999023438,201.3873748779297
2023-05-18,91.65775299072266,201.01568603515625
2023-05-19,91.65775299072266,200.7488555908203
2023-05-22,91.20962524414062,202.53094482421875
2023-05-23,89.703125,197.22276306152344
2023-05-24,89.30267333984375,196.82249450683594
2023-05-25,88.78779602050781,194.74496459960938
2023-05-26,88.92127227783203,195.6026611328125
2023-05-30,88.50173950195312,195.5931396484375
2023-05-31,87.85337829589844,194.58294677734375
2023-06-01,89.71265411376953,195.6789093017578
2023-06-02,91.61007690429688,199.2621612548828
2023-06-05,91.2954330444336,199.41464233398438
2023-06-06,92.90681457519531,200.90133666992188
2023-06-07,94.00330352783203,204.11293029785156
2023-06-08,94.47052001953125,203.5030059814453
2023-06-09,94.71841430664062,202.29270935058594
2023-06-12,94.7947006225586,203.05511474609375
2023-06-13,95.05213928222656,203.7603302001953
2023-06-14,92.3537826538086,202.16880798339844
2023-06-15,93.44076538085938,204.85626220703125
2023-06-16,93.19285583496094,207.12440490722656
2023-06-20,93.15470886230469,205.36134338378906
2023-06-21,94.46098327636719,207.30548095703125
2023-06-22,92.41099548339844,204.3702392578125
2023-06-23,92.4014663696289,202.40704345703125
2023-06-26,92.05821990966797,202.1211395263672
2023-06-27,92.03913879394531,202.09255981445312
2023-06-28,91.40984344482422,201.0823974609375
2023-06-29,93.25006103515625,204.23681640625
2023-06-30,93.4026107788086,205.0373077392578
2023-07-03,93.81261444091797,205.6377410888672
2023-07-05,93.66958618164062,205.07545471191406
2023-07-06,93.48843383789062,205.46859741210938
2023-07-07,92.88774108886719,205.3439178466797
2023-07-10,92.94496154785156,205.85214233398438
2023-07-11,93.46936798095703,208.2493438720703
2023-07-12,92.31564331054688,208.66165161132812
2023-07-13,92.64936828613281,208.0383758544922
2023-07-14,91.69588470458984,206.46585083007812
2023-07-17,91.83891296386719,207.47264099121094
2023-07-18,91.30496978759766,204.73988342285156
2023-07-19,91.1238021850586,204.7686004638672
2023-07-20,92.63983917236328,207.19456481933594
2023-07-21,91.90565490722656,206.6096649169922
2023-07-24,92.49681091308594,208.69044494628906
2023-07-25,83.04786682128906,209.03561401367188
2023-07-26,82.28507232666016,213.61907958984375
2023-07-27,81.2076416015625,210.78079223632812
2023-07-28,83.27668762207031,213.48480224609375
2023-07-31,83.83924102783203,214.3861541748047
2023-08-01,83.87738037109375,216.07379150390625
2023-08-02,81.48414611816406,216.94638061523438
2023-08-03,80.73091125488281,216.35186767578125
2023-08-04,80.61649322509766,214.79847717285156
2023-08-07,81.49369049072266,217.84771728515625
2023-08-08,82.19925689697266,215.23956298828125
2023-08-09,83.68668365478516,216.8408966064453
2023-08-10,82.20879364013672,216.38064575195312
2023-08-11,82.79995727539062,217.65594482421875
2023-08-14,82.41856384277344,217.0614471435547
2023-08-15,81.67484283447266,213.95469665527344
2023-08-16,81.17903900146484,214.395751953125
2023-08-17,81.755126953125,213.1683807373047
2023-08-18,82.37920379638672,215.19161987304688
2023-08-21,82.11036682128906,215.057373046875
2023-08-22,81.92794799804688,215.057373046875
2023-08-23,82.60962677001953,215.61355590820312
2023-08-24,81.755126953125,214.673828125
2023-08-25,81.3134536743164,214.395751953125
2023-08-28,82.32159423828125,216.08338928222656
2023-08-29,81.9471435546875,216.8504638671875
2023-08-30,82.98408508300781,217.89566040039062
2023-08-31,82.60962677001953,217.32034301757812
2023-09-01,82.84007263183594,217.0614471435547
2023-09-05,81.65910339355469,214.1464385986328
2023-09-06,80.18050384521484,209.08355712890625
2023-09-07,80.96781158447266,209.69725036621094
2023-09-08,80.15170288085938,208.9109649658203
2023-09-11,73.83403778076172,207.37673950195312
2023-09-12,72.5474624633789,208.4411163330078
2023-09-13,72.5474624633789,210.65611267089844
2023-09-14,72.48986053466797,212.35333251953125
2023-09-15,72.77790069580078,214.83685302734375
2023-09-18,72.18260955810547,215.10531616210938
2023-09-19,72.08659362792969,213.68618774414062
2023-09-20,71.46250915527344,216.27516174316406
2023-09-21,69.74388122558594,212.75608825683594
2023-09-22,68.72615051269531,209.3616180419922
2023-09-25,69.17740631103516,210.31092834472656
2023-09-26,69.37903594970703,209.20822143554688
2023-09-27,69.97431945800781,211.9122772216797
2023-09-28,69.12940979003906,213.24508666992188
2023-09-29,69.10060119628906,211.88348388671875
2023-10-02,68.49571228027344,213.7628631591797
2023-10-03,67.76602172851562,211.66294860839844
2023-10-04,67.32434844970703,210.31092834472656
2023-10-05,66.61385345458984,209.09542846679688
2023-10-06,66.98829650878906,212.17279052734375
2023-10-09,70.07991790771484,230.05801391601562
2023-10-10,70.42557525634766,228.3119659423828
2023-10-11,70.38717651367188,229.3827362060547
2023-10-12,70.37757110595703,229.01614379882812
2023-10-13,70.32955932617188,234.45700073242188
2023-10-16,71.03046417236328,234.29299926757812
2023-10-17,70.94403839111328,232.74951171875
2023-10-18,71.28008270263672,231.34104919433594
2023-10-19,70.94403839111328,229.5467529296875
2023-10-20,69.65747833251953,226.64305114746094
2023-10-23,70.21434783935547,224.97415161132812
2023-10-24,75.2550277709961,224.77157592773438
2023-10-25,75.2838363647461,233.83961486816406
2023-10-26,75.99433135986328,232.054931640625
2023-10-27,76.00394439697266,229.83616638183594
2023-10-30,75.43746948242188,230.5403594970703
2023-10-31,78.14501953125,232.7880859375
2023-11-01,78.8747329711914,234.12899780273438
2023-11-02,79.47959899902344,235.39273071289062
2023-11-03,79.42201232910156,234.6210174560547
2023-11-06,79.1147689819336,235.31556701660156
2023-11-07,79.37398529052734,234.15792846679688
2023-11-08,79.88286590576172,233.4730224609375
2023-11-09,79.14356231689453,231.620849609375
2023-11-10,78.94193267822266,234.948974609375
2023-11-13,78.75950622558594,237.93948364257812
2023-11-14,77.47293090820312,239.10678100585938
2023-11-15,77.41532135009766,237.08096313476562
2023-11-16,77.59909057617188,236.5985870361328
2023-11-17,77.06713104248047,236.04872131347656
2023-11-20,76.57386016845703,237.10023498535156
2023-11-21,75.58731079101562,237.7079620361328
2023-11-22,77.20254516601562,238.59548950195312
2023-11-24,77.3572998046875,239.0778350830078
2023-11-27,76.86402130126953,237.6597442626953
2023-11-28,77.56040954589844,236.55999755859375
2023-11-29,78.29548645019531,236.18377685546875
2023-11-30,78.80810546875,238.24818420410156
2023-12-01,79.62055969238281,240.87213134765625
2023-12-04,80.40399169921875,243.3031768798828
2023-12-05,79.97843170166016,242.02976989746094
2023-12-06,79.99777221679688,243.05235290527344
2023-12-07,78.82745361328125,242.60858154296875
2023-12-08,78.65335083007812,243.38034057617188
2023-12-11,79.20465850830078,243.50572204589844
2023-12-12,78.38253021240234,244.25816345214844
2023-12-13,80.49104309082031,246.81460571289062
2023-12-14,79.17565155029297,242.28057861328125
2023-12-15,77.64744567871094,243.63113403320312
2023-12-18,78.04402160644531,243.93983459472656
2023-12-19,79.91071319580078,244.92384338378906
2023-12-20,78.96286010742188,240.74671936035156
2023-12-21,79.32072448730469,243.515380859375
2023-12-22,80.500732421875,245.12640380859375
2023-12-26,81.29383087158203,247.16188049316406
2023-12-27,81.4098892211914,248.33880615234375
2023-12-28,81.4098892211914,249.0237579345703
2023-12-29,81.3808822631836,250.4997100830078
2024-01-02,82.42546844482422,249.46751403808594
2024-01-03,82.80267333984375,247.48023986816406
2024-01-04,82.60924530029297,247.13294982910156
2024-01-05,82.58021545410156,244.93345642089844
2024-01-08,83.0251235961914,244.85629272460938
2024-01-09,82.98644256591797,242.36741638183594
2024-01-10,83.25726318359375,242.3770751953125
2024-01-11,82.52218627929688,241.1133270263672
2024-01-12,83.49906921386719,245.81134033203125
2024-01-16,82.69628143310547,241.79823303222656
2024-01-17,82.26104736328125,241.1422576904297
2024-01-18,82.66727447509766,243.372802734375
2024-01-19,82.72530364990234,241.81141662597656
2024-01-22,82.23201751708984,242.21873474121094
2024-01-23,86.61347198486328,241.8405303955078
2024-01-24,86.5554428100586,253.2938995361328
2024-01-25,87.95789337158203,257.8326416015625
2024-01-26,87.44527435302734,257.0664978027344
2024-01-29,87.12610626220703,256.7851867675781
2024-01-30,87.62904357910156,260.5577697753906
2024-01-31,88.13199615478516,256.9888610839844
2024-02-01,89.1475601196289,258.8121337890625
2024-02-02,88.96379852294922,257.26043701171875
2024-02-05,89.21525573730469,257.50286865234375
2024-02-06,89.25395202636719,259.60736083984375
2024-02-07,88.91543579101562,260.965087890625
2024-02-08,88.05461883544922,260.8778076171875
2024-02-09,87.5419921875,261.9833984375
2024-02-12,88.15132904052734,261.30450439453125
2024-02-13,87.6193618774414,259.15155029296875
2024-02-14,88.39313507080078,260.97479248046875
2024-02-15,88.78001403808594,261.8476257324219
2024-02-16,88.02559661865234,261.30450439453125
2024-02-20,87.99658966064453,260.80987548828125
2024-02-21,87.25183868408203,263.69024658203125
2024-02-22,87.1642074584961,264.1072692871094
2024-02-23,87.63153076171875,265.4844055175781
2024-02-26,87.6412582397461,264.77642822265625
2024-02-27,88.03068542480469,265.4359436035156
2024-02-28,87.54389953613281,266.0274963378906
2024-02-29,87.3005142211914,264.99951171875
2024-03-01,87.42707824707031,263.7387390136719
2024-03-04,87.53417205810547,266.4154052734375
2024-03-05,87.6801986694336,265.3388977050781
2024-03-06,87.87491607666016,265.4359436035156
2024-03-07,88.15726470947266,264.7861328125
2024-03-08,88.4785385131836,264.0878601074219
2024-03-11,88.98480224609375,265.0188903808594
2024-03-12,87.57311248779297,266.3572082519531
2024-03-13,88.1669921875,267.0457763671875
2024-03-14,89.33528137207031,267.0845642089844
2024-03-15,90.474365234375,266.9002990722656
2024-03-18,90.99036407470703,269.2181396484375
2024-03-19,92.3533706665039,271.2547302246094
2024-03-20,92.3436279296875,274.0187072753906
2024-03-21,91.76921844482422,272.84521484375
2024-03-22,93.01539611816406,272.6706237792969
2024-03-25,93.10301208496094,270.5564880371094
2024-03-26,93.52165985107422,269.94549560546875
2024-03-27,94.87493133544922,273.3883056640625
2024-03-28,94.95281219482422,273.96051025390625
2024-04-01,95.1767349243164,282.7469482421875
2024-04-02,95.94586181640625,281.7674255371094
2024-04-03,94.97228240966797,282.8827209472656
2024-04-04,96.68578338623047,284.3664855957031
2024-04-05,99.00289916992188,286.2673034667969
2024-04-08,99.18785858154297,284.2792053222656
2024-04-09,98.91527557373047,280.1187438964844
2024-04-10,98.68160247802734,281.2825012207031
2024-04-11,98.11693572998047,280.1910095214844
2024-04-12,97.45490264892578,280.5516052246094
2024-04-15,97.37701416015625,277.51092529296875
2024-04-16,98.17533874511719,278.0469055175781
2024-04-17,98.08773803710938,277.228271484375
2024-04-18,98.04878997802734,278.0177307128906
2024-04-19,98.8763198852539,281.28253173828125
2024-04-22,98.8763198852539,283.9041442871094
2024-04-23,98.7010726928711,285.2782897949219
2024-04-24,98.3505859375,273.9634094238281
2024-04-25,99.0223617553711,277.6571044921875
2024-04-26,98.73029327392578,277.1795654296875
2024-04-29,99.73307037353516,280.4736328125
2024-04-30,98.8373794555664,279.7914123535156
2024-05-01,98.54530334472656,279.24566650390625
2024-05-02,99.19760131835938,280.0545349121094
2024-05-03,98.7205581665039,280.8147277832031
2024-05-06,99.21707916259766,283.9723815917969
2024-05-07,100.50220489501953,285.9117431640625
2024-05-08,101.19343566894531,285.29779052734375
2024-05-09,102.94585418701172,288.4456481933594
2024-05-10,103.51054382324219,288.90374755859375
2024-05-13,103.0042724609375,286.06768798828125
2024-05-14,102.90691375732422,286.584228515625
2024-05-15,102.56616973876953,287.1007385253906
2024-05-16,102.0960464477539,288.23126220703125
2024-05-17,102.03728485107422,291.4181213378906
2024-05-20,102.86000061035156,292.59735107421875
2024-05-21,103.2615737915039,289.5079345703125
2024-05-22,104.12346649169922,290.4338073730469
2024-05-23,103.24199676513672,288.98162841796875
2024-05-24,104.08429718017578,292.00286865234375
2024-05-28,103.34972381591797,289.78082275390625
2024-05-29,102.41925811767578,286.01898193359375
2024-05-30,103.54561614990234,288.5528564453125
2024-05-31,105.59262084960938,292.1490478515625
2024-06-03,105.16167449951172,290.6774597167969
2024-06-04,105.68077087402344,289.7613525390625
2024-06-05,106.20966339111328,291.8371887207031
2024-06-06,105.95501708984375,290.68719482421875
2024-06-07,105.88645935058594,291.53509521484375
2024-06-10,104.8874282836914,287.1884460449219
2024-06-11,104.7209243774414,285.2100524902344
2024-06-12,104.57401275634766,286.8571472167969
2024-06-13,102.86978912353516,285.0833435058594
2024-06-14,102.08625793457031,284.3621826171875
2024-06-17,102.32131958007812,286.36004638671875
2024-06-18,102.61514282226562,290.424072265625
2024-06-20,102.90897369384766,292.01263427734375
2024-06-21,103.43787384033203,290.6676940917969
2024-06-24,99.86293029785156,290.9405822753906
2024-06-25,99.48096466064453,287.773193359375
2024-06-26,99.1773452758789,287.04229736328125
2024-06-27,98.55050659179688,285.06390380859375
2024-06-28,98.32523345947266,282.76385498046875
2024-07-01,97.50251007080078,280.5516052246094
2024-07-02,98.3448257446289,278.5439453125
2024-07-03,98.66802215576172,277.6376037597656
2024-07-05,98.30563354492188,275.8941650390625
2024-07-08,98.04119873046875,274.708984375
2024-07-09,99.03042602539062,273.7687683105469
2024-07-10,98.60926818847656,276.11944580078125
2024-07-11,99.62787628173828,278.31341552734375
2024-07-12,99.1969223022461,278.0587463378906
2024-07-15,99.52993774414062,279.557373046875
2024-07-16,101.54756164550781,285.6005859375
2024-07-17,102.83062744140625,285.99237060546875
2024-07-18,101.70426940917969,287.2460632324219
2024-07-19,100.69544982910156,282.2998352050781
2024-07-22,101.63571166992188,285.2283935546875
2024-07-23,102.81103515625,288.41162109375
2024-07-24,102.67391204833984,278.82275390625
2024-07-25,111.1362075805664,285.0031433105469
2024-07-26,111.60633850097656,284.4350280761719
2024-07-29,112.08626556396484,283.5437316894531
2024-07-30,114.47607421875,286.991455078125
2024-07-31,115.07352447509766,292.5743408203125
2024-08-01,114.33895874023438,287.42242431640625
2024-08-02,114.04512786865234,286.38421630859375
2024-08-05,112.80123901367188,280.0274353027344
2024-08-06,112.04708099365234,279.5181579589844
2024-08-07,111.8022232055664,281.27142333984375
2024-08-08,112.73268127441406,284.8267822265625
2024-08-09,113.7610855102539,286.97186279296875
2024-08-12,114.20184326171875,285.2186584472656
2024-08-13,114.45648956298828,286.1980895996094
2024-08-14,115.23023986816406,287.6966552734375
2024-08-15,115.9256362915039,289.87109375
2024-08-16,116.14225769042969,290.4978942871094
2024-08-19,116.53612518310547,289.5282287597656
2024-08-20,116.14225769042969,289.72412109375
2024-08-21,115.46283721923828,288.0296630859375
2024-08-22,116.21118927001953,287.42242431640625
2024-08-23,116.70352172851562,285.4635009765625
2024-08-26,116.88077545166016,285.02276611328125
2024-08-27,117.65866088867188,284.2391662597656
2024-08-28,118.98796844482422,290.546875
2024-08-29,120.4157485961914,291.71240234375
2024-08-30,121.44965362548828,293.2109680175781
2024-09-03,119.13567352294922,288.8622131347656
2024-09-04,119.25382995605469,288.30389404296875
2024-09-05,117.80636596679688,291.1835632324219
2024-09-06,116.62474822998047,286.76617431640625
2024-09-09,119.30307006835938,295.3658447265625
2024-09-10,118.45625305175781,296.1885681152344
2024-09-11,117.43218994140625,293.436279296875
2024-09-12,118.25930786132812,294.4941101074219
2024-09-13,117.2943344116211,298.5392761230469
2024-09-16,117.37310028076172,301.2327575683594
2024-09-17,116.91031646728516,297.6087951660156
2024-09-18,116.23088073730469,296.1689453125
2024-09-19,116.99893188476562,298.4707336425781
2024-09-20,116.33920288085938,300.5667724609375
2024-09-23,118.42670440673828,301.7616882324219
2024-09-24,118.20024108886719,298.41192626953125
2024-09-25,119.04705047607422,295.4931640625
2024-09-26,118.47594451904297,294.31781005859375
2024-09-27,118.54486846923828,293.9652099609375
2024-09-30,119.30307006835938,295.99267578125
2024-10-01,122.48356628417969,299.058349609375
2024-10-02,122.13893127441406,297.6773681640625
2024-10-03,121.77459716796875,293.45587158203125
2024-10-04,122.99559783935547,294.48431396484375
2024-10-07,123.13345336914062,291.1835632324219
2024-10-08,121.60720825195312,290.8015441894531
2024-10-09,122.05030059814453,292.5548095703125
2024-10-10,121.0557861328125,289.9689636230469
2024-10-11,122.0306167602539,294.7029113769531
2024-10-14,122.729736328125,297.0845947265625
2024-10-15,123.11375427246094,295.4607238769531
2024-10-16,124.28551483154297,300.0470275878906
2024-10-17,123.82272338867188,303.3538513183594
2024-10-18,123.9901123046875,303.59991455078125
2024-10-21,123.97042846679688,303.2062072753906
2024-10-22,123.60608673095703,301.1492919921875
2024-10-23,125.26033782958984,299.58447265625
2024-10-24,123.25160217285156,296.50396728515625
2024-10-25,123.24176025390625,297.7341613769531
2024-10-28,123.50762939453125,299.112060546875
2024-10-29,120.90808868408203,296.97637939453125
2024-10-30,119.99234008789062,296.60235595703125
2024-10-31,119.13567352294922,286.99676513671875
2024-11-01,116.93000030517578,288.3549499511719
2024-11-04,116.19149780273438,288.9552917480469
2024-11-05,117.15647888183594,291.9570617675781
2024-11-06,119.72647094726562,303.5802001953125
2024-11-07,118.23961639404297,301.15911865234375
2024-11-08,121.65644073486328,304.57421875
2024-11-11,122.65095520019531,308.9440002441406
2024-11-12,121.47920227050781,307.1134033203125
2024-11-13,121.85336303710938,309.06207275390625
2024-11-14,117.0973892211914,287.79400634765625
2024-11-15,117.33497619628906,283.43402099609375
2024-11-18,118.1863021850586,281.47552490234375
2024-11-19,117.7606430053711,276.5152282714844
2024-11-20,117.94872283935547,275.6196594238281
2024-11-21,119.31481170654297,275.5015563964844
2024-11-22,119.55238342285156,277.351806640625
2024-11-25,117.45376586914062,276.89910888671875
2024-11-26,119.39400482177734,277.5584716796875
2024-11-27,119.12672424316406,277.8439025878906
2024-11-29,120.6017074584961,279.51702880859375
2024-12-02,117.48346710205078,272.0667419433594
2024-12-03,116.90930938720703,273.0312805175781
2024-12-04,118.02792358398438,273.2674560546875
2024-12-05,117.3250732421875,270.7971496582031
2024-12-06,116.80042266845703,267.5001525878906
2024-12-09,115.4046401977539,265.3054504394531
2024-12-10,116.42424774169922,266.1518249511719
2024-12-11,115.7610092163086,261.2309265136719
2024-12-12,114.8799819946289,258.8787536621094
2024-12-13,116.56283569335938,258.9476623535156
2024-12-16,116.9192123413086,261.86083984375
2024-12-17,116.23616790771484,261.0242614746094
2024-12-18,113.29610443115234,258.12091064453125
2024-12-19,114.29592895507812,256.16241455078125
2024-12-20,115.3056411743164,259.46929931640625
2024-12-23,115.45413208007812,260.9947509765625
2024-12-24,115.6521224975586,261.6934814453125
2024-12-26,115.86000061035156,262.5596008300781
2024-12-27,115.5333251953125,261.9297180175781
2024-12-30,114.058349609375,259.2133483886719
