Date,V,MA
2015-01-02,61.570621490478516,80.31995391845703
2015-01-05,60.2115364074707,78.06072235107422
2015-01-06,59.82354736328125,77.89196014404297
2015-01-07,60.62506103515625,79.10363006591797
2015-01-08,61.43821334838867,80.33402252197266
2015-01-09,60.527488708496094,79.31026458740234
2015-01-12,60.408992767333984,78.29585266113281
2015-01-13,60.58556365966797,78.47431182861328
2015-01-14,59.372840881347656,78.38977813720703
2015-01-15,58.80828857421875,77.25331115722656
2015-01-16,59.231117248535156,78.7091293334961
2015-01-20,59.670204162597656,79.14119720458984
2015-01-21,59.77244186401367,78.63400268554688
2015-01-22,59.846771240234375,79.25390625
2015-01-23,60.0070915222168,79.2632827758789
2015-01-26,59.59819412231445,78.52127838134766
2015-01-27,58.311119079589844,76.80244445800781
2015-01-28,57.23546600341797,75.83503723144531
2015-01-29,57.6164665222168,76.43612670898438
2015-01-30,59.2218132019043,77.04664611816406
2015-02-02,59.32172775268555,77.93895721435547
2015-02-03,60.35557174682617,78.71853637695312
2015-02-04,61.54044723510742,79.06603240966797
2015-02-05,63.14579391479492,80.60641479492188
2015-02-06,62.12820816040039,79.04727935791016
2015-02-09,61.6728515625,79.4511489868164
2015-02-10,61.461429595947266,79.1130142211914
2015-02-11,61.9083137512207,79.32905578613281
2015-02-12,63.05342483520508,82.20313262939453
2015-02-13,62.75551223754883,81.84623718261719
2015-02-17,63.04410171508789,82.20313262939453
2015-02-18,62.63679122924805,82.40040588378906
2015-02-19,62.63214111328125,83.78109741210938
2015-02-20,63.53986740112305,85.27450561523438
2015-02-23,63.54219436645508,85.58442687988281
2015-02-24,63.416507720947266,85.77230072021484
2015-02-25,63.54219436645508,87.04026794433594
2015-02-26,63.71443176269531,85.71595764160156
2015-02-27,63.146514892578125,84.65457916259766
2015-03-02,64.7710952758789,86.4297866821289
2015-03-03,64.07518005371094,85.44355010986328
2015-03-04,63.71443176269531,86.13859558105469
2015-03-05,63.80288314819336,87.17178344726562
2015-03-06,62.68800735473633,85.27450561523438
2015-03-09,63.172122955322266,85.58442687988281
2015-03-10,61.724449157714844,83.44296264648438
2015-03-11,61.61969757080078,81.68653869628906
2015-03-12,62.74386978149414,83.82805633544922
2015-03-13,61.68485641479492,82.4191665649414
2015-03-16,62.613525390625,83.32085418701172
2015-03-17,61.561519622802734,82.62579345703125
2015-03-18,62.2993049621582,83.48052215576172
2015-03-19,62.199222564697266,83.61202239990234
2015-03-20,62.75783920288086,84.36343383789062
2015-03-23,62.45062255859375,83.9031753540039
2015-03-24,62.469207763671875,84.05348205566406
2015-03-25,61.193756103515625,82.06227111816406
2015-03-26,61.06343460083008,82.58824157714844
2015-03-27,61.016883850097656,81.94954681396484
2015-03-30,61.12861251831055,82.34403228759766
2015-03-31,60.8958854675293,81.14176177978516
2015-04-01,60.681739807128906,81.47052001953125
2015-04-02,60.78413772583008,81.74293518066406
2015-04-06,60.70035171508789,82.03406524658203
2015-04-07,61.25894546508789,82.73040008544922
2015-04-08,61.91063690185547,84.04776763916016
2015-04-09,61.854766845703125,83.8031005859375
2015-04-10,61.76167678833008,83.34201049804688
2015-04-13,61.08207321166992,83.04093933105469
2015-04-14,61.0075798034668,83.85957336425781
2015-04-15,61.14723205566406,83.9819107055664
2015-04-16,61.11927795410156,83.48316955566406
2015-04-17,60.0672721862793,81.79883575439453
2015-04-20,60.253501892089844,82.17523193359375
2015-04-21,60.84001159667969,82.5892562866211
2015-04-22,63.316410064697266,85.81678771972656
2015-04-23,63.04644775390625,85.51568603515625
2015-04-24,62.823001861572266,85.3651123046875
2015-04-27,62.469207763671875,84.45238494873047
2015-04-28,62.1619987487793,84.90406799316406
2015-04-29,62.69267654418945,84.9228515625
2015-04-30,61.49169921875,84.88520812988281
2015-05-01,61.231014251708984,85.86383819580078
2015-05-04,61.05412292480469,85.7979736328125
2015-05-05,61.407894134521484,85.42156982421875
2015-05-06,61.13792037963867,85.2239990234375
2015-05-07,61.98511505126953,86.61660766601562
2015-05-08,64.67565155029297,87.99042510986328
2015-05-11,64.2567367553711,87.05886840820312
2015-05-12,63.94950866699219,86.93653106689453
2015-05-13,64.02409362792969,87.05886840820312
2015-05-14,65.28311157226562,88.30094909667969
2015-05-15,64.88213348388672,87.71755981445312
2015-05-18,65.28311157226562,87.58580780029297
2015-05-19,65.43236541748047,88.26332092285156
2015-05-20,65.07794952392578,87.73638153076172
2015-05-21,64.69557189941406,87.4164810180664
2015-05-22,64.92876434326172,87.21886444091797
2015-05-26,63.9215087890625,86.466064453125
2015-05-27,64.80750274658203,87.12474822998047
2015-05-28,64.87278747558594,87.3411865234375
2015-05-29,64.05208587646484,86.81421661376953
2015-06-01,64.45309448242188,87.09651184082031
2015-06-02,64.3878173828125,87.67051696777344
2015-06-03,64.30386352539062,87.98104095458984
2015-06-04,63.61376190185547,87.10594177246094
2015-06-05,63.76298141479492,87.1529541015625
2015-06-08,63.11946487426758,86.4754867553711
2015-06-09,63.37126159667969,86.65422821044922
2015-06-10,64.9380874633789,88.61146545410156
2015-06-11,64.94739532470703,88.9219970703125
2015-06-12,64.65830993652344,88.23512268066406
2015-06-15,63.949485778808594,87.79286193847656
2015-06-16,64.35984802246094,88.59265899658203
2015-06-17,64.11735534667969,88.87496185302734
2015-06-18,64.81684112548828,90.38050842285156
2015-06-19,64.0614242553711,89.21369934082031
2015-06-22,64.4344482421875,89.7877197265625
2015-06-23,64.74221801757812,90.05116271972656
2015-06-24,64.21994018554688,89.87239074707031
2015-06-25,63.99612808227539,88.88436889648438
2015-06-26,64.11735534667969,88.9314193725586
2015-06-29,62.224185943603516,87.05886840820312
2015-06-30,62.62519836425781,87.96223449707031
2015-07-01,63.27802276611328,88.9219970703125
2015-07-02,63.6417350769043,88.67733001708984
2015-07-06,63.52982711791992,88.94082641601562
2015-07-07,63.20341110229492,88.49779510498047
2015-07-08,62.23347091674805,87.17820739746094
2015-07-09,62.531925201416016,87.6966323852539
2015-07-10,63.80959701538086,89.1858901977539
2015-07-13,64.8354721069336,90.01534271240234
2015-07-14,65.37640380859375,89.798583984375
2015-07-15,65.30180358886719,89.77971649169922
2015-07-16,65.81474304199219,90.31697845458984
2015-07-17,66.10383605957031,90.5620346069336
2015-07-20,67.80118560791016,91.67428588867188
2015-07-21,67.16702270507812,91.15585327148438
2015-07-22,67.12039184570312,91.31609344482422
2015-07-23,66.91522979736328,89.69487762451172
2015-07-24,69.75968933105469,90.326416015625
2015-07-27,68.88302612304688,88.96912384033203
2015-07-28,69.70374298095703,89.69487762451172
2015-07-29,70.88819122314453,91.1747055053711
2015-07-30,71.23322296142578,92.75823974609375
2015-07-31,70.26332092285156,91.80624389648438
2015-08-03,70.66433715820312,91.84394836425781
2015-08-04,70.19801330566406,91.71198272705078
2015-08-05,69.92757415771484,92.62627410888672
2015-08-06,68.62190246582031,91.58003234863281
2015-08-07,69.20943450927734,92.15498352050781
2015-08-10,69.36801147460938,92.44720458984375
2015-08-11,68.41674041748047,91.61773681640625
2015-08-12,68.69698333740234,91.46693420410156
2015-08-13,69.0613021850586,91.64598846435547
2015-08-14,69.33218383789062,92.26809692382812
2015-08-17,69.5096664428711,92.2398452758789
2015-08-18,69.56570434570312,91.99475860595703
2015-08-19,69.5003433227539,91.05218505859375
2015-08-20,69.07997131347656,89.12931823730469
2015-08-21,66.50174713134766,85.47215270996094
2015-08-24,63.85809326171875,82.78585815429688
2015-08-25,62.55964660644531,81.8338851928711
2015-08-26,66.03467559814453,86.44300842285156
2015-08-27,67.6320571899414,88.64862823486328
2015-08-28,67.68807983398438,88.67692565917969
2015-08-31,66.60448455810547,87.06510162353516
2015-09-01,64.41859436035156,83.93578338623047
2015-09-02,65.0351333618164,85.23654174804688
2015-09-03,65.76376342773438,86.386474609375
2015-09-04,64.60541534423828,85.3307876586914
2015-09-08,65.88519287109375,87.56470489501953
2015-09-09,65.01643371582031,84.80294036865234
2015-09-10,65.60494232177734,84.52963256835938
2015-09-11,66.10003662109375,86.10369110107422
2015-09-14,65.39945220947266,85.71724700927734
2015-09-15,65.86651611328125,86.82005310058594
2015-09-16,66.31490325927734,87.40445709228516
2015-09-17,66.28688049316406,87.85684967041016
2015-09-18,65.1939468383789,86.8577651977539
2015-09-21,66.11871337890625,87.70603942871094
2015-09-22,65.62364196777344,86.7823257446289
2015-09-23,66.27752685546875,86.84831237792969
2015-09-24,65.6142807006836,85.88688659667969
2015-09-25,66.03467559814453,86.05657196044922
2015-09-28,62.77449417114258,83.27596282958984
2015-09-29,64.01689910888672,83.66242218017578
2015-09-30,65.07250213623047,84.9443588256836
2015-10-01,65.38076782226562,85.51931762695312
2015-10-02,66.01596069335938,86.7823257446289
2015-10-05,67.47325134277344,88.91255950927734
2015-10-06,67.33311462402344,88.52608489990234
2015-10-07,68.39804077148438,89.8668441772461
2015-10-08,69.03326416015625,90.5183334350586
2015-10-09,69.10799407958984,90.4710922241211
2015-10-12,70.05147552490234,91.2453384399414
2015-10-13,70.06082153320312,90.574951171875
2015-10-14,69.31350708007812,89.72518920898438
2015-10-15,70.37842559814453,91.73628997802734
2015-10-16,70.99498748779297,92.18949890136719
2015-10-19,71.91976165771484,92.28392028808594
2015-10-20,71.25650787353516,92.21781158447266
2015-10-21,70.49053192138672,91.20755004882812
2015-10-22,71.3873062133789,92.5483169555664
2015-10-23,71.9944839477539,94.21947479248047
2015-10-26,73.0313949584961,94.06840515136719
2015-10-27,72.41488647460938,92.93541717529297
2015-10-28,73.67594909667969,94.50271606445312
2015-10-29,73.33966827392578,94.97481536865234
2015-10-30,72.47093963623047,93.46415710449219
2015-11-02,70.266357421875,93.83234405517578
2015-11-03,72.76984405517578,94.53105926513672
2015-11-04,73.190185546875,94.9087142944336
2015-11-05,74.040283203125,95.06924438476562
2015-11-06,73.56387329101562,95.83404541015625
2015-11-09,72.90061950683594,94.86151885986328
2015-11-10,74.37924194335938,95.03147888183594
2015-11-11,74.09846496582031,95.24864196777344
2015-11-12,73.2843246459961,92.7938003540039
2015-11-13,73.09712982177734,91.45304107666016
2015-11-16,73.83644104003906,92.81266021728516
2015-11-17,73.77094268798828,92.59552764892578
2015-11-18,75.29635620117188,93.6246566772461
2015-11-19,75.00621795654297,93.40748596191406
2015-11-20,75.04367065429688,93.94568634033203
2015-11-23,74.96876525878906,93.82292938232422
2015-11-24,74.66934204101562,93.00151062011719
2015-11-25,74.45409393310547,92.68048095703125
2015-11-27,74.71612548828125,93.16200256347656
2015-11-30,73.93938446044922,92.45386505126953
2015-12-01,74.78162384033203,92.46333312988281
2015-12-02,73.9674301147461,91.67964935302734
2015-12-03,73.26560974121094,90.603271484375
2015-12-04,75.24018859863281,93.19033813476562
2015-12-07,74.44473266601562,92.35948944091797
2015-12-08,73.99553680419922,92.69933319091797
2015-12-09,72.88190460205078,92.35948944091797
2015-12-10,73.10652160644531,92.16117858886719
2015-12-11,71.2254867553711,89.53636169433594
2015-12-14,71.9367446899414,90.92430114746094
2015-12-15,73.57441711425781,92.93541717529297
2015-12-16,74.73479461669922,94.45553588867188
2015-12-17,73.63993835449219,93.78517150878906
2015-12-18,71.42201232910156,90.91484832763672
2015-12-21,72.21747589111328,91.6230239868164
2015-12-22,72.41400146484375,92.0951156616211
2015-12-23,73.51827239990234,93.21866607666016
2015-12-24,73.2375259399414,93.08645629882812
2015-12-28,73.49019622802734,93.02981567382812
2015-12-29,74.12657165527344,94.15338134765625
2015-12-30,73.32172393798828,93.35088348388672
2015-12-31,72.57307434082031,91.92513275146484
2016-01-04,70.84182739257812,89.51746368408203
2016-01-05,71.37523651123047,89.68745422363281
2016-01-06,70.43939971923828,88.31563568115234
2016-01-07,69.05440521240234,86.6978530883789
2016-01-08,68.20277404785156,85.04222106933594
2016-01-11,69.17606353759766,85.69501495361328
2016-01-12,69.962158203125,86.50863647460938
2016-01-13,68.40868377685547,84.37998962402344
2016-01-14,69.06375122070312,85.8179931640625
2016-01-15,67.22016906738281,83.92586517333984
2016-01-19,66.80843353271484,81.57015228271484
2016-01-20,66.14395904541016,80.53893280029297
2016-01-21,66.96752166748047,81.47555541992188
2016-01-22,68.0343246459961,83.25411987304688
2016-01-25,67.13594818115234,82.09048461914062
2016-01-26,67.26696014404297,82.30807495117188
2016-01-27,66.35921478271484,80.23619842529297
2016-01-28,64.8806381225586,78.93062591552734
2016-01-29,69.70945739746094,84.2286148071289
2016-02-01,69.60652923583984,83.85018920898438
2016-02-02,68.6894302368164,81.2957763671875
2016-02-03,69.60652923583984,81.80668640136719
2016-02-04,68.95145416259766,81.67422485351562
2016-02-05,66.94880676269531,78.2967529296875
2016-02-08,63.42074203491211,76.3005599975586
2016-02-09,63.94480514526367,77.54934692382812
2016-02-10,65.64797973632812,78.81709289550781
2016-02-11,64.07576751708984,77.68180847167969
2016-02-12,65.90065002441406,80.3118667602539
2016-02-16,66.53703308105469,81.53231811523438
2016-02-17,67.54032897949219,82.50679016113281
2016-02-18,66.7995834350586,81.39988708496094
2016-02-19,67.07150268554688,82.10941314697266
2016-02-22,68.50614166259766,83.08386993408203
2016-02-23,67.65284729003906,81.5606689453125
2016-02-24,67.37152099609375,81.75936126708984
2016-02-25,68.70303344726562,82.70541381835938
2016-02-26,68.19671630859375,82.84736633300781
2016-02-29,67.8779067993164,82.23237609863281
2016-03-01,69.98763275146484,85.24091339111328
2016-03-02,69.6688232421875,85.04222106933594
2016-03-03,69.30314636230469,84.90029907226562
2016-03-04,69.29377746582031,85.19361114501953
2016-03-07,67.45594787597656,83.53797912597656
2016-03-08,66.21822357177734,82.16618347167969
2016-03-09,66.27445220947266,82.47835540771484
2016-03-10,65.8431396484375,82.2040023803711
2016-03-11,67.16525268554688,83.80288696289062
2016-03-14,67.03398895263672,84.07723236083984
2016-03-15,67.42780303955078,84.54081726074219
2016-03-16,67.8591537475586,85.15574645996094
2016-03-17,68.5811538696289,86.4802474975586
2016-03-18,69.1812515258789,87.33174133300781
2016-03-21,69.17185974121094,87.36953735351562
2016-03-22,68.412353515625,86.8113784790039
2016-03-23,69.30314636230469,87.16143035888672
2016-03-24,69.518798828125,86.95330047607422
2016-03-28,69.46256256103516,86.31942749023438
2016-03-29,70.68151092529297,87.77635955810547
2016-03-30,71.9942626953125,88.75083923339844
2016-03-31,71.71298217773438,89.40361022949219
2016-04-01,72.7537612915039,90.69973754882812
2016-04-04,72.97884368896484,89.9239501953125
2016-04-05,72.17240905761719,89.26170349121094
2016-04-06,73.33512115478516,89.82100677490234
2016-04-07,72.7444076538086,88.6455078125
2016-04-08,73.16635131835938,88.91094970703125
2016-04-11,72.96944427490234,88.60759735107422
2016-04-12,73.62581634521484,88.97733306884766
2016-04-13,74.74163055419922,90.76899719238281
2016-04-14,75.32299041748047,91.16714477539062
2016-04-15,75.0886001586914,91.65062713623047
2016-04-18,76.37317657470703,92.58909606933594
2016-04-19,75.71681213378906,92.18148040771484
2016-04-20,76.09188842773438,92.8071517944336
2016-04-21,75.75433349609375,92.46588897705078
2016-04-22,74.17901611328125,92.38053894042969
2016-04-25,73.26950073242188,91.93502044677734
2016-04-26,73.63518524169922,92.20992279052734
2016-04-27,73.8508529663086,93.26216125488281
2016-04-28,72.8381576538086,92.12458801269531
2016-04-29,72.42558288574219,91.94448852539062
2016-05-02,73.56953430175781,92.68389892578125
2016-05-03,72.37869262695312,91.43257904052734
2016-05-04,72.26615905761719,91.24300384521484
2016-05-05,72.53810119628906,91.18610382080078
2016-05-06,72.87568664550781,91.65062713623047
2016-05-09,73.34449768066406,91.68854522705078
2016-05-10,74.26342010498047,92.5606689453125
2016-05-11,72.61022186279297,91.3946533203125
2016-05-12,73.16439819335938,90.8637924194336
2016-05-13,72.168701171875,90.39927673339844
2016-05-16,73.07987976074219,91.14815521240234
2016-05-17,72.13114166259766,90.62677764892578
2016-05-18,72.73229217529297,90.65522003173828
2016-05-19,72.21571350097656,89.77362823486328
2016-05-20,72.9577407836914,90.50354766845703
2016-05-23,72.52567291259766,90.13384246826172
2016-05-24,74.56401062011719,91.4610366821289
2016-05-25,74.263427734375,91.43257904052734
2016-05-26,74.20706176757812,91.36621856689453
2016-05-27,74.82701873779297,92.12458801269531
2016-05-31,74.15071105957031,90.91119384765625
2016-06-01,74.4137191772461,91.3946533203125
2016-06-02,75.09941101074219,91.84020233154297
2016-06-03,75.0900650024414,91.03443145751953
2016-06-06,75.65363311767578,91.6126937866211
2016-06-07,75.7099838256836,91.65062713623047
2016-06-08,76.69628143310547,92.89246368408203
2016-06-09,76.32994842529297,91.9729232788086
2016-06-10,75.3154525756836,90.25706481933594
2016-06-13,73.6434555053711,89.2901611328125
2016-06-14,73.80315399169922,89.21429443359375
2016-06-15,73.42741394042969,88.4843521118164
2016-06-16,73.59651184082031,89.18587493896484
2016-06-17,72.31900787353516,88.43694305419922
2016-06-20,72.64778900146484,89.44182586669922
2016-06-21,72.63839721679688,90.16230773925781
2016-06-22,71.88690948486328,89.16690063476562
2016-06-23,73.48377990722656,90.73106384277344
2016-06-24,70.49669647216797,86.71163940429688
2016-06-27,68.89044189453125,84.43646240234375
2016-06-28,70.60001373291016,85.71626281738281
2016-06-29,72.08415985107422,87.3373031616211
2016-06-30,69.67008972167969,83.47904968261719
2016-07-01,69.96129608154297,84.2279281616211
2016-07-05,70.1397476196289,83.64968872070312
2016-07-06,69.56676483154297,82.49065399169922
2016-07-07,69.98947143554688,83.4216537475586
2016-07-08,71.78357696533203,84.13420104980469
2016-07-11,71.87752532958984,84.3146743774414
2016-07-12,72.7792739868164,85.50220489501953
2016-07-13,72.76049041748047,85.82523345947266
2016-07-14,73.39921569824219,86.87972259521484
2016-07-15,73.54952239990234,86.38573455810547
2016-07-18,73.55892944335938,87.02225494384766
2016-07-19,73.94404602050781,87.76325988769531
2016-07-20,74.54523468017578,88.63731384277344
2016-07-21,74.00979614257812,87.83928680419922
2016-07-22,75.06184387207031,88.97930145263672
2016-07-25,74.15071105957031,88.35230255126953
2016-07-26,73.7280044555664,88.76078033447266
2016-07-27,73.76558685302734,89.06481170654297
2016-07-28,74.38553619384766,91.21186065673828
2016-07-29,73.314697265625,90.48033905029297
2016-08-01,73.511962890625,90.3188247680664
2016-08-02,73.5307388305664,90.48986053466797
2016-08-03,73.93465423583984,90.32833862304688
2016-08-04,74.65794372558594,91.11688995361328
2016-08-05,75.27789306640625,92.03837585449219
2016-08-08,75.09941101074219,91.94337463378906
2016-08-09,75.2027359008789,91.86735534667969
2016-08-10,74.8458023071289,91.47789764404297
2016-08-11,75.25909423828125,91.70588684082031
2016-08-12,75.16519165039062,91.31636047363281
2016-08-15,76.00120544433594,91.62039947509766
2016-08-16,75.90723419189453,90.84134674072266
2016-08-17,76.06722259521484,90.8128433227539
2016-08-18,75.5308609008789,90.50883483886719
2016-08-19,75.71907043457031,90.46134948730469
2016-08-22,76.27421569824219,91.00287628173828
2016-08-23,76.02954864501953,91.47789764404297
2016-08-24,75.54966735839844,90.75586700439453
2016-08-25,75.57791900634766,90.8128433227539
2016-08-26,75.81316375732422,91.64885711669922
2016-08-29,76.09546661376953,91.94337463378906
2016-08-30,76.37775421142578,92.23790740966797
2016-08-31,76.12369537353516,91.80088806152344
2016-09-01,76.50005340576172,92.74139404296875
2016-09-02,77.15873718261719,92.99790954589844
2016-09-06,77.65745544433594,93.85295867919922
2016-09-07,78.32553100585938,94.59395599365234
2016-09-08,78.07145690917969,94.98348236083984
2016-09-09,76.5282974243164,93.2448959350586
2016-09-12,78.07145690917969,95.10697937011719
2016-09-13,77.05520629882812,94.4229507446289
2016-09-14,76.6788558959961,93.77694702148438
2016-09-15,77.16814422607422,94.49895477294922
2016-09-16,77.22460174560547,94.39444732666016
2016-09-19,77.63861846923828,94.69847869873047
2016-09-20,77.61038208007812,95.46797943115234
2016-09-21,78.30670166015625,96.1994857788086
2016-09-22,78.43843841552734,97.01653289794922
2016-09-23,77.6668472290039,96.57950592041016
2016-09-26,76.97993469238281,96.10448455810547
2016-09-27,77.30928802490234,96.37998962402344
2016-09-28,78.07145690917969,96.4369888305664
2016-09-29,77.08344268798828,95.58198547363281
2016-09-30,77.81741333007812,96.68400573730469
2016-10-03,77.96794891357422,96.78852844238281
2016-10-04,77.84561157226562,96.16149139404297
2016-10-05,78.42903900146484,97.46546936035156
2016-10-06,78.43843841552734,97.97947692871094
2016-10-07,77.98678588867188,97.32271575927734
2016-10-10,78.21259307861328,97.70343017578125
2016-10-11,77.19636535644531,96.4660873413086
2016-10-12,77.39395904541016,96.47561645507812
2016-10-13,77.03639221191406,95.79978942871094
2016-10-14,77.5821533203125,96.01873016357422
2016-10-17,77.29988098144531,95.99015045166016
2016-10-18,76.76354217529297,96.82777404785156
2016-10-19,77.92090606689453,97.77959442138672
2016-10-20,77.62921142578125,97.6082763671875
2016-10-21,77.48805236816406,97.89378356933594
2016-10-24,78.2596435546875,98.2174301147461
2016-10-25,77.18696594238281,97.92231750488281
2016-10-26,76.92350006103516,98.2459716796875
2016-10-27,77.08344268798828,98.6076431274414
2016-10-28,77.3657455444336,101.74864196777344
2016-10-31,77.63861846923828,101.86283874511719
2016-11-01,76.80117797851562,99.90214538574219
2016-11-02,75.82258605957031,98.98838806152344
2016-11-03,75.88843536376953,98.77897644042969
2016-11-04,75.61555480957031,98.06510925292969
2016-11-07,77.63861846923828,100.85391235351562
2016-11-08,77.98678588867188,100.60646057128906
2016-11-09,78.32553100585938,101.07284545898438
2016-11-10,77.03639221191406,99.46426391601562
2016-11-11,77.04580688476562,99.5785140991211
2016-11-14,73.75243377685547,96.26618957519531
2016-11-15,73.93123626708984,97.5416259765625
2016-11-16,75.5106430053711,98.98838806152344
2016-11-17,76.44416046142578,99.41670227050781
2016-11-18,76.20842742919922,99.73080444335938
2016-11-21,77.02881622314453,100.83487701416016
2016-11-22,75.36922454833984,100.82534790039062
2016-11-23,75.02975463867188,99.52136993408203
2016-11-25,75.55782318115234,100.63501739501953
2016-11-28,74.5677490234375,98.37921905517578
2016-11-29,74.63368225097656,98.8170394897461
2016-11-30,72.90814971923828,97.2751235961914
2016-12-01,71.1259994506836,95.35246276855469
2016-12-02,71.39944458007812,96.22811126708984
2016-12-05,72.89871215820312,98.56006622314453
2016-12-06,72.71014404296875,97.08477783203125
2016-12-07,74.78459167480469,100.17816162109375
2016-12-08,74.75629425048828,99.76887512207031
2016-12-09,74.62430572509766,99.37862396240234
2016-12-12,74.02080535888672,98.30306243896484
2016-12-13,74.68087768554688,98.34114074707031
2016-12-14,74.61486053466797,98.30306243896484
2016-12-15,74.96378326416016,99.32149505615234
2016-12-16,73.87937927246094,98.44583892822266
2016-12-19,73.64361572265625,98.55055236816406
2016-12-20,73.8888168334961,99.50237274169922
2016-12-21,73.68135833740234,99.15017700195312
2016-12-22,73.45503997802734,99.2834243774414
2016-12-23,73.69078826904297,99.66415405273438
2016-12-27,73.87937927246094,99.74983978271484
2016-12-28,73.83222961425781,98.68379211425781
2016-12-29,73.86051177978516,98.76945495605469
2016-12-30,73.56819152832031,98.2745132446289
2017-01-03,74.96378326416016,100.31139373779297
2017-01-04,75.57667541503906,101.26319885253906
2017-01-05,76.46304321289062,102.0453109741211
2017-01-06,77.51911163330078,102.77973937988281
2017-01-09,77.08538818359375,102.57942199707031
2017-01-10,76.67047882080078,102.36006927490234
2017-01-11,77.13255310058594,102.82742309570312
2017-01-12,76.72708129882812,103.68582916259766
2017-01-13,76.5384750366211,103.67626953125
2017-01-17,76.62332153320312,103.39015197753906
2017-01-18,76.9344711303711,103.63813018798828
2017-01-19,77.06652069091797,103.51412963867188
2017-01-20,77.17022705078125,104.87806701660156
2017-01-23,77.46256256103516,104.56329345703125
2017-01-24,78.48091888427734,104.83988189697266
2017-01-25,79.1126708984375,105.097412109375
2017-01-26,78.49034118652344,104.3248519897461
2017-01-27,78.99010467529297,104.76360321044922
2017-01-30,78.9240951538086,104.2485580444336
2017-01-31,77.99059295654297,101.4157943725586
2017-02-01,77.73599243164062,100.14727020263672
2017-02-02,77.60401153564453,100.28081512451172
2017-02-03,81.16831970214844,101.65424346923828
2017-02-06,80.93257904052734,101.66380310058594
2017-02-07,80.88543701171875,101.67332458496094
2017-02-08,80.23479461669922,101.78775787353516
2017-02-09,80.69682312011719,102.34099578857422
2017-02-10,80.99857330322266,102.3123550415039
2017-02-13,81.50777435302734,103.27568817138672
2017-02-14,81.89437866210938,103.84795379638672
2017-02-15,82.70211029052734,104.5919189453125
2017-02-16,82.57929992675781,104.2485580444336
2017-02-17,82.62654876708984,104.36300659179688
2017-02-21,83.06111145019531,105.06880950927734
2017-02-22,82.94775390625,104.38208770751953
2017-02-23,83.30674743652344,105.62200164794922
2017-02-24,83.54295349121094,105.86998748779297
2017-02-27,83.13671112060547,105.4598617553711
2017-02-28,83.07999420166016,105.35492706298828
2017-03-01,84.07196044921875,107.11943054199219
2017-03-02,83.63738250732422,106.1847152709961
2017-03-03,83.88304138183594,106.5757827758789
2017-03-06,84.02474975585938,106.21334075927734
2017-03-07,84.13810729980469,105.83184814453125
2017-03-08,84.04364776611328,105.85092163085938
2017-03-09,84.18534851074219,105.669677734375
2017-03-10,84.77107238769531,106.07028198242188
2017-03-13,85.13009643554688,106.3755111694336
2017-03-14,84.60102081298828,105.38355255126953
2017-03-15,84.95059967041016,106.84281921386719
2017-03-16,85.0639419555664,107.46279907226562
2017-03-17,85.25288391113281,107.61538696289062
2017-03-20,84.25148010253906,107.21481323242188
2017-03-21,83.19338989257812,105.59339904785156
2017-03-22,83.62796020507812,106.2991943359375
2017-03-23,83.94916534423828,106.44224548339844
2017-03-24,84.26092529296875,106.8046875
2017-03-27,84.0341796875,106.76652526855469
2017-03-28,84.19479370117188,107.27203369140625
2017-03-29,84.25148010253906,106.88097381591797
2017-03-30,84.09087371826172,107.46279907226562
2017-03-31,83.95862579345703,107.27203369140625
2017-04-03,84.4215316772461,107.05265808105469
2017-04-04,83.87357330322266,106.90962219238281
2017-04-05,84.10977172851562,107.10073852539062
2017-04-06,84.16645812988281,107.44478607177734
2017-04-07,83.83578491210938,107.2632064819336
2017-04-10,83.94916534423828,107.33964538574219
2017-04-11,83.93973541259766,107.13894653320312
2017-04-12,83.77912902832031,106.52732849121094
2017-04-13,83.95862579345703,106.28841400146484
2017-04-17,84.84666442871094,107.67413330078125
2017-04-18,84.77107238769531,107.5307846069336
2017-04-19,84.78999328613281,107.31100463867188
2017-04-20,86.11261749267578,109.50900268554688
2017-04-21,86.11261749267578,109.20317077636719
2017-04-24,86.77394104003906,110.56977081298828
2017-04-25,87.0195541381836,110.98070526123047
2017-04-26,86.7455825805664,111.0189437866211
2017-04-27,86.53771209716797,111.90769958496094
2017-04-28,86.17874908447266,111.16228485107422
2017-05-01,86.21653747558594,111.2100830078125
2017-05-02,87.42579650878906,112.88246154785156
2017-05-03,87.3313217163086,112.12751770019531
2017-05-04,87.50137329101562,112.69132995605469
2017-05-05,87.00066375732422,112.28997039794922
2017-05-08,86.8400650024414,111.43943786621094
2017-05-09,86.91565704345703,111.24829864501953
2017-05-10,87.1518325805664,111.47766876220703
2017-05-11,87.01011657714844,111.36296844482422
2017-05-12,87.60530090332031,111.93637084960938
2017-05-15,88.07768249511719,112.96847534179688
2017-05-16,88.00205993652344,113.23607635498047
2017-05-17,86.84274291992188,111.62101745605469
2017-05-18,86.79541015625,111.08584594726562
2017-05-19,87.52416229248047,112.36641693115234
2017-05-22,88.30963897705078,113.72341918945312
2017-05-23,88.83019256591797,114.29683685302734
2017-05-24,89.72928619384766,115.34807586669922
2017-05-25,89.94695281982422,116.51396942138672
2017-05-26,89.59677124023438,116.23683166503906
2017-05-30,89.64408111572266,116.25593566894531
2017-05-31,90.12677001953125,117.43138885498047
2017-06-01,90.28765869140625,117.9283676147461
2017-06-02,90.99745178222656,119.64854431152344
2017-06-05,91.37602996826172,120.31749725341797
2017-06-06,90.6567611694336,119.68678283691406
2017-06-07,90.94068145751953,119.63898468017578
2017-06-08,90.94068145751953,119.22808074951172
2017-06-09,89.49269104003906,117.58431243896484
2017-06-12,88.489501953125,115.40543365478516
2017-06-13,89.98482513427734,116.89623260498047
2017-06-14,90.21195220947266,117.06824493408203
2017-06-15,89.12359619140625,116.0361328125
2017-06-16,89.12359619140625,116.55220794677734
2017-06-19,89.71036529541016,117.63211059570312
2017-06-20,89.32234191894531,117.47920227050781
2017-06-21,89.47373962402344,117.64167022705078
2017-06-22,88.91535949707031,117.83280181884766
2017-06-23,90.45802307128906,118.5113296508789
2017-06-26,90.11730194091797,118.04303741455078
2017-06-27,89.81446838378906,117.29764556884766
2017-06-28,91.07320404052734,119.27583312988281
2017-06-29,89.36017608642578,116.1221694946289
2017-06-30,88.75447082519531,116.06482696533203
2017-07-03,88.3475112915039,115.4245376586914
2017-07-05,88.9721450805664,116.78404998779297
2017-07-06,88.25287628173828,115.65431213378906
2017-07-07,88.88697052001953,116.99468994140625
2017-07-10,89.9942626953125,117.50210571289062
2017-07-11,90.297119140625,118.9382095336914
2017-07-12,91.02586364746094,119.94348907470703
2017-07-13,90.79873657226562,120.12541961669922
2017-07-14,91.73567962646484,121.59977722167969
2017-07-17,91.64105987548828,122.00189208984375
2017-07-18,92.350830078125,122.28910827636719
2017-07-19,92.98494720458984,122.58592224121094
2017-07-20,92.8524398803711,122.99758911132812
2017-07-21,94.26260375976562,123.76351928710938
2017-07-24,94.99131774902344,124.00287628173828
2017-07-25,94.63168334960938,124.44326782226562
2017-07-26,95.44561004638672,125.41026306152344
2017-07-27,94.23420715332031,123.4380111694336
2017-07-28,93.83671569824219,122.46143341064453
2017-07-31,94.2247314453125,122.35613250732422
2017-08-01,95.46453094482422,123.97415924072266
2017-08-02,95.85257720947266,125.04644012451172
2017-08-03,95.19953918457031,124.35710906982422
2017-08-04,95.48345947265625,124.29006958007812
2017-08-07,96.05130767822266,124.82624816894531
2017-08-08,95.85257720947266,124.30921173095703
2017-08-09,95.5591812133789,124.19434356689453
2017-08-10,94.15847778320312,122.23167419433594
2017-08-11,94.72635650634766,123.07418823242188
2017-08-14,96.41096496582031,125.50596618652344
2017-08-15,97.1302490234375,125.97512817382812
2017-08-16,97.94072723388672,126.7314453125
2017-08-17,96.84111022949219,125.30492401123047
2017-08-18,97.1728744506836,125.55388641357422
2017-08-21,97.84591674804688,126.31978607177734
2017-08-22,98.65164184570312,128.1005096435547
2017-08-23,97.80799865722656,127.40164184570312
2017-08-24,97.84591674804688,127.29637908935547
2017-08-25,97.96915435791016,127.09528350830078
2017-08-28,98.37674713134766,128.14842224121094
2017-08-29,98.36726379394531,128.1388702392578
2017-08-30,98.32935333251953,128.1005096435547
2017-08-31,98.13029479980469,127.62185668945312
2017-09-01,98.49050903320312,127.56436920166016
2017-09-05,97.64684295654297,127.00910186767578
2017-09-06,97.80799865722656,127.22933197021484
2017-09-07,99.11615753173828,130.71429443359375
2017-09-08,98.99291229248047,131.37490844726562
2017-09-11,100.62338256835938,135.94166564941406
2017-09-12,100.68025207519531,136.35336303710938
2017-09-13,100.32001495361328,134.1321563720703
2017-09-14,100.5570068359375,135.4438018798828
2017-09-15,99.81761169433594,135.54913330078125
2017-09-18,99.37207794189453,135.37680053710938
2017-09-19,99.92190551757812,136.42041015625
2017-09-20,99.5047836303711,136.18104553222656
2017-09-21,99.82707977294922,135.68319702148438
2017-09-22,100.06407928466797,135.84593200683594
2017-09-25,97.65631866455078,132.6673583984375
2017-09-26,97.58047485351562,132.4758758544922
2017-09-27,98.48103332519531,133.72047424316406
2017-09-28,99.13511657714844,134.22793579101562
2017-09-29,99.76073455810547,135.1853485107422
2017-10-02,99.9503173828125,135.7789306640625
2017-10-03,100.09252166748047,136.92779541015625
2017-10-04,99.82707977294922,136.0373992919922
2017-10-05,100.70864868164062,137.8401336669922
2017-10-06,101.17316436767578,137.6195831298828
2017-10-09,101.4385757446289,138.60720825195312
2017-10-10,101.72295379638672,139.6620635986328
2017-10-11,102.79413604736328,140.8126983642578
2017-10-12,102.48131561279297,140.7072296142578
2017-10-13,103.002685546875,141.28250122070312
2017-10-16,102.66142272949219,140.20860290527344
2017-10-17,101.94100189208984,139.9304962158203
2017-10-18,102.1874771118164,140.1798553466797
2017-10-19,101.44806671142578,139.01956176757812
2017-10-20,101.95048522949219,139.40313720703125
2017-10-23,101.93153381347656,139.5757598876953
2017-10-24,102.76568603515625,139.80584716796875
2017-10-25,103.78948211669922,140.22775268554688
2017-10-26,104.08332824707031,140.56338500976562
2017-10-27,103.9980239868164,142.41400146484375
2017-10-30,104.3108139038086,142.82635498046875
2017-10-31,104.25397491455078,142.65370178222656
2017-11-01,105.28720092773438,142.7688446044922
2017-11-02,105.2018814086914,142.1551513671875
2017-11-03,105.56211853027344,143.15237426757812
2017-11-06,106.09294128417969,143.91946411132812
2017-11-07,106.25410461425781,143.80445861816406
2017-11-08,106.61431884765625,143.80445861816406
2017-11-09,106.3014907836914,143.15237426757812
2017-11-10,106.0550537109375,143.39205932617188
2017-11-13,105.60001373291016,143.53591918945312
2017-11-14,106.14983367919922,143.7852325439453
2017-11-15,104.50989532470703,142.2318115234375
2017-11-16,105.42625427246094,144.1496124267578
2017-11-17,104.28673553466797,142.8934783935547
2017-11-20,104.41018676757812,143.41127014160156
2017-11-21,105.8346176147461,146.23995971679688
2017-11-22,105.23634338378906,145.0318145751953
2017-11-24,106.32839965820312,146.46054077148438
2017-11-27,106.71773529052734,146.6811065673828
2017-11-28,107.64837646484375,147.85092163085938
2017-11-29,104.32472229003906,142.25103759765625
2017-11-30,106.91716766357422,144.2838592529297
2017-12-01,105.15088653564453,143.53591918945312
2017-12-04,102.01715850830078,137.5332489013672
2017-12-05,103.10921478271484,139.16343688964844
2017-12-06,104.21076965332031,141.3592071533203
2017-12-07,105.78713989257812,143.30580139160156
2017-12-08,106.92666625976562,143.7277069091797
2017-12-11,106.70823669433594,144.67701721191406
2017-12-12,107.74333190917969,146.2303466796875
2017-12-13,107.60089874267578,145.4536895751953
2017-12-14,107.23054504394531,145.6837921142578
2017-12-15,108.08519744873047,147.09339904785156
2017-12-18,107.82882690429688,146.8249053955078
2017-12-19,106.48985290527344,145.44412231445312
2017-12-20,106.47085571289062,145.2235870361328
2017-12-21,106.74622344970703,144.3413848876953
2017-12-22,107.01213073730469,144.64825439453125
2017-12-26,107.29701232910156,145.060546875
2017-12-27,108.27511596679688,145.17559814453125
2017-12-28,108.58849334716797,145.53042602539062
2017-12-29,108.27511596679688,145.13722229003906
2018-01-02,108.74043273925781,145.66464233398438
2018-01-03,109.82299041748047,147.4961395263672
2018-01-04,110.23133850097656,149.404296875
2018-01-05,112.8712387084961,152.5015411376953
2018-01-08,113.32705688476562,152.96250915527344
2018-01-09,113.10867309570312,153.18338012695312
2018-01-10,112.98521423339844,153.52911376953125
2018-01-11,113.8018569946289,154.54713439941406
2018-01-12,114.03929901123047,155.90135192871094
2018-01-16,114.32417297363281,155.86289978027344
2018-01-17,115.83405303955078,157.8125457763672
2018-01-18,116.90714263916016,158.92657470703125
2018-01-19,116.51777648925781,160.22308349609375
2018-01-22,118.0656509399414,161.61569213867188
2018-01-23,118.36956024169922,160.5688934326172
2018-01-24,118.27458953857422,160.39599609375
2018-01-25,118.91081237792969,161.91342163085938
2018-01-26,119.95539855957031,163.59410095214844
2018-01-29,118.54993438720703,161.87498474121094
2018-01-30,117.32494354248047,160.5688934326172
2018-01-31,117.97069549560547,162.30723571777344
2018-02-01,119.38562774658203,166.08160400390625
2018-02-02,114.8179702758789,163.7958221435547
2018-02-05,110.41175842285156,158.07177734375
2018-02-06,113.92533111572266,162.57608032226562
2018-02-07,113.6214599609375,162.04786682128906
2018-02-08,108.12318420410156,154.25901794433594
2018-02-09,110.4592514038086,158.6576690673828
2018-02-12,112.50092315673828,161.5292510986328
2018-02-13,112.38693237304688,163.38282775878906
2018-02-14,114.74201202392578,165.68777465820312
2018-02-15,116.32109832763672,167.77183532714844
2018-02-16,115.9120864868164,168.6938018798828
2018-02-20,116.06426239013672,168.40573120117188
2018-02-21,114.5612564086914,165.49571228027344
2018-02-22,114.51368713378906,166.1007537841797
2018-02-23,116.9394302368164,168.79945373535156
2018-02-26,118.51851654052734,170.82594299316406
2018-02-27,117.35797119140625,168.96278381347656
2018-02-28,116.94894409179688,168.79945373535156
2018-03-01,114.53272247314453,166.61935424804688
2018-03-02,114.88468170166016,168.08880615234375
2018-03-05,115.94059753417969,171.4597625732422
2018-03-06,115.16056823730469,170.49940490722656
2018-03-07,115.9120864868164,172.11285400390625
2018-03-08,116.26403045654297,172.15126037597656
2018-03-09,118.44242858886719,175.9832305908203
2018-03-12,118.18559265136719,175.3109588623047
2018-03-13,117.19627380371094,173.84156799316406
2018-03-14,116.60648345947266,172.98678588867188
2018-03-15,117.39602661132812,173.78395080566406
2018-03-16,118.46145629882812,175.32054138183594
2018-03-19,117.20579528808594,173.42857360839844
2018-03-20,118.82294464111328,175.28219604492188
2018-03-21,117.21529388427734,173.59181213378906
2018-03-22,114.1427001953125,168.56893920898438
2018-03-23,111.29840087890625,165.02511596679688
2018-03-26,114.76102447509766,170.15365600585938
2018-03-27,111.67890167236328,165.68777465820312
2018-03-28,111.28887939453125,163.60369873046875
2018-03-29,113.79074096679688,168.22325134277344
2018-04-02,112.62068176269531,164.80419921875
2018-04-03,113.39119720458984,165.63973999023438
2018-04-04,113.9714584350586,166.81146240234375
2018-04-05,115.28423309326172,168.83790588378906
2018-04-06,111.96426391601562,163.21153259277344
2018-04-09,113.00117492675781,163.82705688476562
2018-04-10,114.83715057373047,168.0396728515625
2018-04-11,113.94292449951172,165.7698516845703
2018-04-12,115.1700668334961,168.11656188964844
2018-04-13,114.86567687988281,167.6068572998047
2018-04-16,115.94059753417969,167.22213745117188
2018-04-17,117.76702117919922,171.52122497558594
2018-04-18,118.41389465332031,172.598388671875
2018-04-19,117.91922760009766,172.16555786132812
2018-04-20,118.14755249023438,170.30938720703125
2018-04-23,118.3948745727539,168.72250366210938
2018-04-24,115.3603286743164,166.6162109375
2018-04-25,115.30325317382812,165.87562561035156
2018-04-26,120.88720703125,171.34811401367188
2018-04-27,119.86933135986328,169.21299743652344
2018-04-30,120.69692993164062,171.45394897460938
2018-05-01,121.29623413085938,173.35816955566406
2018-05-02,120.22129821777344,178.71524047851562
2018-05-03,120.98231506347656,179.34996032714844
2018-05-04,121.91455841064453,180.9753875732422
2018-05-07,122.96095275878906,181.86978149414062
2018-05-08,123.56979370117188,183.24510192871094
2018-05-09,124.4639663696289,183.34130859375
2018-05-10,124.61616516113281,185.66876220703125
2018-05-11,125.3962173461914,185.95730590820312
2018-05-14,124.81594848632812,184.77432250976562
2018-05-15,124.71128845214844,184.6588897705078
2018-05-16,124.51151275634766,185.0244140625
2018-05-17,123.7968978881836,183.88954162597656
2018-05-18,123.7968978881836,183.12013244628906
2018-05-21,124.4924545288086,183.88954162597656
2018-05-22,124.54011535644531,184.29344177246094
2018-05-23,125.65486145019531,185.61106872558594
2018-05-24,125.66441345214844,184.5723419189453
2018-05-25,125.08320617675781,183.8606414794922
2018-05-29,123.5682373046875,182.28341674804688
2018-05-30,124.4734115600586,184.4281005859375
2018-05-31,124.54965209960938,182.850830078125
2018-06-01,124.67350006103516,187.9000701904297
2018-06-04,126.7887191772461,190.16986083984375
2018-06-05,127.2555923461914,191.73753356933594
2018-06-06,129.84716796875,195.44033813476562
2018-06-07,127.52235412597656,191.91067504882812
2018-06-08,128.37986755371094,192.3915557861328
2018-06-11,127.58907318115234,190.90078735351562
2018-06-12,128.49420166015625,192.47805786132812
2018-06-13,128.05589294433594,191.78561401367188
2018-06-14,128.6276397705078,191.68942260742188
2018-06-15,128.72286987304688,191.90101623535156
2018-06-18,129.77090454101562,193.43988037109375
2018-06-19,128.732421875,192.05490112304688
2018-06-20,129.10401916503906,193.83416748046875
2018-06-21,128.1798095703125,193.1032257080078
2018-06-22,128.9420623779297,193.77647399902344
2018-06-25,124.74970245361328,187.52496337890625
2018-06-26,126.29325866699219,188.9484405517578
2018-06-27,124.83548736572266,185.79379272460938
2018-06-28,126.47428894042969,189.56394958496094
2018-06-29,126.1979751586914,189.00611877441406
2018-07-02,126.24561309814453,190.11215209960938
2018-07-03,125.24517822265625,188.7848663330078
2018-07-05,126.99827575683594,191.2662353515625
2018-07-06,127.76056671142578,192.1329345703125
2018-07-09,129.12306213378906,193.49072265625
2018-07-10,130.2378387451172,194.05885314941406
2018-07-11,131.62890625,196.29295349121094
2018-07-12,133.2963104248047,200.08706665039062
2018-07-13,132.8389434814453,198.28631591796875
2018-07-16,131.9242706298828,196.52413940429688
2018-07-17,133.04859924316406,198.7293243408203
2018-07-18,134.2490997314453,200.6456298828125
2018-07-19,133.51547241210938,198.43077087402344
2018-07-20,134.3348846435547,199.0567169189453
2018-07-23,133.4202117919922,200.14488220214844
2018-07-24,133.4202117919922,201.82049560546875
2018-07-25,135.90695190429688,206.23089599609375
2018-07-26,135.7736053466797,199.69227600097656
2018-07-27,134.06809997558594,195.42630004882812
2018-07-30,130.03773498535156,190.54400634765625
2018-07-31,130.2854461669922,190.669189453125
2018-08-01,131.72418212890625,193.7507781982422
2018-08-02,132.36256408691406,194.53073120117188
2018-08-03,133.22007751464844,193.7507781982422
2018-08-06,133.11529541015625,194.07814025878906
2018-08-07,133.65835571289062,195.11813354492188
2018-08-08,134.03948974609375,195.3492889404297
2018-08-09,133.401123046875,196.06187438964844
2018-08-10,133.13433837890625,195.1470489501953
2018-08-13,133.59173583984375,194.8196258544922
2018-08-14,134.1156768798828,196.33148193359375
2018-08-15,133.31533813476562,192.82627868652344
2018-08-16,134.2123260498047,196.06187438964844
2018-08-17,134.8612518310547,195.68634033203125
2018-08-20,134.48904418945312,197.1693115234375
2018-08-21,133.63027954101562,195.57077026367188
2018-08-22,134.67991638183594,196.74557495117188
2018-08-23,135.5959930419922,197.6218719482422
2018-08-24,137.59986877441406,201.64712524414062
2018-08-27,138.74493408203125,203.6982879638672
2018-08-28,138.55406188964844,204.75758361816406
2018-08-29,140.30030822753906,206.62570190429688
2018-08-30,140.02359008789062,205.8842010498047
2018-08-31,140.16671752929688,207.5790557861328
2018-09-04,141.03506469726562,208.79241943359375
2018-09-05,136.139892578125,203.3419952392578
2018-09-06,137.8861083984375,204.89239501953125
2018-09-07,136.64561462402344,203.2745361328125
2018-09-10,137.48533630371094,203.83311462402344
2018-09-11,138.83082580566406,205.5471649169922
2018-09-12,139.86138916015625,206.10572814941406
2018-09-13,140.8728790283203,209.17764282226562
2018-09-14,141.07325744628906,209.8902587890625
2018-09-17,139.48924255371094,208.4553680419922
2018-09-18,140.8728790283203,211.90286254882812
2018-09-19,140.67245483398438,210.1116943359375
2018-09-20,142.40921020507812,213.19325256347656
2018-09-21,143.1820831298828,213.684326171875
2018-09-24,142.2850799560547,213.15469360351562
2018-09-25,142.7335968017578,213.89617919921875
2018-09-26,142.4377899169922,214.031005859375
2018-09-27,143.1534881591797,214.07919311523438
2018-09-28,143.22023010253906,214.36807250976562
2018-10-01,143.88818359375,215.48512268066406
2018-10-02,142.81947326660156,214.13687133789062
2018-10-03,142.53323364257812,214.86878967285156
2018-10-04,140.04269409179688,208.14723205566406
2018-10-05,138.70672607421875,205.60205078125
2018-10-08,135.3955841064453,200.78160095214844
2018-10-09,135.79635620117188,202.22769165039062
2018-10-10,129.317138671875,189.62701416015625
2018-10-11,127.60906982421875,187.52532958984375
2018-10-12,133.6493377685547,196.88665771484375
2018-10-15,130.94883728027344,193.12669372558594
2018-10-16,135.25245666503906,200.3187713623047
2018-10-17,135.92996215820312,199.93319702148438
2018-10-18,132.91458129882812,196.30816650390625
2018-10-19,133.6684112548828,195.7682647705078
2018-10-22,134.20277404785156,197.15660095214844
2018-10-23,132.75238037109375,195.16091918945312
2018-10-24,128.1147918701172,188.66297912597656
2018-10-25,134.0883026123047,196.86740112304688
2018-10-26,131.43551635742188,190.39834594726562
2018-10-29,128.181640625,184.1798858642578
2018-10-30,126.68345642089844,180.9888153076172
2018-10-31,131.54051208496094,190.5718536376953
2018-11-01,134.38412475585938,192.53860473632812
2018-11-02,133.38218688964844,190.6200714111328
2018-11-05,133.40126037597656,190.87069702148438
2018-11-06,134.345947265625,191.99868774414062
2018-11-07,138.15330505371094,200.76231384277344
2018-11-08,138.5826873779297,201.3600311279297
2018-11-09,137.3422088623047,198.23638916015625
2018-11-12,133.32489013671875,191.9890594482422
2018-11-13,133.32489013671875,191.05386352539062
2018-11-14,133.10546875,190.48513793945312
2018-11-15,135.59091186523438,193.50270080566406
2018-11-16,134.0040283203125,191.89263916015625
2018-11-19,128.8228302001953,182.4831085205078
2018-11-20,127.49405670166016,180.3428497314453
2018-11-21,128.49781799316406,180.92129516601562
2018-11-23,127.01608276367188,176.0430450439453
2018-11-26,129.9508056640625,184.9608612060547
2018-11-27,129.9221649169922,186.05026245117188
2018-11-28,135.1511688232422,195.0163116455078
2018-11-29,132.97161865234375,189.59812927246094
2018-11-30,135.46664428710938,193.84976196289062
2018-12-03,138.61163330078125,202.3240966796875
2018-12-04,132.5318603515625,193.29058837890625
2018-12-06,134.83566284179688,195.70083618164062
2018-12-07,131.06927490234375,189.4438934326172
2018-12-10,131.80535888671875,190.94784545898438
2018-12-11,130.782470703125,190.6393280029297
2018-12-12,131.72889709472656,193.09780883789062
2018-12-13,131.4803009033203,191.81553649902344
2018-12-14,129.1382598876953,188.31590270996094
2018-12-17,125.61083984375,183.61114501953125
2018-12-18,126.81532287597656,184.72946166992188
2018-12-19,125.47699737548828,180.40069580078125
2018-12-20,123.08716583251953,176.14907836914062
2018-12-21,118.7854232788086,168.8990478515625
2018-12-24,116.36689758300781,168.37847900390625
2018-12-26,124.49237823486328,179.7354736328125
2018-12-27,126.1939697265625,181.91429138183594
2018-12-28,125.1711196899414,179.4751434326172
2018-12-31,126.12708282470703,181.875732421875
2019-01-02,127.06388854980469,182.9265899658203
2019-01-03,122.48491668701172,174.6739959716797
2019-01-04,127.76172637939453,182.94590759277344
2019-01-07,130.0655517578125,184.35350036621094
2019-01-08,130.77293395996094,185.6958770751953
2019-01-09,132.31201171875,189.0663604736328
2019-01-10,132.56057739257812,190.2059783935547
2019-01-11,131.97744750976562,189.19190979003906
2019-01-14,131.05967712402344,188.7379913330078
2019-01-15,131.28915405273438,189.79066467285156
2019-01-16,131.28915405273438,190.99786376953125
2019-01-17,131.23179626464844,192.48516845703125
2019-01-18,132.3980255126953,195.0830535888672
2019-01-22,131.96788024902344,192.63002014160156
2019-01-23,130.9736785888672,191.55801391601562
2019-01-24,131.63328552246094,192.94871520996094
2019-01-25,132.56057739257812,195.99085998535156
2019-01-28,129.99864196777344,193.30604553222656
2019-01-29,129.05226135253906,192.4175567626953
2019-01-30,131.53773498535156,197.0338897705078
2019-01-31,129.06179809570312,203.90042114257812
2019-02-01,133.97531127929688,206.44998168945312
2019-02-04,135.265869140625,207.55093383789062
2019-02-05,136.25048828125,208.46841430664062
2019-02-06,135.25631713867188,207.92762756347656
2019-02-07,133.99444580078125,206.64315795898438
2019-02-08,134.1951904296875,209.16378784179688
2019-02-11,134.59674072265625,209.66598510742188
2019-02-12,135.7342529296875,211.41400146484375
2019-02-13,137.168212890625,212.98814392089844
2019-02-14,137.0915985107422,212.28317260742188
2019-02-15,138.76744079589844,214.5044403076172
2019-02-19,138.3173370361328,213.0364532470703
2019-02-20,138.5950164794922,213.5386505126953
2019-02-21,137.89599609375,211.80027770996094
2019-02-22,139.68670654296875,215.67295837402344
2019-02-25,139.86868286132812,215.67295837402344
2019-02-26,140.80709838867188,216.32968139648438
2019-02-27,140.97946166992188,216.88014221191406
2019-02-28,141.84133911132812,217.07333374023438
2019-03-01,143.13414001464844,219.46836853027344
2019-03-04,141.68812561035156,218.54132080078125
2019-03-05,141.67852783203125,218.4736785888672
2019-03-06,141.5444793701172,216.78363037109375
2019-03-07,140.60597229003906,214.7941436767578
2019-03-08,141.1039581298828,214.2726287841797
2019-03-11,144.28326416015625,217.91354370117188
2019-03-12,145.29830932617188,219.1690673828125
2019-03-13,146.00694274902344,220.6755828857422
2019-03-14,147.66363525390625,221.65101623535156
2019-03-15,148.8701629638672,223.25416564941406
2019-03-18,148.3914031982422,222.50088500976562
2019-03-19,148.0370330810547,223.09967041015625
2019-03-20,147.2327423095703,222.01800537109375
2019-03-21,149.19577026367188,227.79322814941406
2019-03-22,146.58154296875,222.8582000732422
2019-03-25,146.543212890625,222.52980041503906
2019-03-26,148.71697998046875,225.3015899658203
2019-03-27,147.6827850341797,224.55796813964844
2019-03-28,148.1136932373047,226.8178253173828
2019-03-29,149.56922912597656,227.38763427734375
2019-04-01,150.59390258789062,230.86434936523438
2019-04-02,151.09188842773438,231.06715393066406
2019-04-03,151.74305725097656,230.74842834472656
2019-04-04,150.95779418945312,227.9767303466797
2019-04-05,150.9673614501953,228.52720642089844
2019-04-08,151.06314086914062,228.49815368652344
2019-04-09,150.81414794921875,228.15003967285156
2019-04-10,151.83877563476562,229.26219177246094
2019-04-11,151.1685028076172,228.2757568359375
2019-04-12,152.87301635742188,230.97401428222656
2019-04-15,153.6390838623047,231.28346252441406
2019-04-16,153.43801879882812,232.1925506591797
2019-04-17,153.6390838623047,233.0726318359375
2019-04-18,153.37100219726562,232.96624755859375
2019-04-22,153.60076904296875,235.05516052246094
2019-04-23,154.8074188232422,235.48068237304688
2019-04-24,154.64462280273438,237.2214813232422
2019-04-25,154.19451904296875,237.53094482421875
2019-04-26,156.02357482910156,238.56576538085938
2019-04-29,157.19186401367188,239.00094604492188
2019-04-30,157.4599151611328,245.8770294189453
2019-05-01,155.88946533203125,240.5676727294922
2019-05-02,154.29029846191406,239.05899047851562
2019-05-03,155.17124938964844,239.79397583007812
2019-05-06,155.40113830566406,240.46128845214844
2019-05-07,153.41885375976562,236.99903869628906
2019-05-08,153.94554138183594,237.26016235351562
2019-05-09,153.0358123779297,237.24087524414062
2019-05-10,153.89764404296875,239.29110717773438
2019-05-13,150.66094970703125,233.4401092529297
2019-05-14,153.41885375976562,237.85011291503906
2019-05-15,155.88946533203125,240.95449829101562
2019-05-16,158.12416076660156,245.08407592773438
2019-05-17,157.3760986328125,244.24264526367188
2019-05-20,156.78146362304688,245.1517791748047
2019-05-21,157.15548706054688,246.96026611328125
2019-05-22,157.51995849609375,248.44961547851562
2019-05-23,154.90162658691406,241.5154571533203
2019-05-24,155.98541259765625,243.20787048339844
2019-05-28,157.0116424560547,245.09371948242188
2019-05-29,156.0717315673828,245.21946716308594
2019-05-30,156.10047912597656,245.82875061035156
2019-05-31,154.72898864746094,243.217529296875
2019-06-03,152.11073303222656,234.29115295410156
2019-06-04,155.68812561035156,240.98350524902344
2019-06-05,158.6228790283203,247.83062744140625
2019-06-06,160.0902862548828,249.34901428222656
2019-06-07,163.09222412109375,257.0568542480469
2019-06-10,163.83071899414062,257.3470153808594
2019-06-11,163.34158325195312,254.98721313476562
2019-06-12,164.56919860839844,255.1710205078125
2019-06-13,162.42088317871094,252.608154296875
2019-06-14,162.7181854248047,251.5443115234375
2019-06-17,162.62220764160156,250.6739044189453
2019-06-18,162.35366821289062,250.2967987060547
2019-06-19,163.70603942871094,251.32188415527344
2019-06-20,166.6312255859375,258.0142822265625
2019-06-21,166.343505859375,255.77059936523438
2019-06-24,166.7367401123047,256.57330322265625
2019-06-25,164.27186584472656,251.18649291992188
2019-06-26,164.0608673095703,252.70484924316406
2019-06-27,164.22390747070312,252.5114288330078
2019-06-28,166.44906616210938,255.82870483398438
2019-07-01,166.8230438232422,257.9949035644531
2019-07-02,168.10821533203125,261.66998291015625
2019-07-03,169.6331329345703,264.0972900390625
2019-07-05,169.4317626953125,263.1883544921875
2019-07-08,168.98101806640625,262.626708984375
2019-07-09,170.45797729492188,264.66973876953125
2019-07-10,171.97329711914062,266.6450500488281
2019-07-11,173.34483337402344,269.4918212890625
2019-07-12,172.9516143798828,270.67315673828125
2019-07-15,173.18179321289062,270.5084533691406
2019-07-16,171.97329711914062,267.8457336425781
2019-07-17,171.8198699951172,266.5482177734375
2019-07-18,173.14340209960938,268.0006408691406
2019-07-19,171.90618896484375,266.85809326171875
2019-07-22,173.18179321289062,269.7725830078125
2019-07-23,173.49826049804688,270.1212158203125
2019-07-24,175.82884216308594,271.3605651855469
2019-07-25,174.16004943847656,270.4891357421875
2019-07-26,176.1741485595703,273.1228942871094
2019-07-29,175.71377563476562,272.5128479003906
2019-07-30,174.1025390625,269.33685302734375
2019-07-31,170.7169189453125,263.63360595703125
2019-08-01,171.83905029296875,265.46380615234375
2019-08-02,170.16065979003906,260.9031677246094
2019-08-05,161.95091247558594,248.69313049316406
2019-08-06,165.42274475097656,256.2844543457031
2019-08-07,168.14657592773438,260.76763916015625
2019-08-08,172.53916931152344,269.2206726074219
2019-08-09,171.7239532470703,266.228759765625
2019-08-12,169.1248321533203,261.4356994628906
2019-08-13,171.30201721191406,265.822021484375
2019-08-14,166.4106903076172,258.6761169433594
2019-08-15,169.3016357421875,263.2657775878906
2019-08-16,171.18414306640625,265.6574401855469
2019-08-19,172.63449096679688,269.249755859375
2019-08-20,172.1542205810547,268.25244140625
2019-08-21,173.78707885742188,273.064697265625
2019-08-22,172.9706268310547,271.8640441894531
2019-08-23,168.302734375,263.2657775878906
2019-08-26,170.56944274902344,267.6617126464844
2019-08-27,171.3282012939453,267.86517333984375
2019-08-28,171.6067657470703,269.41424560546875
2019-08-29,174.00790405273438,272.4547119140625
2019-08-30,173.67178344726562,272.4450378417969
2019-09-03,172.1157989501953,271.2250061035156
2019-09-04,174.58419799804688,277.0249938964844
2019-09-05,177.42723083496094,282.8153381347656
2019-09-06,178.39727783203125,282.1374816894531
2019-09-09,174.37290954589844,274.3719482421875
2019-09-10,169.3784637451172,263.69171142578125
2019-09-11,168.0626220703125,261.38726806640625
2019-09-12,170.94403076171875,267.6326599121094
2019-09-13,170.26211547851562,267.55517578125
2019-09-16,169.14794921875,265.38623046875
2019-09-17,169.4745635986328,267.4874572753906
2019-09-18,168.36036682128906,266.3739013671875
2019-09-19,169.00389099121094,267.158203125
2019-09-20,167.17901611328125,262.5686340332031
2019-09-23,167.9954071044922,264.4858093261719
2019-09-24,167.5823974609375,262.52020263671875
2019-09-25,168.35073852539062,264.0985107421875
2019-09-26,168.70611572265625,265.20233154296875
2019-09-27,167.1213836669922,260.5932312011719
2019-09-30,165.21006774902344,262.955810546875
2019-10-01,167.39991760253906,262.3458251953125
2019-10-02,163.11622619628906,256.0908203125
2019-10-03,166.03604125976562,259.7799987792969
2019-10-04,169.0231170654297,265.3669128417969
2019-10-07,167.9857940673828,263.5562744140625
2019-10-08,165.6038360595703,258.9126281738281
2019-10-09,167.96658325195312,263.92462158203125
2019-10-10,167.96658325195312,265.466064453125
2019-10-11,170.06040954589844,267.4825439453125
2019-10-14,170.3485565185547,267.938232421875
2019-10-15,171.68356323242188,270.05157470703125
2019-10-16,170.83836364746094,269.7704162597656
2019-10-17,170.90560913085938,268.0641784667969
2019-10-18,168.7638397216797,262.3638000488281
2019-10-21,169.45535278320312,265.9216613769531
2019-10-22,164.10549926757812,253.28001403808594
2019-10-23,164.54736328125,252.8825225830078
2019-10-24,169.1959686279297,260.54119873046875
2019-10-25,170.81918334960938,261.9372863769531
2019-10-28,172.7305450439453,267.5019226074219
2019-10-29,170.60787963867188,265.91204833984375
2019-10-30,172.16383361816406,268.6846923828125
2019-10-31,171.78924560546875,268.3550109863281
2019-11-01,173.77743530273438,270.526611328125
2019-11-04,171.87570190429688,267.88970947265625
2019-11-05,169.39768981933594,260.7835998535156
2019-11-06,169.78189086914062,261.6173095703125
2019-11-07,171.3762664794922,264.4577941894531
2019-11-08,171.89488220214844,266.49371337890625
2019-11-11,172.4423370361328,268.53924560546875
2019-11-12,172.63449096679688,268.6749572753906
2019-11-13,172.31752014160156,269.57659912109375
2019-11-14,172.93328857421875,271.08892822265625
2019-11-15,172.95245361328125,272.2037658691406
2019-11-18,172.84664916992188,272.2813415527344
2019-11-19,175.83872985839844,276.595458984375
2019-11-20,174.77081298828125,276.6632995605469
2019-11-21,173.06793212890625,275.7617492675781
2019-11-22,172.66387939453125,273.9390563964844
2019-11-25,174.10694885253906,278.8250732421875
2019-11-26,175.62704467773438,280.5411071777344
2019-11-27,177.3780517578125,282.7902526855469
2019-11-29,177.51271057128906,283.3040771484375
2019-12-02,174.89585876464844,277.72003173828125
2019-12-03,175.0016632080078,278.3210144042969
2019-12-04,173.75103759765625,278.07867431640625
2019-12-05,174.99209594726562,280.9967346191406
2019-12-06,175.26145935058594,281.5299377441406
2019-12-09,175.98301696777344,280.2308654785156
2019-12-10,175.34805297851562,279.7945861816406
2019-12-11,175.1074981689453,281.1905517578125
2019-12-12,175.71363830566406,283.2846984863281
2019-12-13,178.11883544921875,287.04620361328125
2019-12-16,179.17713928222656,287.8895568847656
2019-12-17,178.48443603515625,286.9589538574219
2019-12-18,177.88790893554688,285.7373352050781
2019-12-19,179.4657440185547,288.4421691894531
2019-12-20,180.87037658691406,289.450439453125
2019-12-23,179.9852752685547,288.19012451171875
2019-12-24,180.45668029785156,288.3937072753906
2019-12-26,181.9863739013672,290.0611877441406
2019-12-27,182.20765686035156,291.5541076660156
2019-12-30,180.70681762695312,288.6264343261719
2019-12-31,180.774169921875,289.4698486328125
2020-01-02,183.87205505371094,294.1231994628906
2020-01-03,182.40968322753906,291.2535705566406
2020-01-06,182.01524353027344,292.0291442871094
2020-01-07,181.53419494628906,291.04034423828125
2020-01-08,184.6417236328125,296.1755676269531
2020-01-09,185.92127990722656,300.0585632324219
2020-01-10,186.42156982421875,302.0679931640625
2020-01-13,187.92237854003906,305.9898986816406
2020-01-14,188.61505126953125,301.5534973144531
2020-01-15,192.222900390625,305.0578918457031
2020-01-16,193.32920837402344,310.9309997558594
2020-01-17,196.93701171875,314.192626953125
2020-01-21,199.42880249023438,312.5132141113281
2020-01-22,200.0156707763672,314.82373046875
2020-01-23,198.68804931640625,315.47412109375
2020-01-24,197.2257080078125,314.2024230957031
2020-01-27,194.04122924804688,306.533447265625
2020-01-28,195.15721130371094,310.9018249511719
2020-01-29,197.09095764160156,310.9504089355469
2020-01-30,200.31394958496094,314.9692077636719
2020-01-31,191.42434692382812,306.6985168457031
2020-02-03,193.19454956054688,315.0274963378906
2020-02-04,195.84027099609375,319.49298095703125
2020-02-05,195.1186981201172,318.7164001464844
2020-02-06,195.3400115966797,319.667724609375
2020-02-07,195.0514373779297,317.4349365234375
2020-02-10,198.17808532714844,320.61907958984375
2020-02-11,196.20590209960938,321.2403564453125
2020-02-12,199.57315063476562,324.38555908203125
2020-02-13,199.8236083984375,326.0163879394531
2020-02-14,202.6080322265625,330.9768981933594
2020-02-18,203.48480224609375,331.2584228515625
2020-02-19,205.51771545410156,334.4813232421875
2020-02-20,203.72569274902344,334.3745422363281
2020-02-21,201.18214416503906,329.7634582519531
2020-02-24,191.52816772460938,315.1732177734375
2020-02-25,181.51771545410156,294.0302429199219
2020-02-26,180.3711395263672,289.32208251953125
2020-02-27,173.43418884277344,277.4595947265625
2020-02-28,175.12025451660156,281.7599792480469
2020-03-02,185.30418395996094,297.7676086425781
2020-03-03,178.94522094726562,283.458740234375
2020-03-04,187.19253540039062,293.51568603515625
2020-03-05,180.1303253173828,282.2258605957031
2020-03-06,177.6253204345703,278.61468505859375
2020-03-09,164.87857055664062,254.34600830078125
2020-03-10,175.92958068847656,272.3631591796875
2020-03-11,166.63209533691406,261.8692932128906
2020-03-12,154.23223876953125,234.43592834472656
2020-03-13,169.4069061279297,262.11199951171875
2020-03-16,146.45704650878906,228.75701904296875
2020-03-17,152.1222381591797,230.92181396484375
2020-03-18,143.05596923828125,221.26283264160156
2020-03-19,146.68829345703125,220.5056915283203
2020-03-20,141.46627807617188,205.23582458496094
2020-03-23,130.78140258789062,197.353271484375
2020-03-24,148.88499450683594,230.135498046875
2020-03-25,155.87014770507812,248.977783203125
2020-03-26,162.7107696533203,255.48175048828125
2020-03-27,155.658203125,240.406005859375
2020-03-30,159.52166748046875,245.8422393798828
2020-03-31,155.23426818847656,234.49417114257812
2020-04-01,147.51686096191406,221.92298889160156
2020-04-02,151.64048767089844,231.892578125
2020-04-03,146.30288696289062,230.09666442871094
2020-04-06,163.2503204345703,258.1611328125
2020-04-07,162.431396484375,251.50167846679688
2020-04-08,168.5494384765625,263.4312438964844
2020-04-09,167.34507751464844,261.9241943359375
2020-04-13,162.8167724609375,256.0323486328125
2020-04-14,168.24111938476562,263.20758056640625
2020-04-15,159.8974609375,250.00445556640625
2020-04-16,156.4867706298828,239.91249084472656
2020-04-17,163.3466339111328,252.75587463378906
2020-04-20,158.22100830078125,244.74459838867188
2020-04-21,154.66580200195312,238.5416259765625
2020-04-22,160.5044403076172,249.7808074951172
2020-04-23,160.3021240234375,248.7599334716797
2020-04-24,161.2078094482422,251.57943725585938
2020-04-27,165.4855499267578,257.762939453125
2020-04-28,164.99420166015625,257.2574462890625
2020-04-29,175.149169921875,275.8177185058594
2020-04-30,172.19129943847656,267.3396911621094
2020-05-01,169.15638732910156,261.28253173828125
2020-05-04,169.71522521972656,261.7881164550781
2020-05-05,171.9215850830078,266.3771057128906
2020-05-06,172.24916076660156,264.8798522949219
2020-05-07,176.04519653320312,270.74249267578125
2020-05-08,178.32861328125,274.60235595703125
2020-05-11,176.85450744628906,273.4259033203125
2020-05-12,172.91392517089844,264.5589904785156
2020-05-13,170.90658569335938,261.69085693359375
2020-05-14,174.5835418701172,269.61474609375
2020-05-15,177.0830841064453,271.1994934082031
2020-05-18,184.69761657714844,281.8553466796875
2020-05-19,182.74813842773438,282.662353515625
2020-05-20,187.09100341796875,290.5083312988281
2020-05-21,183.964111328125,286.09429931640625
2020-05-22,184.19578552246094,286.7263488769531
2020-05-26,186.4733428955078,294.9126281738281
2020-05-27,186.08731079101562,291.45147705078125
2020-05-28,187.47705078125,293.9111633300781
2020-05-29,188.42282104492188,292.5404052734375
2020-06-01,187.5638885498047,293.0362243652344
2020-06-02,189.5037384033203,295.1654357910156
2020-06-03,189.9958953857422,298.5489501953125
2020-06-04,186.878662109375,293.00714111328125
2020-06-05,192.64019775390625,303.22540283203125
2020-06-08,192.63058471679688,301.7961730957031
2020-06-09,192.12872314453125,302.8462219238281
2020-06-10,193.4798126220703,304.4602355957031
2020-06-11,182.284912109375,283.16790771484375
2020-06-12,185.54685974121094,289.52642822265625
2020-06-15,185.06434631347656,288.9236145019531
2020-06-16,186.14520263671875,296.03076171875
2020-06-17,186.80145263671875,295.3307189941406
2020-06-18,187.13925170898438,296.3904724121094
2020-06-19,185.48895263671875,288.27227783203125
2020-06-22,188.15261840820312,295.9919128417969
2020-06-23,191.05746459960938,298.36419677734375
2020-06-24,184.72654724121094,285.85137939453125
2020-06-25,187.20680236816406,289.7403869628906
2020-06-26,182.66127014160156,281.3109130859375
2020-06-29,184.69761657714844,284.8013000488281
2020-06-30,186.42507934570312,287.49444580078125
2020-07-01,187.0137939453125,292.8126220703125
2020-07-02,188.83779907226562,294.0279541015625
2020-07-06,190.8548126220703,297.09051513671875
2020-07-07,187.41908264160156,291.5876159667969
2020-07-08,188.25875854492188,292.2106628417969
2020-07-09,185.4985809326172,286.7977294921875
2020-07-10,185.8267059326172,287.8589172363281
2020-07-13,182.4199981689453,282.50433349609375
2020-07-14,186.5795135498047,291.04241943359375
2020-07-15,189.6870880126953,297.63330078125
2020-07-16,186.74356079101562,291.43182373046875
2020-07-17,188.27804565429688,296.017333984375
2020-07-20,191.5400390625,303.70819091796875
2020-07-21,189.61952209472656,299.463623046875
2020-07-22,191.91644287109375,305.0809020996094
2020-07-23,190.5363311767578,301.7027282714844
2020-07-24,188.33595275878906,298.80157470703125
2020-07-27,190.0345001220703,300.690185546875
2020-07-28,189.87045288085938,298.2272033691406
2020-07-29,191.64622497558594,301.11865234375
2020-07-30,187.28404235839844,300.8266296386719
2020-07-31,183.7517852783203,300.368896484375
2020-08-03,184.0316925048828,304.3215026855469
2020-08-04,185.5758056640625,306.073974609375
2020-08-05,189.2528076171875,319.323974609375
2020-08-06,191.82958984375,321.4074401855469
2020-08-07,189.5037384033203,319.3434753417969
2020-08-10,189.91868591308594,314.3393859863281
2020-08-11,190.864501953125,319.8497314453125
2020-08-12,191.80064392089844,318.96380615234375
2020-08-13,190.96937561035156,317.56182861328125
2020-08-14,190.0608367919922,318.15570068359375
2020-08-17,192.75746154785156,321.4950256347656
2020-08-18,192.35154724121094,322.24462890625
2020-08-19,194.26528930664062,323.60760498046875
2020-08-20,197.3195343017578,328.3974609375
2020-08-21,197.30023193359375,328.1832275390625
2020-08-24,199.50392150878906,334.55023193359375
2020-08-25,201.137451171875,338.4638977050781
2020-08-26,203.22511291503906,341.73504638671875
2020-08-27,203.9693603515625,346.5833740234375
2020-08-28,208.49278259277344,356.4357604980469
2020-08-31,204.8972625732422,348.71539306640625
2020-09-01,206.2117462158203,347.4595642089844
2020-09-02,209.23699951171875,351.15899658203125
2020-09-03,201.9686279296875,334.7449645996094
2020-09-04,197.81248474121094,326.14862060546875
2020-09-08,193.42437744140625,321.1542663574219
2020-09-09,197.2325897216797,330.6561279296875
2020-09-10,194.79689025878906,324.0748596191406
2020-09-11,193.96563720703125,321.4170837402344
2020-09-14,198.1217803955078,329.6435546875
2020-09-15,198.51806640625,330.1692810058594
2020-09-16,198.2667999267578,332.8076477050781
2020-09-17,198.40208435058594,330.45159912109375
2020-09-18,195.8310546875,326.3919372558594
2020-09-21,190.84375,319.177978515625
2020-09-22,193.84967041015625,326.4406433105469
2020-09-23,188.8333282470703,315.94580078125
2020-09-24,188.97828674316406,319.5284118652344
2020-09-25,190.65040588378906,323.0040283203125
2020-09-28,193.61767578125,329.43914794921875
2020-09-29,192.76715087890625,327.3362731933594
2020-09-30,193.27940368652344,329.2249755859375
2020-10-01,196.54637145996094,334.2874450683594
2020-10-02,194.7195281982422,329.8675537109375
2020-10-05,196.72999572753906,334.17059326171875
2020-10-06,193.74334716796875,328.5045471191406
2020-10-07,195.6957550048828,334.80340576171875
2020-10-08,196.18869018554688,336.41162109375
2020-10-09,199.7262420654297,343.4683837890625
2020-10-12,199.49424743652344,343.127197265625
2020-10-13,197.48390197753906,337.08416748046875
2020-10-14,195.434814453125,334.0237121582031
2020-10-15,192.8734588623047,329.99822998046875
2020-10-16,193.5596923828125,330.80718994140625
2020-10-19,190.37979125976562,323.27294921875
2020-10-20,191.08535766601562,323.32159423828125
2020-10-21,191.7909393310547,324.97857666015625
2020-10-22,191.36566162109375,325.1540222167969
2020-10-23,191.38497924804688,321.26507568359375
2020-10-26,186.6103057861328,310.00750732421875
2020-10-27,183.7009735107422,309.0815734863281
2020-10-28,174.81846618652344,284.0029602050781
2020-10-29,178.68460083007812,285.7573547363281
2020-10-30,175.63035583496094,281.3323059082031
2020-11-02,178.55899047851562,282.62872314453125
2020-11-03,182.0385284423828,287.9114685058594
2020-11-04,187.48013305664062,299.4224548339844
2020-11-05,191.02735900878906,308.5162048339844
2020-11-06,191.82962036132812,305.6993713378906
2020-11-09,205.5641632080078,335.8365173339844
2020-11-10,206.1730499267578,326.3041076660156
2020-11-11,205.58348083496094,323.97467041015625
2020-11-12,201.59535217285156,319.97845458984375
2020-11-13,203.7442626953125,326.5478820800781
2020-11-16,205.89324951171875,326.9572448730469
2020-11-17,203.9669647216797,327.98065185546875
2020-11-18,201.1791229248047,327.4348449707031
2020-11-19,200.92742919921875,325.427001953125
2020-11-20,197.35549926757812,314.8224182128906
2020-11-23,201.4985809326172,323.6335144042969
2020-11-24,202.96990966796875,333.7215576171875
2020-11-25,204.1411895751953,332.6785888671875
2020-11-27,204.2476806640625,330.48553466796875
2020-11-30,203.6184539794922,327.9904479980469
2020-12-01,204.4412384033203,330.30035400390625
2020-12-02,203.45391845703125,331.6064147949219
2020-12-03,201.39207458496094,326.6550598144531
2020-12-04,205.87391662597656,335.6318359375
2020-12-07,205.8448486328125,332.32769775390625
2020-12-08,205.9610137939453,332.16204833984375
2020-12-09,202.87310791015625,328.3218078613281
2020-12-10,200.9661102294922,323.126708984375
2020-12-11,199.63999938964844,319.13055419921875
2020-12-14,200.61769104003906,322.76605224609375
2020-12-15,201.69216918945312,325.2027893066406
2020-12-16,201.60504150390625,323.6920471191406
2020-12-17,204.42190551757812,328.3704833984375
2020-12-18,204.54769897460938,331.7135925292969
2020-12-21,202.3213348388672,325.9045104980469
2020-12-22,199.25277709960938,323.8284912109375
2020-12-23,198.73004150390625,320.8946838378906
2020-12-24,202.02122497558594,327.4933166503906
2020-12-28,205.8254852294922,335.7487487792969
2020-12-29,207.50978088378906,337.8833923339844
2020-12-30,211.3721466064453,346.5482177734375
2020-12-31,211.7302703857422,347.9031677246094
2021-01-04,210.7913360595703,342.5911560058594
2021-01-05,207.64529418945312,338.62420654296875
2021-01-06,205.81578063964844,338.7508544921875
2021-01-07,206.96775817871094,341.4346618652344
2021-01-08,208.5552215576172,345.3285827636719
2021-01-11,206.07717895507812,339.8146057128906
2021-01-12,202.17613220214844,334.6617736816406
2021-01-13,202.65045166015625,337.9895935058594
2021-01-14,195.40017700195312,319.05682373046875
2021-01-15,195.1387939453125,315.4752502441406
2021-01-19,195.20652770996094,318.0906066894531
2021-01-20,199.4173583984375,326.8446044921875
2021-01-21,198.5751953125,326.385986328125
2021-01-22,195.55502319335938,321.06719970703125
2021-01-25,194.54835510253906,321.26239013671875
2021-01-26,195.5453338623047,319.8082580566406
2021-01-27,188.7306671142578,307.8923645019531
2021-01-28,191.87664794921875,316.4706115722656
2021-01-29,187.06570434570312,308.67303466796875
2021-02-01,192.01214599609375,313.8161315917969
2021-02-02,196.12612915039062,326.31768798828125
2021-02-03,194.91615295410156,324.8050537109375
2021-02-04,202.55364990234375,332.62213134765625
2021-02-05,202.0890350341797,330.5921630859375
2021-02-08,200.26922607421875,328.9136047363281
2021-02-09,199.91102600097656,325.40997314453125
2021-02-10,199.83358764648438,326.1615905761719
2021-02-11,204.23512268066406,334.6129150390625
2021-02-12,203.5564727783203,332.7879333496094
2021-02-16,201.55931091308594,332.99298095703125
2021-02-17,201.18116760253906,329.20635986328125
2021-02-18,202.96507263183594,330.3091735839844
2021-02-19,198.48594665527344,325.1466064453125
2021-02-22,201.96649169921875,332.45623779296875
2021-02-23,205.64088439941406,341.981201171875
2021-02-24,212.7376708984375,358.4741516113281
2021-02-25,207.23089599609375,346.03125
2021-02-26,205.912353515625,345.3285827636719
2021-03-01,210.0230255126953,354.1606140136719
2021-03-02,209.18927001953125,354.08251953125
2021-03-03,208.2972869873047,351.574462890625
2021-03-04,205.04949951171875,341.08331298828125
2021-03-05,208.84027099609375,352.18927001953125
2021-03-08,213.5520477294922,362.3876647949219
2021-03-09,213.6392822265625,367.4526062011719
2021-03-10,216.3635711669922,372.5079040527344
2021-03-11,219.25270080566406,375.12335205078125
2021-03-12,217.5172576904297,373.4935607910156
2021-03-15,216.46054077148438,372.5664367675781
2021-03-16,217.846923828125,373.1714782714844
2021-03-17,216.21815490722656,369.5606384277344
2021-03-18,213.9301300048828,358.1618957519531
2021-03-19,200.58981323242188,347.924560546875
2021-03-22,201.65621948242188,349.7689514160156
2021-03-23,201.80165100097656,346.71435546875
2021-03-24,201.72412109375,350.9888916015625
2021-03-25,201.627197265625,349.72991943359375
2021-03-26,207.017578125,357.3226318359375
2021-03-29,207.9676971435547,354.1703796386719
2021-03-30,205.43727111816406,349.5738525390625
2021-03-31,205.27249145507812,347.4755554199219
2021-04-01,210.24603271484375,354.55096435546875
2021-04-05,212.35952758789062,359.4501037597656
2021-04-06,211.98141479492188,360.66998291015625
2021-04-07,212.58253479003906,362.1435852050781
2021-04-08,213.9689178466797,369.080810546875
2021-04-09,215.73338317871094,371.3672180175781
2021-04-12,214.71542358398438,371.1326904296875
2021-04-13,214.27915954589844,369.4619445800781
2021-04-14,215.20985412597656,369.6475830078125
2021-04-15,219.3787078857422,377.6302490234375
2021-04-16,219.50479125976562,377.3176574707031
2021-04-19,218.90365600585938,373.3995361328125
2021-04-20,216.47023010253906,367.9963073730469
2021-04-21,220.51304626464844,374.3179931640625
2021-04-22,220.62940979003906,374.5719909667969
2021-04-23,222.98526000976562,378.1871643066406
2021-04-26,223.31488037109375,378.5877990722656
2021-04-27,222.89797973632812,380.1511535644531
2021-04-28,226.33001708984375,386.58026123046875
2021-04-29,229.63607788085938,380.03387451171875
2021-04-30,226.43666076660156,373.3017883300781
2021-05-03,225.51568603515625,370.70281982421875
2021-05-04,224.95335388183594,367.29278564453125
2021-05-05,222.2193603515625,360.6780090332031
2021-05-06,224.26502990722656,366.8726806640625
2021-05-07,225.04058837890625,366.79449462890625
2021-05-10,219.0781707763672,357.942138671875
2021-05-11,218.60311889648438,359.18310546875
2021-05-12,213.9010467529297,348.44500732421875
2021-05-13,217.23126220703125,351.7671203613281
2021-05-14,220.33816528320312,355.5678405761719
2021-05-17,219.85272216796875,354.9718933105469
2021-05-18,219.00804138183594,354.7471923828125
2021-05-19,218.05654907226562,352.7050476074219
2021-05-20,219.85272216796875,359.27099609375
2021-05-21,220.17315673828125,359.17327880859375
2021-05-24,222.6489715576172,363.8437805175781
2021-05-25,222.357666015625,358.8020324707031
2021-05-26,220.46441650390625,354.33673095703125
2021-05-27,220.260498046875,353.7016906738281
2021-05-28,220.68768310546875,352.314208984375
2021-06-01,220.0371856689453,351.5423278808594
2021-06-02,222.9790496826172,358.44049072265625
2021-06-03,221.47413635253906,353.52581787109375
2021-06-04,223.44509887695312,357.6295166015625
2021-06-07,224.5907745361328,355.73394775390625
2021-06-08,225.29954528808594,356.8869323730469
2021-06-09,225.55197143554688,355.00115966796875
2021-06-10,227.14422607421875,355.948974609375
2021-06-11,228.12489318847656,357.1214294433594
2021-06-14,227.2704620361328,358.1179504394531
2021-06-15,226.20249938964844,359.6813659667969
2021-06-16,222.9207763671875,355.47991943359375
2021-06-17,225.3966064453125,358.8704528808594
2021-06-18,223.70726013183594,358.9974365234375
2021-06-21,227.50350952148438,364.5374755859375
2021-06-22,229.06661987304688,369.3739929199219
2021-06-23,227.85299682617188,366.54046630859375
2021-06-24,229.36766052246094,366.1594543457031
2021-06-25,230.41622924804688,370.907958984375
2021-06-28,227.28018188476562,359.25140380859375
2021-06-29,229.08607482910156,359.5640869140625
2021-06-30,227.01806640625,356.7208251953125
2021-07-01,228.309326171875,362.2119140625
2021-07-02,231.6881103515625,366.4329528808594
2021-07-06,232.6299285888672,367.49798583984375
2021-07-07,233.0182647705078,365.3484191894531
2021-07-08,229.72686767578125,362.1300964355469
2021-07-09,231.53274536132812,364.82012939453125
2021-07-12,230.9501953125,367.3830871582031
2021-07-13,235.2998809814453,375.3556823730469
2021-07-14,238.83404541015625,382.2912902832031
2021-07-15,241.3195343017578,381.7337341308594
2021-07-16,240.9020233154297,378.69146728515625
2021-07-19,233.41632080078125,357.4933166503906
2021-07-20,235.6397247314453,366.2386169433594
2021-07-21,236.57177734375,371.78509521484375
2021-07-22,237.03781127929688,373.8394775390625
2021-07-23,241.7758331298828,384.6977233886719
2021-07-26,242.9700927734375,384.247802734375
2021-07-27,243.6302947998047,381.7727966308594
2021-07-28,239.75637817382812,375.091552734375
2021-07-29,240.70787048339844,380.34466552734375
2021-07-30,239.2223663330078,377.537109375
2021-08-02,232.80465698242188,367.0897521972656
2021-08-03,230.19287109375,359.5964660644531
2021-08-04,229.78512573242188,359.9975280761719
2021-08-05,233.22216796875,363.8420104980469
2021-08-06,234.3775177001953,366.3756103515625
2021-08-09,233.0182647705078,362.60943603515625
2021-08-10,231.14439392089844,359.8312072753906
2021-08-11,228.22195434570312,356.3096008300781
2021-08-12,225.3538818359375,354.0988464355469
2021-08-13,226.18997192382812,354.8520202636719
2021-08-16,228.8247528076172,355.6444396972656
2021-08-17,228.01779174804688,355.3216247558594
2021-08-18,225.19830322265625,353.0912780761719
2021-08-19,225.1400146484375,349.530517578125
2021-08-20,224.93585205078125,347.260986328125
2021-08-23,227.63865661621094,353.1499328613281
2021-08-24,227.7358856201172,353.9031677246094
2021-08-25,226.13165283203125,351.2815246582031
2021-08-26,224.11912536621094,345.1773681640625
2021-08-27,226.22886657714844,347.98492431640625
2021-08-30,224.8094482421875,345.36322021484375
2021-08-31,222.7386016845703,338.6917419433594
2021-09-01,223.73025512695312,341.958984375
2021-09-02,217.95518493652344,333.8495178222656
2021-09-03,218.859375,332.8223876953125
2021-09-07,219.98716735839844,337.20477294921875
2021-09-08,222.7288360595703,343.3970031738281
2021-09-09,221.1732635498047,343.7589416503906
2021-09-10,218.6649169921875,339.8265686035156
2021-09-13,218.3927001953125,340.2471008300781
2021-09-14,216.8371124267578,338.27105712890625
2021-09-15,217.595458984375,337.243896484375
2021-09-16,218.10104370117188,338.7699890136719
2021-09-17,215.59266662597656,335.5711669921875
2021-09-20,213.93984985351562,332.2940979003906
2021-09-21,214.05653381347656,330.0344543457031
2021-09-22,216.56488037109375,335.93310546875
2021-09-23,221.9705047607422,346.36102294921875
2021-09-24,225.15940856933594,350.3619384765625
2021-09-27,223.22467041015625,349.002197265625
2021-09-28,219.296875,343.533935546875
2021-09-29,220.38575744628906,345.50018310546875
2021-09-30,216.56488037109375,340.110107421875
2021-10-01,224.06082153320312,352.3380126953125
2021-10-04,218.48989868164062,336.7059631347656
2021-10-05,218.05242919921875,335.7374267578125
2021-10-06,220.2205047607422,341.0981750488281
2021-10-07,224.1483154296875,346.6419372558594
2021-10-08,223.87608337402344,347.67041015625
2021-10-11,218.859375,340.020751953125
2021-10-12,217.8287811279297,338.2479248046875
2021-10-13,216.28294372558594,335.3193664550781
2021-10-14,218.9274139404297,337.5035400390625
2021-10-15,224.5760955810547,348.6889953613281
2021-10-18,224.24554443359375,351.0788879394531
2021-10-19,227.0358428955078,354.6637268066406
2021-10-20,224.99417114257812,349.44317626953125
2021-10-21,223.846923828125,348.89471435546875
2021-10-22,224.8094482421875,351.3042297363281
2021-10-25,227.3858642578125,353.4491882324219
2021-10-26,225.383056640625,349.98187255859375
2021-10-27,209.78843688964844,328.82550048828125
2021-10-28,204.01336669921875,326.19073486328125
2021-10-29,205.88975524902344,328.62957763671875
2021-11-01,206.5606231689453,327.1897888183594
2021-11-02,203.3328094482422,321.7341613769531
2021-11-03,202.32171630859375,322.6647033691406
2021-11-04,202.9827880859375,328.5414123535156
2021-11-05,210.65374755859375,341.62713623046875
2021-11-08,214.36764526367188,342.4889831542969
2021-11-09,207.4647979736328,337.5721130371094
2021-11-10,209.94349670410156,350.5892028808594
2021-11-11,204.93740844726562,347.0630798339844
2021-11-12,206.5638885498047,356.03497314453125
2021-11-15,206.76840209960938,353.93890380859375
2021-11-16,209.57337951660156,361.9704895019531
2021-11-17,199.717041015625,351.7939758300781
2021-11-18,198.0321502685547,341.06878662109375
2021-11-19,195.6265106201172,332.74334716796875
2021-11-22,190.48406982421875,314.7016296386719
2021-11-23,193.31826782226562,322.2435302734375
2021-11-24,197.9542236328125,333.017578125
2021-11-26,192.50010681152344,317.5126647949219
2021-11-29,191.17555236816406,316.37652587890625
2021-11-30,188.7212371826172,308.45263671875
2021-12-01,185.2052764892578,299.99005126953125
2021-12-02,193.1234588623047,313.62420654296875
2021-12-03,191.2047576904297,315.4949951171875
2021-12-06,197.39906311035156,326.4845275878906
2021-12-07,201.9668731689453,332.5377197265625
2021-12-08,203.54466247558594,335.3095397949219
2021-12-09,205.88211059570312,337.4447326660156
2021-12-10,207.8397674560547,342.7339172363281
2021-12-13,205.5217742919922,338.2185363769531
2021-12-14,204.50885009765625,333.5562744140625
2021-12-15,206.77813720703125,339.2372131347656
2021-12-16,208.7845001220703,345.6722717285156
2021-12-17,206.35935974121094,342.1363525390625
2021-12-20,203.30116271972656,330.0988464355469
2021-12-21,209.76817321777344,343.53704833984375
2021-12-22,212.28094482421875,350.1386413574219
2021-12-23,210.97586059570312,353.17498779296875
2021-12-27,211.95953369140625,352.9105224609375
2021-12-28,212.3685760498047,353.3708190917969
2021-12-29,212.48548889160156,353.8703918457031
2021-12-30,212.19326782226562,353.5765075683594
2021-12-31,211.06353759765625,351.94085693359375
2022-01-03,215.66053771972656,363.3320007324219
2022-01-04,216.66368103027344,367.68084716796875
2022-01-05,214.2677764892578,366.2214660644531
2022-01-06,214.0242919921875,362.8770446777344
2022-01-07,211.30697631835938,362.5337829589844
2022-01-10,206.44700622558594,356.9042663574219
2022-01-11,208.79425048828125,359.2385559082031
2022-01-12,210.08958435058594,360.23883056640625
2022-01-13,209.3980712890625,362.4063415527344
2022-01-14,209.07666015625,364.9758605957031
2022-01-18,210.08958435058594,359.24822998046875
2022-01-19,209.08641052246094,353.7855529785156
2022-01-20,208.76499938964844,356.9925537109375
2022-01-21,200.5644073486328,348.2442626953125
2022-01-24,196.59071350097656,342.6932373046875
2022-01-25,196.73681640625,332.23846435546875
2022-01-26,200.50596618652344,338.0249328613281
2022-01-27,200.77865600585938,343.7818603515625
2022-01-28,222.05934143066406,375.1462097167969
2022-01-31,220.27703857421875,378.9416809082031
2022-02-01,226.30577087402344,384.51239013671875
2022-02-02,229.28602600097656,389.1120910644531
2022-02-03,225.5071258544922,382.5606994628906
2022-02-04,222.43917846679688,374.8421630859375
2022-02-07,221.24122619628906,368.88909912109375
2022-02-08,222.0009002685547,367.1629333496094
2022-02-09,224.8545684814453,374.0281982421875
2022-02-10,220.06956481933594,367.18255615234375
2022-02-11,219.19161987304688,362.65155029296875
2022-02-14,219.82571411132812,366.9570007324219
2022-02-15,222.24502563476562,374.19488525390625
2022-02-16,223.2205352783203,375.5581359863281
2022-02-17,219.11358642578125,366.5058898925781
2022-02-18,217.24053955078125,362.82806396484375
2022-02-22,215.90408325195312,361.199951171875
2022-02-23,210.66549682617188,354.2758483886719
2022-02-24,211.98245239257812,362.2690124511719
2022-02-25,213.90426635742188,361.98455810546875
2022-02-28,210.8313446044922,353.873779296875
2022-03-01,203.85629272460938,337.8484191894531
2022-03-02,203.37831115722656,337.4658508300781
2022-03-03,202.1588897705078,334.425537109375
2022-03-04,195.3887176513672,324.39251708984375
2022-03-07,186.0334014892578,306.8958740234375
2022-03-08,187.0186767578125,308.2787780761719
2022-03-09,194.8716583251953,321.8131103515625
2022-03-10,193.12550354003906,318.3412780761719
2022-03-11,191.8963165283203,318.5373840332031
2022-03-14,195.42771911621094,322.2642822265625
2022-03-15,201.09555053710938,328.5508117675781
2022-03-16,206.68533325195312,338.0444641113281
2022-03-17,208.22665405273438,339.7706298828125
2022-03-18,213.74818420410156,343.350341796875
2022-03-21,211.72879028320312,338.9271545410156
2022-03-22,213.12384033203125,342.8011169433594
2022-03-23,209.4265594482422,335.5926208496094
2022-03-24,211.99220275878906,342.6246032714844
2022-03-25,213.08482360839844,342.30096435546875
2022-03-28,215.36756896972656,343.74261474609375
2022-03-29,222.53762817382812,360.4742126464844
2022-03-30,218.46971130371094,355.2664489746094
2022-03-31,216.34307861328125,350.5
2022-04-01,220.82073974609375,356.963134765625
2022-04-04,222.16700744628906,359.8465576171875
2022-04-05,220.5573272705078,356.32562255859375
2022-04-06,213.65061950683594,346.7437438964844
2022-04-07,210.86062622070312,343.2965087890625
2022-04-08,211.67031860351562,345.9678649902344
2022-04-11,209.49485778808594,341.155517578125
2022-04-12,206.22683715820312,339.6136169433594
2022-04-13,208.0511016845703,348.78656005859375
2022-04-14,207.58282470703125,351.41851806640625
2022-04-18,207.9535369873047,350.41680908203125
2022-04-19,210.42161560058594,357.3603820800781
2022-04-20,212.46044921875,358.7549743652344
2022-04-21,211.1532440185547,357.9201354980469
2022-04-22,203.0758514404297,344.8973693847656
2022-04-25,204.8123016357422,348.2561950683594
2022-04-26,196.17889404296875,337.9538269042969
2022-04-27,208.87051391601562,355.10150146484375
2022-04-28,215.26022338867188,372.0527038574219
2022-04-29,207.91448974609375,356.8791198730469
2022-05-02,206.35365295410156,352.6167907714844
2022-05-03,203.4563446044922,351.38916015625
2022-05-04,209.2705078125,361.9271240234375
2022-05-05,200.2176055908203,347.0481872558594
2022-05-06,197.85682678222656,340.9100341796875
2022-05-09,188.27713012695312,322.1222229003906
2022-05-10,188.84291076660156,319.50982666015625
2022-05-11,191.90606689453125,320.0401306152344
2022-05-12,189.58477783203125,315.4930114746094
2022-05-13,194.7258758544922,326.84619140625
2022-05-16,193.33795166015625,323.8311462402344
2022-05-17,199.3880157470703,332.7977600097656
2022-05-18,195.4686737060547,329.8907470703125
2022-05-19,192.90789794921875,326.2765808105469
2022-05-20,194.53036499023438,330.16571044921875
2022-05-23,202.86752319335938,342.19647216796875
2022-05-24,198.0489959716797,334.5950622558594
2022-05-25,199.2316436767578,338.59228515625
2022-05-26,203.83518981933594,343.63043212890625
2022-05-27,208.06724548339844,351.37921142578125
2022-05-31,207.37330627441406,351.46771240234375
2022-06-01,205.1839141845703,350.67218017578125
2022-06-02,210.18820190429688,356.58447265625
2022-06-03,207.84243774414062,351.41851806640625
2022-06-06,208.12588500976562,353.6970520019531
2022-06-07,209.65060424804688,357.5076599121094
2022-06-08,208.67323303222656,355.8478698730469
2022-06-09,201.4503173828125,342.75640869140625
2022-06-10,194.99951171875,328.7612609863281
2022-06-13,187.91342163085938,314.0198669433594
2022-06-14,189.14495849609375,316.3769226074219
2022-06-15,191.7252655029297,319.56884765625
2022-06-16,184.77601623535156,303.2558898925781
2022-06-17,185.71426391601562,305.13177490234375
2022-06-21,189.9952850341797,311.7216796875
2022-06-22,189.4381561279297,310.4941101074219
2022-06-23,192.1943817138672,311.0931091308594
2022-06-24,200.86386108398438,324.5873718261719
2022-06-27,198.95794677734375,322.94720458984375
2022-06-28,193.64096069335938,312.5957946777344
2022-06-29,194.98973083496094,316.81884765625
2022-06-30,192.43878173828125,309.83612060546875
2022-07-01,194.67698669433594,312.54669189453125
2022-07-05,196.00621032714844,313.5484313964844
2022-07-06,196.57313537597656,314.4421691894531
2022-07-07,198.21514892578125,318.76025390625
2022-07-08,198.96774291992188,317.7667541503906
2022-07-11,200.4240264892578,318.8782653808594
2022-07-12,200.18948364257812,317.5700378417969
2022-07-13,199.53460693359375,318.0716247558594
2022-07-14,201.25485229492188,319.70440673828125
2022-07-15,205.2914581298828,327.1209411621094
2022-07-18,202.52545166015625,325.5865478515625
2022-07-19,208.82962036132812,334.802978515625
2022-07-20,208.54615783691406,335.67840576171875
2022-07-21,211.30242919921875,341.2358703613281
2022-07-22,208.8686981201172,338.24566650390625
2022-07-25,209.4258270263672,338.5702209472656
2022-07-26,207.6860809326172,335.6882019042969
2022-07-27,205.71176147460938,337.6456298828125
2022-07-28,206.57183837890625,346.67523193359375
2022-07-29,207.31468200683594,347.9932556152344
2022-08-01,206.58163452148438,344.7965393066406
2022-08-02,201.59693908691406,343.2915954589844
2022-08-03,203.76675415039062,348.32763671875
2022-08-04,208.64393615722656,350.23590087890625
2022-08-05,210.98965454101562,351.65228271484375
2022-08-08,208.49734497070312,346.3899841308594
2022-08-09,205.50648498535156,340.8620300292969
2022-08-10,207.30490112304688,347.5899963378906
2022-08-11,206.67337036132812,344.8358459472656
2022-08-12,206.9181365966797,348.46533203125
2022-08-15,211.90185546875,354.0523681640625
2022-08-16,212.60682678222656,353.36383056640625
2022-08-17,210.0415496826172,349.508056640625
2022-08-18,210.75631713867188,351.5047302246094
2022-08-19,208.37704467773438,348.4752502441406
2022-08-22,204.2549285888672,339.8489074707031
2022-08-23,202.4827117919922,335.3045959472656
2022-08-24,202.35540771484375,334.14398193359375
2022-08-25,205.43966674804688,339.022705078125
2022-08-26,198.65435791015625,326.5209045410156
2022-08-29,198.10601806640625,323.9537048339844
2022-08-30,197.17587280273438,322.4389343261719
2022-08-31,194.5615997314453,319.05523681640625
2022-09-01,195.95196533203125,319.9208984375
2022-09-02,193.6314239501953,317.2749328613281
2022-09-06,194.49310302734375,318.7700500488281
2022-09-07,196.2359161376953,323.23565673828125
2022-09-08,196.51986694335938,324.66192626953125
2022-09-09,200.9160919189453,330.3472595214844
2022-09-12,202.31629943847656,332.8750915527344
2022-09-13,195.50155639648438,320.1077880859375
2022-09-14,195.2469940185547,320.5110168457031
2022-09-15,191.29132080078125,311.7666931152344
2022-09-16,189.26455688476562,309.9666748046875
2022-09-19,189.09808349609375,308.88470458984375
2022-09-20,188.0602264404297,308.13714599609375
2022-09-21,183.11566162109375,299.5108337402344
2022-09-22,181.9113311767578,293.471435546875
2022-09-23,180.1195526123047,288.76971435546875
2022-09-26,176.8198699951172,285.3565979003906
2022-09-27,174.1566925048828,281.7861328125
2022-09-28,175.4393310546875,285.42547607421875
2022-09-29,176.3009796142578,282.07135009765625
2022-09-30,173.94126892089844,279.68121337890625
2022-10-03,177.85775756835938,285.7206115722656
2022-10-04,181.77423095703125,296.3337707519531
2022-10-05,183.7520751953125,299.2157897949219
2022-10-06,181.7155303955078,294.8020935058594
2022-10-07,179.99224853515625,290.6050720214844
2022-10-10,178.37667846679688,287.46234130859375
2022-10-11,175.4001922607422,281.8171081542969
2022-10-12,174.5189208984375,279.18658447265625
2022-10-13,180.804931640625,289.6100158691406
2022-10-14,178.80751037597656,284.41802978515625
2022-10-17,181.38259887695312,290.6740417480469
2022-10-18,183.2625274658203,295.9350280761719
2022-10-19,182.51841735839844,293.3537902832031
2022-10-20,183.31149291992188,291.8957214355469
2022-10-21,186.39569091796875,297.89556884765625
2022-10-24,186.72860717773438,301.0777587890625
2022-10-25,190.322021484375,306.80181884765625
2022-10-26,199.0851287841797,314.78192138671875
2022-10-27,200.02511596679688,314.6440124511719
2022-10-28,204.9696807861328,324.5946044921875
2022-10-31,202.83518981933594,323.32366943359375
2022-11-01,202.60997009277344,328.259521484375
2022-11-02,196.75485229492188,315.08740234375
2022-11-03,190.68426513671875,304.5949401855469
2022-11-04,192.8677215576172,313.6588439941406
2022-11-07,195.92257690429688,320.3188171386719
2022-11-08,197.56752014160156,320.9296569824219
2022-11-09,190.30580139160156,310.9692687988281
2022-11-10,201.72830200195312,332.27911376953125
2022-11-11,201.1689453125,334.26922607421875
2022-11-14,202.9941864013672,334.3480224609375
2022-11-15,206.06565856933594,338.4268493652344
2022-11-16,206.21286010742188,337.68792724609375
2022-11-17,207.04698181152344,336.219970703125
2022-11-18,206.86053466796875,338.6041564941406
2022-11-21,202.46424865722656,333.24462890625
2022-11-22,206.39930725097656,339.8553161621094
2022-11-23,207.77316284179688,343.48089599609375
2022-11-25,209.79466247558594,346.0916748046875
2022-11-28,207.31190490722656,339.4908447265625
2022-11-29,205.15306091308594,338.0523986816406
2022-11-30,212.9446563720703,351.1261291503906
2022-12-01,212.9446563720703,355.4609680175781
2022-12-02,213.5923614501953,354.73187255859375
2022-12-05,209.6867218017578,350.8206787109375
2022-12-06,205.1726837158203,342.3872985839844
2022-12-07,203.92640686035156,342.2789306640625
2022-12-08,205.1923065185547,345.97344970703125
2022-12-09,204.79977416992188,343.6680603027344
2022-12-12,210.5797119140625,352.86993408203125
2022-12-13,209.05868530273438,351.8649597167969
2022-12-14,209.3334503173828,352.2196350097656
2022-12-15,204.0245361328125,341.1262512207031
2022-12-16,203.0236053466797,340.7223205566406
2022-12-19,200.9923095703125,336.2101135253906
2022-12-20,201.522216796875,337.87506103515625
2022-12-21,202.9451141357422,340.5745544433594
2022-12-22,201.227783203125,336.46624755859375
2022-12-23,201.9833984375,338.5154724121094
2022-12-27,202.43479919433594,341.03759765625
2022-12-28,201.1591339111328,336.889892578125
2022-12-29,204.17173767089844,343.0572509765625
2022-12-30,203.87733459472656,342.58441162109375
2023-01-03,203.51425170898438,341.6681213378906
2023-01-04,208.63673400878906,349.8945617675781
2023-01-05,207.16477966308594,346.5645751953125
2023-01-06,213.68063354492188,362.8172302246094
2023-01-09,214.51478576660156,366.0736389160156
2023-01-10,216.95823669433594,366.11309814453125
2023-01-11,217.94935607910156,372.8726806640625
2023-01-12,219.4409637451172,374.79693603515625
2023-01-13,218.8914031982422,370.56353759765625
2023-01-17,218.83255004882812,370.0504150390625
2023-01-18,215.3587188720703,364.0506896972656
2023-01-19,216.29095458984375,363.0836181640625
2023-01-20,220.11805725097656,371.31353759765625
2023-01-23,219.990478515625,373.5733642578125
2023-01-24,219.70590209960938,374.9942932128906
2023-01-25,220.69700622558594,377.3428955078125
2023-01-26,220.51060485839844,372.2608947753906
2023-01-27,227.11485290527344,369.0932922363281
2023-01-30,224.81854248046875,366.22161865234375
2023-01-31,225.90780639648438,365.70855712890625
2023-02-01,226.58489990234375,369.142578125
2023-02-02,225.26995849609375,369.9912109375
2023-02-03,225.8292999267578,368.9748229980469
2023-02-06,225.1521759033203,368.0472412109375
2023-02-07,226.9970703125,370.1096496582031
2023-02-08,225.8979949951172,365.4618225097656
2023-02-09,225.5046844482422,365.5308837890625
2023-02-10,223.39071655273438,361.98828125
2023-02-13,225.04258728027344,365.9354553222656
2023-02-14,225.5439910888672,365.0769348144531
2023-02-15,225.0819091796875,364.76116943359375
2023-02-16,222.04371643066406,362.6987609863281
2023-02-17,219.811767578125,356.3634948730469
2023-02-21,216.9210205078125,351.2617492675781
2023-02-22,216.3311309814453,350.2848205566406
2023-02-23,217.42250061035156,350.8374328613281
2023-02-24,215.86900329589844,348.4592590332031
2023-02-27,216.65557861328125,350.7881164550781
2023-02-28,216.25245666503906,350.6005859375
2023-03-01,214.69894409179688,348.8341979980469
2023-03-02,215.38720703125,350.876953125
2023-03-03,220.0182342529297,356.7286376953125
2023-03-06,222.94827270507812,362.0869140625
2023-03-07,219.4282989501953,355.1892395019531
2023-03-08,218.46473693847656,354.29119873046875
2023-03-09,216.32127380371094,349.7618408203125
2023-03-10,212.51617431640625,342.5285339355469
2023-03-13,210.87417602539062,340.1601867675781
2023-03-14,214.99392700195312,348.1632080078125
2023-03-15,212.7423095703125,343.4857482910156
2023-03-16,213.80421447753906,343.40679931640625
2023-03-17,213.74520874023438,345.0448913574219
2023-03-20,214.4924774169922,344.7093200683594
2023-03-21,218.22877502441406,349.89007568359375
2023-03-22,216.3507537841797,346.39678955078125
2023-03-23,218.8580322265625,349.69268798828125
2023-03-24,217.33401489257812,346.9888916015625
2023-03-27,218.09109497070312,349.93939208984375
2023-03-28,216.6359100341797,349.6532287597656
2023-03-29,219.55612182617188,354.78466796875
2023-03-30,218.6318817138672,354.5181884765625
2023-03-31,221.67990112304688,358.6134033203125
2023-04-03,225.16055297851562,361.6329650878906
2023-04-04,223.84304809570312,359.09698486328125
2023-04-05,224.34446716308594,359.55157470703125
2023-04-06,222.20103454589844,357.2586364746094
2023-04-10,222.63365173339844,355.9441223144531
2023-04-11,224.6197967529297,359.88763427734375
2023-04-12,223.99050903320312,357.5650329589844
2023-04-13,228.7886962890625,365.34332275390625
2023-04-14,230.09637451171875,368.09088134765625
2023-04-17,229.56546020507812,368.4170837402344
2023-04-18,229.6834259033203,367.98223876953125
2023-04-19,228.6707000732422,368.4565734863281
2023-04-20,230.6666717529297,370.6309814453125
2023-04-21,230.1259002685547,370.8681945800781
2023-04-24,228.85751342773438,370.3641662597656
2023-04-25,225.7406463623047,364.2363586425781
2023-04-26,224.32479858398438,362.4869689941406
2023-04-27,225.17037963867188,369.31646728515625
2023-04-28,228.82801818847656,375.60235595703125
2023-05-01,228.6116943359375,375.434326171875
2023-05-02,223.17442321777344,371.6490173339844
2023-05-03,222.19117736816406,370.5321350097656
2023-05-04,221.8175506591797,371.73797607421875
2023-05-05,227.89395141601562,380.1784362792969
2023-05-08,228.3363800048828,381.0185241699219
2023-05-09,229.34912109375,378.47845458984375
2023-05-10,227.3925018310547,378.0831298828125
2023-05-11,227.5796661376953,378.9232177734375
2023-05-12,227.94418334960938,377.4703674316406
2023-05-15,229.3529510498047,378.9429626464844
2023-05-16,227.04771423339844,375.8099365234375
2023-05-17,229.1953125,382.4912109375
2023-05-18,230.1312255859375,387.4526672363281
2023-05-19,229.8455352783203,381.0777893066406
2023-05-22,227.84568786621094,380.0499267578125
2023-05-23,221.2451629638672,369.39556884765625
2023-05-24,218.94976806640625,364.20672607421875
2023-05-25,220.06295776367188,365.728759765625
2023-05-26,221.66876220703125,370.0082702636719
2023-05-30,218.34881591796875,363.21832275390625
2023-05-31,217.74786376953125,360.7672424316406
2023-06-01,223.13665771484375,366.5589599609375
2023-06-02,225.39263916015625,369.3757629394531
2023-06-05,223.40264892578125,366.2031555175781
2023-06-06,224.83111572265625,375.533203125
2023-06-07,221.92491149902344,367.06304931640625
2023-06-08,219.7378692626953,363.3072814941406
2023-06-09,220.2403106689453,364.9183349609375
2023-06-12,222.81153869628906,370.9373474121094
2023-06-13,220.08267211914062,367.0531311035156
2023-06-14,220.12208557128906,370.3937683105469
2023-06-15,222.81153869628906,374.6239318847656
2023-06-16,225.5108642578125,372.14312744140625
2023-06-20,223.10708618164062,370.2554016113281
2023-06-21,223.87550354003906,371.75775146484375
2023-06-22,224.99859619140625,373.39837646484375
2023-06-23,226.14137268066406,375.3848876953125
2023-06-26,222.93960571289062,373.0227966308594
2023-06-27,223.96417236328125,377.3418884277344
2023-06-28,224.5749969482422,375.8000183105469
2023-06-29,230.84054565429688,383.15338134765625
2023-06-30,233.95359802246094,388.7177429199219
2023-07-03,234.4363250732422,389.3700866699219
2023-07-05,235.89434814453125,390.131103515625
2023-07-06,235.3328094482422,389.1215515136719
2023-07-07,232.93887329101562,384.7070617675781
2023-07-10,234.62350463867188,388.1515808105469
2023-07-11,236.97804260253906,393.73388671875
2023-07-12,238.6133575439453,396.5943603515625
2023-07-13,239.697021484375,396.4656677246094
2023-07-14,239.5492706298828,398.3957824707031
2023-07-17,240.36692810058594,398.0889892578125
2023-07-18,237.1947784423828,394.09027099609375
2023-07-19,237.83509826660156,394.1990661621094
2023-07-20,236.0618133544922,393.9912109375
2023-07-21,235.69732666015625,393.4270324707031
2023-07-24,237.1652069091797,400.6524658203125
2023-07-25,235.14564514160156,397.1783142089844
2023-07-26,233.57925415039062,398.2967834472656
2023-07-27,230.95875549316406,390.4676513671875
2023-07-28,232.24928283691406,388.943359375
2023-07-31,234.19989013671875,390.24993896484375
2023-08-01,236.21942138671875,393.0113525390625
2023-08-02,234.03240966796875,386.0334167480469
2023-08-03,235.214599609375,388.9928894042969
2023-08-04,235.441162109375,387.349853515625
2023-08-07,237.9237518310547,392.81341552734375
2023-08-08,235.7367401123047,389.1710205078125
2023-08-09,236.19976806640625,389.6461486816406
2023-08-10,237.03872680664062,393.0806579589844
2023-08-11,236.9202423095703,390.9427490234375
2023-08-14,239.7430877685547,394.50592041015625
2023-08-15,236.71298217773438,390.41815185546875
2023-08-16,236.1800079345703,390.3389587402344
2023-08-17,234.28494262695312,388.60687255859375
2023-08-18,235.07456970214844,388.16143798828125
2023-08-21,236.34779357910156,389.18096923828125
2023-08-22,237.44338989257812,393.7734680175781
2023-08-23,239.15089416503906,396.9606018066406
2023-08-24,236.357666015625,393.6052551269531
2023-08-25,239.41738891601562,398.7718811035156
2023-08-28,240.66099548339844,403.2753601074219
2023-08-29,242.15138244628906,407.4423522949219
2023-08-30,243.02980041503906,409.67926025390625
2023-08-31,242.48696899414062,408.4222412109375
2023-09-01,244.8853759765625,411.3222961425781
2023-09-05,242.15138244628906,407.29388427734375
2023-09-06,242.96072387695312,408.9566955566406
2023-09-07,243.92799377441406,410.3819580078125
2023-09-08,244.07601928710938,410.5997314453125
2023-09-11,244.00697326660156,412.4308166503906
2023-09-12,244.0858917236328,412.01507568359375
2023-09-13,244.60903930664062,412.0447998046875
2023-09-14,238.36129760742188,409.1151123046875
2023-09-15,237.93690490722656,410.07513427734375
2023-09-18,241.480224609375,412.8663330078125
2023-09-19,240.39453125,409.3031005859375
2023-09-20,238.7165985107422,406.3238830566406
2023-09-21,233.53485107421875,399.237060546875
2023-09-22,232.0247344970703,398.1087646484375
2023-09-25,230.3271026611328,398.3759460449219
2023-09-26,226.66529846191406,391.33868408203125
2023-09-27,226.51722717285156,391.4376525878906
2023-09-28,228.64918518066406,395.3571472167969
2023-09-29,227.02061462402344,391.8632507324219
2023-10-02,228.26425170898438,391.8038635253906
2023-10-03,225.8362274169922,387.0628662109375
2023-10-04,228.21487426757812,389.73516845703125
2023-10-05,230.44552612304688,390.7362976074219
2023-10-06,231.98524475097656,394.4731750488281
2023-10-09,231.39303588867188,391.2715759277344
2023-10-10,233.5249786376953,396.85211181640625
2023-10-11,232.61692810058594,396.2970275878906
2023-10-12,233.70262145996094,396.38623046875
2023-10-13,234.58106994628906,394.5326843261719
2023-10-16,236.94989013671875,397.6351623535156
2023-10-17,238.065185546875,398.23980712890625
2023-10-18,234.38363647460938,389.7550048828125
2023-10-19,230.77122497558594,384.4619140625
2023-10-20,230.34683227539062,381.0323486328125
2023-10-23,228.5208740234375,380.2988586425781
2023-10-24,231.6002960205078,383.5103759765625
2023-10-25,233.771728515625,382.9156494140625
2023-10-26,228.27410888671875,361.3865051269531
2023-10-27,226.29025268554688,360.88092041015625
2023-10-30,230.05072021484375,369.147705078125
2023-10-31,232.04446411132812,373.04315185546875
2023-11-01,235.47923278808594,374.500244140625
2023-11-02,240.08853149414062,379.3274230957031
2023-11-03,240.4340057373047,382.65789794921875
2023-11-06,240.32542419433594,382.7669982910156
2023-11-07,241.5887908935547,385.453125
2023-11-08,241.2525177001953,386.2759094238281
2023-11-09,239.00721740722656,384.5511169433594
2023-11-10,242.57789611816406,390.91473388671875
2023-11-13,242.0041961669922,390.8850402832031
2023-11-14,244.24948120117188,394.1559753417969
2023-11-15,245.40672302246094,393.34320068359375
2023-11-16,245.86170959472656,393.61083984375
2023-11-17,246.8409423828125,396.7827453613281
2023-11-20,247.2464599609375,400.8467102050781
2023-11-21,249.48182678222656,405.3567199707031
2023-11-22,250.9556121826172,406.7245788574219
2023-11-24,251.52928161621094,408.8755187988281
2023-11-27,251.37103271484375,405.37652587890625
2023-11-28,250.18409729003906,405.41619873046875
2023-11-29,251.4600372314453,406.2190246582031
2023-11-30,253.88336181640625,410.1938171386719
2023-12-01,253.65586853027344,410.7191467285156
2023-12-04,251.66778564453125,404.64306640625
2023-12-05,251.83590698242188,405.0989990234375
2023-12-06,251.5194091796875,406.774169921875
2023-12-07,253.03274536132812,409.5198059082031
2023-12-08,252.95359802246094,408.53851318359375
2023-12-11,253.72509765625,412.05731201171875
2023-12-12,256.7319641113281,417.0530700683594
2023-12-13,259.5212707519531,420.9485168457031
2023-12-14,255.91104125976562,414.8822937011719
2023-12-15,255.2186279296875,414.8921813964844
2023-12-18,255.5549774169922,420.7007141113281
2023-12-19,257.1573181152344,421.7315673828125
2023-12-20,254.3086395263672,415.76446533203125
2023-12-21,256.7121887207031,419.71942138671875
2023-12-22,255.61424255371094,420.3736267089844
2023-12-26,256.3363342285156,419.9473876953125
2023-12-27,256.10882568359375,420.6312561035156
2023-12-28,257.56280517578125,422.5740966796875
2023-12-29,257.51336669921875,422.7624206542969
2024-01-02,256.04949951171875,418.18304443359375
2024-01-03,255.16920471191406,415.0904541015625
2024-01-04,256.7814025878906,416.08160400390625
2024-01-05,256.8605651855469,415.7347106933594
2024-01-08,259.67950439453125,418.93145751953125
2024-01-09,260.4608459472656,419.5469970703125
2024-01-10,261.6774597167969,425.176025390625
2024-01-11,261.1532897949219,423.63720703125
2024-01-12,261.29180908203125,426.0000305175781
2024-01-16,262.3500671386719,425.25543212890625
2024-01-17,263.7249755859375,424.33221435546875
2024-01-18,265.218505859375,427.6083068847656
2024-01-19,267.94842529296875,433.6245422363281
2024-01-22,268.2452087402344,436.5730895996094
2024-01-23,268.3044738769531,435.59027099609375
2024-01-24,268.69024658203125,435.53070068359375
2024-01-25,269.6397705078125,433.6443786621094
2024-01-26,265.02069091796875,435.3619079589844
2024-01-29,270.6783447265625,437.3970947265625
2024-01-30,274.13031005859375,441.9737854003906
2024-01-31,270.28271484375,445.984619140625
2024-02-01,274.0314025878906,457.59014892578125
2024-02-02,274.1600036621094,457.25262451171875
2024-02-05,272.5774230957031,453.4602355957031
2024-02-06,273.74456787109375,457.17315673828125
2024-02-07,276.345947265625,458.5729675292969
2024-02-08,273.2839050292969,454.94940185546875
2024-02-09,273.9280090332031,454.5721130371094
2024-02-12,272.580322265625,455.3960876464844
2024-02-13,273.3136291503906,457.1334228515625
2024-02-14,275.04779052734375,461.829345703125
2024-02-15,278.43682861328125,467.87530517578125
2024-02-16,276.03875732421875,464.7480773925781
2024-02-20,272.65960693359375,448.48638916015625
2024-02-21,274.2550354003906,455.7336120605469
2024-02-22,281.1817932128906,468.1532897949219
2024-02-23,281.0331115722656,469.9998779296875
2024-02-26,281.578125,471.08197021484375
2024-02-27,280.6070251464844,471.3202209472656
2024-02-28,283.0447692871094,475.3905944824219
2024-02-29,280.0818176269531,471.3301696777344
2024-03-01,280.5970764160156,473.1866760253906
2024-03-04,277.99090576171875,465.10540771484375
2024-03-05,276.8512878417969,464.1424560546875
2024-03-06,277.89178466796875,468.1929931640625
2024-03-07,275.741455078125,464.162353515625
2024-03-08,277.50531005859375,465.8699035644531
2024-03-11,278.0205993652344,465.7706298828125
2024-03-12,281.3502502441406,469.4538269042969
2024-03-13,282.5592041015625,472.17401123046875
2024-03-14,283.8176574707031,476.0160827636719
2024-03-15,280.4781799316406,472.3923645019531
2024-03-18,282.4699401855469,475.43035888671875
2024-03-19,284.7491455078125,480.50341796875
2024-03-20,286.6617126464844,484.51422119140625
2024-03-21,287.7418212890625,485.1098937988281
2024-03-22,280.6961975097656,478.19024658203125
2024-03-25,278.66473388671875,472.60089111328125
2024-03-26,278.060302734375,473.35540771484375
2024-03-27,276.49456787109375,474.49713134765625
2024-03-28,276.5540466308594,478.0909729003906
2024-04-01,275.7612609863281,474.94384765625
2024-04-02,275.9197998046875,475.9664001464844
2024-04-03,274.4532165527344,473.970947265625
2024-04-04,271.5200500488281,466.3761901855469
2024-04-05,274.631591796875,473.7029113769531
2024-04-08,275.2459716796875,476.049072265625
2024-04-09,274.21539306640625,469.398193359375
2024-04-10,271.9956359863281,466.4257507324219
2024-04-11,273.18475341796875,465.57073974609375
2024-04-12,273.4622802734375,462.6578674316406
2024-04-15,268.8246154785156,457.1005859375
2024-04-16,268.8940124511719,457.1304016113281
2024-04-17,270.2218933105469,457.4684143066406
2024-04-18,268.9137878417969,452.04034423828125
2024-04-19,267.33819580078125,452.726318359375
2024-04-22,269.8650817871094,454.0783386230469
2024-04-23,271.6289978027344,460.11285400390625
2024-04-24,272.53076171875,459.79473876953125
2024-04-25,272.6695251464844,459.4070129394531
2024-04-26,272.0352783203125,459.7152099609375
2024-04-29,269.3795471191406,454.4263000488281
2024-04-30,266.1787414550781,448.5608215332031
2024-05-01,264.90045166015625,439.4842529296875
2024-05-02,265.1878356933594,438.5198974609375
2024-05-03,266.0598449707031,440.9853820800781
2024-05-06,270.2020568847656,446.7414855957031
2024-05-07,273.9577331542969,450.409912109375
2024-05-08,274.6811218261719,452.10992431640625
2024-05-09,276.0189208984375,452.8257141113281
2024-05-10,278.198974609375,454.3070373535156
2024-05-13,276.86126708984375,455.0824279785156
2024-05-14,275.22613525390625,451.5432434082031
2024-05-15,278.9521179199219,455.3210754394531
2024-05-16,277.82037353515625,456.1859436035156
2024-05-17,278.0784912109375,457.5777587890625
2024-05-20,276.52972412109375,456.9713134765625
2024-05-21,273.9584655761719,456.41461181640625
2024-05-22,273.5910949707031,453.84967041015625
2024-05-23,272.2508239746094,448.57073974609375
2024-05-24,272.50897216796875,448.5409240722656
2024-05-28,269.02435302734375,442.4765930175781
2024-05-29,266.9195861816406,439.8818664550781
2024-05-30,269.34197998046875,439.5140380859375
2024-05-31,270.49359130859375,444.4549865722656
2024-06-03,268.42864990234375,440.59765625
2024-06-04,270.4539489746094,442.16839599609375
2024-06-05,272.5188903808594,444.04736328125
2024-06-06,275.0405578613281,446.0555419921875
2024-06-07,276.6588134765625,447.1590881347656
2024-06-10,273.0550231933594,446.6222229003906
2024-06-11,272.68768310546875,446.4134216308594
2024-06-12,268.36907958984375,440.4087829589844
2024-06-13,269.2327880859375,442.3970642089844
2024-06-14,268.70660400390625,442.0292663574219
2024-06-17,269.2129211425781,445.4888916015625
2024-06-18,271.6452331542969,447.4771728515625
2024-06-20,274.8221740722656,449.8631591796875
2024-06-21,273.23370361328125,452.1894836425781
2024-06-24,274.3058776855469,454.2871398925781
2024-06-25,271.555908203125,452.9847717285156
2024-06-26,271.6253967285156,449.73394775390625
2024-06-27,264.6659851074219,440.1602478027344
2024-06-28,260.5757141113281,438.5795593261719
2024-07-01,261.3401184082031,435.05029296875
2024-07-02,266.2941589355469,442.04913330078125
2024-07-03,267.04864501953125,445.5584716796875
2024-07-05,268.40875244140625,446.8608093261719
2024-07-08,264.4773254394531,443.62982177734375
2024-07-09,263.5242919921875,442.7536926269531
2024-07-10,261.10186767578125,431.7420959472656
2024-07-11,260.6551208496094,434.5099182128906
2024-07-12,263.82208251953125,438.18377685546875
2024-07-15,266.5126037597656,442.0567626953125
2024-07-16,267.3067932128906,441.58880615234375
2024-07-17,270.73187255859375,449.1853942871094
2024-07-18,267.2074890136719,446.756103515625
2024-07-19,263.5441589355469,441.7480773925781
2024-07-22,265.7778625488281,445.9794921875
2024-07-23,262.87896728515625,439.7867126464844
2024-07-24,252.3356170654297,430.55731201171875
2024-07-25,251.90872192382812,427.7197570800781
2024-07-26,257.58746337890625,436.26220703125
2024-07-29,259.71197509765625,439.3685302734375
2024-07-30,261.2012023925781,445.4916687011719
2024-07-31,263.75262451171875,461.68048095703125
2024-08-01,264.0107421875,460.38616943359375
2024-08-02,264.6560363769531,459.99786376953125
2024-08-05,254.58924865722656,440.0655212402344
2024-08-06,256.3961181640625,446.3379211425781
2024-08-07,254.6686553955078,447.8712158203125
2024-08-08,257.9547424316406,453.5860595703125
2024-08-09,258.40240478515625,454.78082275390625
2024-08-12,258.53173828125,453.695556640625
2024-08-13,258.7704772949219,457.3494873046875
2024-08-14,259.77520751953125,458.14605712890625
2024-08-15,265.4056091308594,466.6585998535156
2024-08-16,265.9825744628906,466.8278503417969
2024-08-19,265.07733154296875,464.9361877441406
2024-08-20,266.6391296386719,467.0668029785156
2024-08-21,266.7983093261719,465.9516906738281
2024-08-22,266.5396728515625,466.76812744140625
2024-08-23,266.0422668457031,464.3985290527344
2024-08-26,266.8082275390625,466.58892822265625
2024-08-27,269.3051452636719,472.91107177734375
2024-08-28,267.78314208984375,469.7350769042969
2024-08-29,272.8863220214844,478.6956787109375
2024-08-30,274.92559814453125,481.22454833984375
2024-09-03,277.0842590332031,480.0099182128906
2024-09-04,279.0240478515625,481.0254821777344
2024-09-05,277.1638488769531,475.27069091796875
2024-09-06,277.9099426269531,474.0361633300781
2024-09-09,284.1173095703125,484.9581604003906
2024-09-10,283.8487243652344,485.8840637207031
2024-09-11,282.47589111328125,486.0433654785156
2024-09-12,283.8785705566406,489.9561462402344
2024-09-13,285.84820556640625,491.20068359375
2024-09-16,288.96185302734375,495.53167724609375
2024-09-17,290.0362243652344,498.79730224609375
2024-09-18,286.9723205566406,492.5946044921875
2024-09-19,283.7492370605469,490.85223388671875
2024-09-20,283.28167724609375,490.5834045410156
2024-09-23,287.1215515136719,494.96417236328125
2024-09-24,271.3543701171875,485.2767639160156
2024-09-25,268.2208251953125,487.3078308105469
2024-09-26,270.27008056640625,489.119873046875
2024-09-27,273.73187255859375,491.4795227050781
2024-09-30,273.5130310058594,491.6387634277344
2024-10-01,276.149169921875,494.20751953125
2024-10-02,275.5523376464844,493.40106201171875
2024-10-03,275.41302490234375,492.8036804199219
2024-10-04,276.4774475097656,495.5216979980469
2024-10-07,272.3591003417969,489.14971923828125
2024-10-08,273.52294921875,494.8844909667969
2024-10-09,275.482666015625,498.4236755371094
2024-10-10,276.0198669433594,496.4995422363281
2024-10-11,276.387939453125,500.72662353515625
2024-10-14,279.2131042480469,505.1131896972656
2024-10-15,277.8303527832031,505.6814880371094
2024-10-16,286.017333984375,512.5005493164062
2024-10-17,288.8723449707031,512.1915283203125
2024-10-18,289.10113525390625,514.763671875
2024-10-21,285.350830078125,513.437744140625
2024-10-22,283.3016052246094,511.4538269042969
2024-10-23,282.2769775390625,512.1615600585938
2024-10-24,281.73980712890625,509.0611267089844
2024-10-25,280.25762939453125,505.8110656738281
2024-10-28,282.7047424316406,506.6584777832031
2024-10-29,280.40679931640625,504.734375
2024-10-30,288.6435546875,512.1217041015625
2024-10-31,288.33514404296875,498.0647888183594
2024-11-01,289.2204895019531,506.5288391113281
2024-11-04,290.32470703125,504.0364685058594
2024-11-05,291.7572021484375,504.01654052734375
2024-11-06,305.7934265136719,519.5390014648438
2024-11-07,304.2017822265625,516.2988891601562
2024-11-08,306.2609558105469,523.157958984375
2024-11-11,309.2950744628906,528.5015869140625
2024-11-12,308.816650390625,527.5545043945312
2024-11-13,308.4478759765625,520.2867431640625
2024-11-14,307.22198486328125,518.811279296875
2024-11-15,308.6073303222656,520.2966918945312
2024-11-18,311.1189270019531,520.0374755859375
2024-11-19,310.8099670410156,517.8740844726562
2024-11-20,306.3648376464844,510.9752197265625
2024-11-21,308.866455078125,513.5274047851562
2024-11-22,308.88641357421875,519.2698364257812
2024-11-25,312.1454772949219,524.9923095703125
2024-11-26,310.7800598144531,526.8665161132812
2024-11-27,313.65045166015625,530.754638671875
2024-11-29,314.0291748046875,531.31298828125
2024-12-02,315.59393310546875,529.73779296875
2024-12-03,311.9660949707031,524.5736083984375
2024-12-04,308.866455078125,519.5490112304688
2024-12-05,308.0491943359375,523.16796875
2024-12-06,309.9727783203125,526.956298828125
2024-12-09,307.27178955078125,521.223876953125
2024-12-10,311.33819580078125,527.39501953125
2024-12-11,312.7434997558594,532.8184204101562
2024-12-12,313.1820373535156,530.7845458984375
2024-12-13,313.6903076171875,527.385009765625
2024-12-16,314.8365173339844,528.6909790039062
2024-12-17,317.2384338378906,529.3888549804688
2024-12-18,308.7468566894531,518.37255859375
2024-12-19,313.8298645019531,521.6824340820312
2024-12-20,316.6504211425781,526.41796875
2024-12-23,316.16204833984375,527.3451538085938
2024-12-24,319.5805969238281,534.0745239257812
2024-12-26,319.8397521972656,534.51318359375
2024-12-27,317.59722900390625,530.5752563476562
2024-12-30,314.2584228515625,523.9454956054688
