Date,XOM,CVX
2015-01-02,58.96713638305664,71.78399658203125
2015-01-05,57.353675842285156,68.91466522216797
2015-01-06,57.04877471923828,68.88277435302734
2015-01-07,57.6268310546875,68.82540130615234
2015-01-08,58.585994720458984,70.40033721923828
2015-01-09,58.503440856933594,68.99754333496094
2015-01-12,57.379112243652344,67.51189422607422
2015-01-13,57.16946029663086,66.44068908691406
2015-01-14,57.00431442260742,66.24942016601562
2015-01-15,56.508846282958984,65.4651107788086
2015-01-16,57.88091278076172,67.02731323242188
2015-01-20,57.861854553222656,67.88806915283203
2015-01-21,58.35733413696289,68.96569061279297
2015-01-22,58.99252700805664,69.45026397705078
2015-01-23,57.73481369018555,68.1303939819336
2015-01-26,58.28744125366211,69.42475128173828
2015-01-27,57.77293395996094,69.02943420410156
2015-01-28,55.86727523803711,66.12824249267578
2015-01-29,55.632240295410156,65.67552947998047
2015-01-30,55.530609130859375,65.37583923339844
2015-02-02,56.902687072753906,67.62667083740234
2015-02-03,58.59870147705078,69.8392333984375
2015-02-04,58.09689712524414,69.08682250976562
2015-02-05,58.668582916259766,69.69895935058594
2015-02-06,58.55978775024414,69.89024353027344
2015-02-09,58.59819793701172,70.41307830810547
2015-02-10,58.24618911743164,70.25370025634766
2015-02-11,57.983787536621094,70.12616729736328
2015-02-12,59.116573333740234,71.38172912597656
2015-02-13,59.75658416748047,72.61800384521484
2015-02-17,59.551788330078125,72.37335205078125
2015-02-18,58.24618911743164,71.11131286621094
2015-02-19,57.24137496948242,69.76557159423828
2015-02-20,57.54857635498047,69.92655181884766
2015-02-23,56.9661979675293,69.45006561279297
2015-02-24,57.22858810424805,69.51446533203125
2015-02-25,57.343807220458984,69.91368103027344
2015-02-26,56.73578643798828,68.93496704101562
2015-02-27,56.66538619995117,68.69026947021484
2015-03-02,56.34539794921875,68.18806457519531
2015-03-03,56.07658767700195,67.7115478515625
2015-03-04,55.79499435424805,67.7115478515625
2015-03-05,55.513389587402344,67.4346923828125
2015-03-06,54.802978515625,66.67491149902344
2015-03-09,54.5022087097168,66.93243408203125
2015-03-10,53.92620849609375,66.26283264160156
2015-03-11,53.77259826660156,66.66844940185547
2015-03-12,53.90060806274414,65.94730377197266
2015-03-13,53.67660903930664,65.43218994140625
2015-03-16,54.246192932128906,66.40447998046875
2015-03-17,53.81100845336914,66.43021392822266
2015-03-18,55.08460998535156,68.70315551757812
2015-03-19,54.022186279296875,67.44760131835938
2015-03-20,54.105411529541016,68.91566467285156
2015-03-23,54.67499923706055,68.20091247558594
2015-03-24,54.092613220214844,67.09342956542969
2015-03-25,54.31019592285156,68.0399169921875
2015-03-26,53.964595794677734,67.76951599121094
2015-03-27,53.49101257324219,67.14493560791016
2015-03-30,54.802978515625,68.83194732666016
2015-03-31,54.399803161621094,67.59567260742188
2015-04-01,54.05421447753906,67.47333526611328
2015-04-02,53.951812744140625,67.7888412475586
2015-04-06,54.48299789428711,68.84483337402344
2015-04-07,54.87980270385742,69.88792419433594
2015-04-08,53.79819869995117,68.67739868164062
2015-04-09,54.175819396972656,68.86414337158203
2015-04-10,54.75819396972656,68.83837890625
2015-04-13,54.61738586425781,68.57437896728516
2015-04-14,55.4430046081543,70.08106994628906
2015-04-15,56.370994567871094,71.09197998046875
2015-04-16,56.14698028564453,70.93102264404297
2015-04-17,55.63499069213867,70.25493621826172
2015-04-20,55.833396911621094,71.0147476196289
2015-04-21,55.60301208496094,70.65414428710938
2015-04-22,55.97420883178711,70.50605773925781
2015-04-23,56.025413513183594,70.8086929321289
2015-04-24,55.66059112548828,70.74429321289062
2015-04-27,55.68618392944336,70.63482666015625
2015-04-28,56.191795349121094,71.54915618896484
2015-04-29,56.23659133911133,71.94193267822266
2015-04-30,55.91661834716797,71.51052856445312
2015-05-01,56.863792419433594,70.20987701416016
2015-05-04,57.030181884765625,69.74624633789062
2015-05-05,56.71018981933594,69.54021453857422
2015-05-06,56.4413948059082,69.50801849365234
2015-05-07,56.06379699707031,69.26333618164062
2015-05-08,56.95338821411133,69.95875549316406
2015-05-11,55.99835968017578,69.12812042236328
2015-05-12,56.153236389160156,69.25690460205078
2015-05-13,55.856388092041016,69.34706115722656
2015-05-14,56.12095260620117,69.82996368408203
2015-05-15,56.36616134643555,70.2526626586914
2015-05-18,56.043521881103516,69.35525512695312
2015-05-19,56.133880615234375,68.29525756835938
2015-05-20,56.224205017089844,68.44481658935547
2015-05-21,56.27583312988281,68.60090637207031
2015-05-22,55.83055877685547,68.2107162475586
2015-05-26,55.07558059692383,67.17020416259766
2015-05-27,54.920719146728516,67.05316925048828
2015-05-28,54.920719146728516,67.13770294189453
2015-05-29,54.97880172729492,66.98161315917969
2015-06-01,54.93362045288086,66.74102020263672
2015-06-02,54.9400634765625,66.70850372314453
2015-06-03,54.81746292114258,66.4418716430664
2015-06-04,54.3464241027832,65.93463897705078
2015-06-05,54.38514709472656,66.0646743774414
2015-06-08,54.75294876098633,65.30382537841797
2015-06-09,54.57870864868164,65.30382537841797
2015-06-10,54.985252380371094,66.22076416015625
2015-06-11,54.907806396484375,65.75906372070312
2015-06-12,54.217350006103516,64.94615173339844
2015-06-15,54.02375030517578,64.56898498535156
2015-06-16,54.64323806762695,65.05671691894531
2015-06-17,54.675506591796875,64.87462615966797
2015-06-18,55.159481048583984,65.19328308105469
2015-06-19,54.985252380371094,64.68604278564453
2015-06-22,54.95942306518555,65.21929931640625
2015-06-23,54.8949089050293,65.08922576904297
2015-06-24,54.64323806762695,64.55599975585938
2015-06-25,54.15927505493164,63.95121383666992
2015-06-26,54.114105224609375,64.12026977539062
2015-06-29,53.4430046081543,62.8781852722168
2015-06-30,53.68820571899414,62.735107421875
2015-07-01,53.15263748168945,62.48800277709961
2015-07-02,53.649497985839844,62.344932556152344
2015-07-06,53.2558708190918,61.62958908081055
2015-07-07,53.47529220581055,61.95475769042969
2015-07-08,52.894527435302734,60.84273910522461
2015-07-09,52.65574264526367,60.98578643798828
2015-07-10,53.05582809448242,61.39547348022461
2015-07-13,53.18489074707031,61.51904296875
2015-07-14,53.630149841308594,62.1368293762207
2015-07-15,53.404273986816406,61.2849235534668
2015-07-16,53.50109100341797,61.44102096557617
2015-07-17,53.30748748779297,60.576107025146484
2015-07-20,52.75899124145508,60.43952178955078
2015-07-21,52.69446563720703,61.0638427734375
2015-07-22,52.77835464477539,60.810211181640625
2015-07-23,52.358909606933594,60.43952178955078
2015-07-24,51.5845832824707,58.917823791503906
2015-07-27,51.145782470703125,57.968379974365234
2015-07-28,53.223609924316406,60.08837127685547
2015-07-29,53.649497985839844,60.641117095947266
2015-07-30,53.565608978271484,60.49808120727539
2015-07-31,51.113502502441406,57.53916549682617
2015-08-03,50.37141036987305,55.66627883911133
2015-08-04,49.7971076965332,55.41266632080078
2015-08-05,49.7971076965332,54.64530563354492
2015-08-06,50.390769958496094,55.399662017822266
2015-08-07,49.577701568603516,54.46321105957031
2015-08-10,50.816650390625,55.854862213134766
2015-08-11,50.47146987915039,55.783321380615234
2015-08-12,51.31819152832031,56.44015121459961
2015-08-13,51.226985931396484,55.8288459777832
2015-08-14,51.03813552856445,55.91991424560547
2015-08-17,51.30515670776367,54.80705261230469
2015-08-18,50.73851776123047,54.945308685302734
2015-08-19,49.65078353881836,53.279327392578125
2015-08-20,48.569580078125,52.17961883544922
2015-08-21,46.980342864990234,49.88804626464844
2015-08-24,44.759315490722656,47.4911003112793
2015-08-25,44.752811431884766,46.10823059082031
2015-08-26,47.22132873535156,48.12984085083008
2015-08-27,48.751949310302734,51.12601089477539
2015-08-28,48.89524459838867,52.96324157714844
2015-08-31,49.005977630615234,53.331993103027344
2015-09-01,46.947776794433594,51.488189697265625
2015-09-02,47.696807861328125,51.40258026123047
2015-09-03,48.061553955078125,51.534297943115234
2015-09-04,47.195289611816406,50.48726272583008
2015-09-08,47.872650146484375,50.599212646484375
2015-09-09,46.895687103271484,49.33488845825195
2015-09-10,47.23434829711914,49.82217788696289
2015-09-11,47.34508514404297,49.90778350830078
2015-09-14,47.2148323059082,49.894622802734375
2015-09-15,47.45583724975586,50.81651306152344
2015-09-16,48.39373016357422,52.03474807739258
2015-09-17,48.49793243408203,52.29155731201172
2015-09-18,47.33856964111328,51.19187545776367
2015-09-21,47.80100631713867,51.42233657836914
2015-09-22,47.37764358520508,50.86921310424805
2015-09-23,47.091068267822266,50.12508773803711
2015-09-24,47.371150970458984,50.63212585449219
2015-09-25,47.696807861328125,51.165531158447266
2015-09-28,47.28647994995117,49.894622802734375
2015-09-29,47.527462005615234,50.21070861816406
2015-09-30,48.42628479003906,51.94255828857422
2015-10-01,48.237403869628906,51.586971282958984
2015-10-02,49.42282485961914,53.70076370239258
2015-10-05,50.028564453125,55.333831787109375
2015-10-06,50.73199462890625,57.28299331665039
2015-10-07,51.585243225097656,58.027099609375
2015-10-08,52.12584686279297,59.2058219909668
2015-10-09,51.62432098388672,58.981937408447266
2015-10-12,51.65037155151367,58.435386657714844
2015-10-13,51.55917739868164,58.19832229614258
2015-10-14,52.21050262451172,59.107051849365234
2015-10-15,53.070274353027344,59.73922348022461
2015-10-16,53.72159194946289,60.114540100097656
2015-10-19,52.75111770629883,59.284847259521484
2015-10-20,52.64689254760742,59.258487701416016
2015-10-21,52.243099212646484,58.82387924194336
2015-10-22,53.988643646240234,60.33186340332031
2015-10-23,54.04727554321289,60.081642150878906
2015-10-26,52.90091323852539,58.45510482788086
2015-10-27,52.81623458862305,57.75053787231445
2015-10-28,53.591331481933594,59.12680435180664
2015-10-29,53.55876159667969,59.19266891479492
2015-10-30,53.89093780517578,59.84457015991211
2015-11-02,55.54530334472656,62.531246185302734
2015-11-03,56.567909240722656,64.62527465820312
2015-11-04,56.001251220703125,63.723121643066406
2015-11-05,55.23918914794922,62.261268615722656
2015-11-06,55.01774215698242,61.918853759765625
2015-11-09,53.8416862487793,60.792823791503906
2015-11-10,54.10450744628906,61.39204025268555
2015-11-11,53.6248893737793,60.70719909667969
2015-11-12,52.17290115356445,59.17290496826172
2015-11-13,51.312225341796875,58.39585876464844
2015-11-16,53.1518440246582,60.95537185668945
2015-11-17,52.53425598144531,60.67544174194336
2015-11-18,53.04671096801758,61.46197509765625
2015-11-19,52.757625579833984,60.54213333129883
2015-11-20,52.42256546020508,59.32903289794922
2015-11-23,52.7444953918457,59.99557113647461
2015-11-24,53.79570388793945,60.88874435424805
2015-11-25,53.38179397583008,60.568790435791016
2015-11-27,53.36866760253906,60.23552703857422
2015-11-30,53.651161193847656,60.868736267089844
2015-12-01,53.802284240722656,61.641937255859375
2015-12-02,52.2648811340332,60.15552520751953
2015-12-03,51.515899658203125,59.22235870361328
2015-12-04,51.811546325683594,59.795597076416016
2015-12-07,50.45811462402344,58.175899505615234
2015-12-08,49.032413482666016,57.61600112915039
2015-12-09,49.68940353393555,58.389190673828125
2015-12-10,49.728851318359375,59.52231979370117
2015-12-11,48.841880798339844,57.61600112915039
2015-12-14,49.95222091674805,59.54231643676758
2015-12-15,52.18604278564453,61.828582763671875
2015-12-16,52.0020751953125,62.281822204589844
2015-12-17,51.22025680541992,60.348838806152344
2015-12-18,50.77346420288086,59.86225509643555
2015-12-21,50.76032638549805,59.482330322265625
2015-12-22,51.01656723022461,60.168888092041016
2015-12-23,52.68536376953125,62.52842712402344
2015-12-24,52.12033462524414,61.355323791503906
2015-12-28,51.732704162597656,60.22886276245117
2015-12-29,52.008644104003906,60.82207107543945
2015-12-30,51.31877899169922,60.04888916015625
2015-12-31,51.21367645263672,59.962257385253906
2016-01-04,50.89175033569336,59.22235870361328
2016-01-05,51.325374603271484,59.72895431518555
2016-01-06,50.8983154296875,57.36940002441406
2016-01-07,50.083614349365234,55.33642578125
2016-01-08,49.071834564208984,54.74320983886719
2016-01-11,48.414833068847656,53.836700439453125
2016-01-12,49.40690231323242,54.75654983520508
2016-01-13,49.70256042480469,54.209983825683594
2016-01-14,51.982364654541016,56.96946334838867
2016-01-15,50.97059631347656,55.76966857910156
2016-01-19,50.19532775878906,54.329952239990234
2016-01-20,48.07975387573242,52.64359664916992
2016-01-21,48.68418884277344,54.02334976196289
2016-01-22,50.30699157714844,55.68302536010742
2016-01-25,48.605350494384766,53.91670227050781
2016-01-26,50.392417907714844,56.06964111328125
2016-01-27,49.46603775024414,55.51640319824219
2016-01-28,50.58293151855469,57.26940155029297
2016-01-29,51.147972106933594,57.63601303100586
2016-02-01,50.123050689697266,56.84950256347656
2016-02-02,49.00611877441406,54.149986267089844
2016-02-03,51.5618896484375,56.402896881103516
2016-02-04,52.448848724365234,56.51621627807617
2016-02-05,52.61310577392578,55.24311065673828
2016-02-08,53.32265853881836,57.31606674194336
2016-02-09,53.09061813354492,55.269779205322266
2016-02-10,52.606666564941406,55.34977340698242
2016-02-11,52.77238464355469,55.316436767578125
2016-02-12,53.72045135498047,56.94279479980469
2016-02-16,53.84642028808594,57.24656295776367
2016-02-17,54.363525390625,59.609031677246094
2016-02-18,54.66184997558594,58.54256057739258
2016-02-19,54.695011138916016,58.38729476928711
2016-02-22,54.62207794189453,59.95329666137695
2016-02-23,53.85304260253906,57.31405258178711
2016-02-24,54.0452995300293,57.55704879760742
2016-02-25,54.370140075683594,57.577293395996094
2016-02-26,54.197792053222656,56.93605041503906
2016-02-29,53.13704299926758,56.32181167602539
2016-03-01,53.88618850708008,58.13754653930664
2016-03-02,54.827606201171875,58.81929397583008
2016-03-03,54.62871551513672,59.082557678222656
2016-03-04,54.55579376220703,59.35252380371094
2016-03-07,55.99443435668945,61.20204544067383
2016-03-08,54.78120040893555,59.89929962158203
2016-03-09,54.62871551513672,62.65327453613281
2016-03-10,54.48285675048828,63.40928268432617
2016-03-11,54.48948669433594,63.84128189086914
2016-03-14,54.63534927368164,63.625274658203125
2016-03-15,54.907161712646484,63.63203048706055
2016-03-16,54.940311431884766,64.3947982788086
2016-03-17,55.75575637817383,65.40055084228516
2016-03-18,55.822059631347656,65.9405288696289
2016-03-21,55.43756103515625,65.09677124023438
2016-03-22,55.76902389526367,64.4622802734375
2016-03-23,55.52372741699219,63.173038482666016
2016-03-24,55.676204681396484,64.02354431152344
2016-03-28,55.835330963134766,63.90876007080078
2016-03-29,56.04084396362305,64.34078979492188
2016-03-30,56.03419494628906,64.29352569580078
2016-03-31,55.41764450073242,64.3947982788086
2016-04-01,54.99998474121094,63.625274658203125
2016-04-04,55.1325798034668,63.06501770019531
2016-04-05,54.50275802612305,62.552024841308594
2016-04-06,55.232017517089844,64.01676940917969
2016-04-07,54.60883331298828,63.9830207824707
2016-04-08,55.165714263916016,65.02251434326172
2016-04-11,55.23865509033203,64.28678894042969
2016-04-12,55.921504974365234,65.81902313232422
2016-04-13,56.23974609375,65.87977600097656
2016-04-14,56.63751983642578,66.13626098632812
2016-04-15,56.33254623413086,65.63001251220703
2016-04-18,56.86955261230469,66.62225341796875
2016-04-19,57.15463638305664,67.83727264404297
2016-04-20,57.5457878112793,68.64051818847656
2016-04-21,57.53915023803711,68.44476318359375
2016-04-22,58.02974319458008,68.85652160644531
2016-04-25,57.897151947021484,68.5190200805664
2016-04-26,58.09605407714844,69.04552459716797
2016-04-27,58.64632034301758,70.09851837158203
2016-04-28,58.36124038696289,69.11976623535156
2016-04-29,58.606529235839844,68.97127532958984
2016-05-02,59.09050369262695,69.7339859008789
2016-05-03,58.4142951965332,68.39075469970703
2016-05-04,58.30156326293945,67.89801788330078
2016-05-05,58.36785888671875,68.4582748413086
2016-05-06,58.679466247558594,68.75526428222656
2016-05-09,58.71921920776367,67.73601531982422
2016-05-10,59.6606559753418,68.35698699951172
2016-05-11,59.37318801879883,68.26924896240234
2016-05-12,59.948123931884766,68.93077850341797
2016-05-13,59.27290344238281,67.999267578125
2016-05-16,59.88126754760742,69.04552459716797
2016-05-17,59.85452651977539,68.72489166259766
2016-05-18,59.73420715332031,68.25422668457031
2016-05-19,60.24229431152344,68.11099243164062
2016-05-20,59.99492645263672,68.070068359375
2016-05-23,59.90133285522461,67.79037475585938
2016-05-24,59.948123931884766,68.34291076660156
2016-05-25,60.34257507324219,69.4206771850586
2016-05-26,60.03505325317383,69.23651123046875
2016-05-27,60.17542266845703,69.59122467041016
2016-05-31,59.5135612487793,68.89546203613281
2016-06-01,59.6606559753418,68.9841079711914
2016-06-02,59.18598937988281,68.5748519897461
2016-06-03,59.07902526855469,68.66352081298828
2016-06-06,59.7275276184082,69.01140594482422
2016-06-07,60.643409729003906,70.4780044555664
2016-06-08,60.69689178466797,70.32109832763672
2016-06-09,60.61666488647461,70.13011932373047
2016-06-10,60.15536117553711,69.56391906738281
2016-06-13,60.563194274902344,69.6457748413086
2016-06-14,60.456233978271484,69.08644104003906
2016-06-15,60.275718688964844,68.64303588867188
2016-06-16,60.984371185302734,68.94318389892578
2016-06-17,60.65009689331055,69.2842788696289
2016-06-20,60.91750717163086,69.99369049072266
2016-06-21,61.191619873046875,70.42340850830078
2016-06-22,60.950927734375,69.77540588378906
2016-06-23,61.37211608886719,71.2419662475586
2016-06-24,59.760921478271484,69.5093765258789
2016-06-27,59.406620025634766,68.45889282226562
2016-06-28,60.777122497558594,69.32518005371094
2016-06-29,61.813358306884766,70.54618835449219
2016-06-30,62.669090270996094,71.50802612304688
2016-07-01,62.735965728759766,71.0441665649414
2016-07-05,62.18773651123047,70.64851379394531
2016-07-06,62.903079986572266,71.33747863769531
2016-07-07,62.14765167236328,70.29381561279297
2016-07-08,62.5353889465332,71.46707916259766
2016-07-11,62.76938247680664,71.88999938964844
2016-07-12,63.47804260253906,72.8381576538086
2016-07-13,63.43123245239258,72.74949645996094
2016-07-14,63.47804260253906,72.78360748291016
2016-07-15,63.5916633605957,73.00872039794922
2016-07-18,63.391117095947266,72.36751556396484
2016-07-19,63.15715026855469,72.33338165283203
2016-07-20,62.79612350463867,72.02642059326172
2016-07-21,62.742637634277344,71.88999938964844
2016-07-22,62.8495979309082,72.07418060302734
2016-07-25,61.639522552490234,70.30746459960938
2016-07-26,61.191619873046875,70.04141998291016
2016-07-27,60.777122497558594,69.75491333007812
2016-07-28,60.302452087402344,69.43433380126953
2016-07-29,59.46678924560547,69.90499877929688
2016-08-01,57.40097427368164,67.60621643066406
2016-08-02,58.18988037109375,67.93362426757812
2016-08-03,58.49070358276367,68.62940979003906
2016-08-04,58.48403549194336,68.47933959960938
2016-08-05,58.53749465942383,68.5611801147461
2016-08-08,59.226097106933594,69.03184509277344
2016-08-09,59.29962921142578,69.11372375488281
2016-08-10,58.261314392089844,68.30883026123047
2016-08-11,58.4703254699707,69.16828155517578
2016-08-12,59.232215881347656,69.68672180175781
2016-08-15,59.20524597167969,70.10281372070312
2016-08-16,59.279415130615234,70.00049591064453
2016-08-17,59.40751266479492,70.46236419677734
2016-08-18,59.946903228759766,71.379150390625
2016-08-19,59.198516845703125,70.5312728881836
2016-08-22,59.32661437988281,70.26933288574219
2016-08-23,59.14458084106445,70.0901107788086
2016-08-24,59.34683609008789,70.44857025146484
2016-08-25,58.96926498413086,70.23486328125
2016-08-26,58.84115982055664,69.84192657470703
2016-08-29,59.2254753112793,70.34514617919922
2016-08-30,59.00971221923828,70.10388946533203
2016-08-31,58.753509521484375,69.33186340332031
2016-09-01,58.55122756958008,69.07682800292969
2016-09-02,58.942291259765625,69.57311248779297
2016-09-06,59.71764373779297,70.60708618164062
2016-09-07,59.49517059326172,70.91728973388672
2016-09-08,60.04132843017578,71.77204895019531
2016-09-09,58.55122756958008,69.80747985839844
2016-09-12,58.85464859008789,70.48300170898438
2016-09-13,57.45219802856445,68.53913116455078
2016-09-14,57.040924072265625,67.84293365478516
2016-09-15,57.36458206176758,68.58740997314453
2016-09-16,56.65662384033203,67.443115234375
2016-09-19,56.52175521850586,67.58097839355469
2016-09-20,55.65199661254883,67.34661865234375
2016-09-21,56.16441345214844,68.67699432373047
2016-09-22,56.326236724853516,68.91826629638672
2016-09-23,56.26555252075195,68.39437103271484
2016-09-26,56.002593994140625,68.09109497070312
2016-09-27,56.12395095825195,68.22893524169922
2016-09-28,58.591697692871094,70.4140853881836
2016-09-29,58.29501724243164,69.80747985839844
2016-09-30,58.847896575927734,70.94485473632812
2016-10-03,58.692840576171875,70.6208724975586
2016-10-04,58.15343475341797,69.80747985839844
2016-10-05,58.65911102294922,70.46923065185547
2016-10-06,58.686092376708984,70.43476867675781
2016-10-07,58.483795166015625,70.4968032836914
2016-10-10,59.63003921508789,71.67556762695312
2016-10-11,59.15806579589844,71.02759552001953
2016-10-12,58.74677658081055,70.4140853881836
2016-10-13,58.362449645996094,69.47663116455078
2016-10-14,58.34896469116211,69.67649841308594
2016-10-17,58.34896469116211,69.86953735351562
2016-10-18,58.504032135009766,70.16594696044922
2016-10-19,58.773738861083984,70.4968032836914
2016-10-20,58.80070114135742,70.2210922241211
2016-10-21,58.402889251708984,69.82817077636719
2016-10-24,58.59843063354492,69.38700866699219
2016-10-25,58.4703254699707,69.46280670166016
2016-10-26,58.71980667114258,69.75235748291016
2016-10-27,58.60515594482422,68.87690734863281
2016-10-28,57.16227722167969,71.56523895263672
2016-10-31,56.17789840698242,72.2063217163086
2016-11-01,56.40040588378906,73.39884185791016
2016-11-02,56.26555252075195,72.6474838256836
2016-11-03,56.40715408325195,72.6474838256836
2016-11-04,56.34645462036133,72.22701263427734
2016-11-07,57.614036560058594,73.65388488769531
2016-11-08,58.028961181640625,73.95719909667969
2016-11-09,58.668373107910156,74.19845581054688
2016-11-10,59.212547302246094,74.30186462402344
2016-11-11,58.27383804321289,73.50914001464844
2016-11-14,58.00857162475586,73.47468566894531
2016-11-15,59.05610275268555,75.10836791992188
2016-11-16,58.3282585144043,75.4355697631836
2016-11-17,57.97455978393555,75.27545166015625
2016-11-18,58.00857162475586,76.02738189697266
2016-11-21,58.83161926269531,76.70966339111328
2016-11-22,58.96086502075195,77.01602935791016
2016-11-23,59.12409973144531,77.28056335449219
2016-11-25,59.2601432800293,77.28056335449219
2016-11-28,58.81800842285156,76.93244171142578
2016-11-29,58.43031692504883,76.12482452392578
2016-11-30,59.382606506347656,77.67046356201172
2016-12-01,59.34176254272461,78.87492370605469
2016-12-02,59.20574951171875,78.67302703857422
2016-12-05,59.50503921508789,78.8470687866211
2016-12-06,59.55945587158203,78.50593566894531
2016-12-07,59.90635299682617,79.67556762695312
2016-12-08,60.0764045715332,80.1838150024414
2016-12-09,60.53895950317383,80.62940216064453
2016-12-12,61.885780334472656,81.56233978271484
2016-12-13,62.974124908447266,81.75031280517578
2016-12-14,61.613685607910156,80.73381805419922
2016-12-15,61.824554443359375,81.49271392822266
2016-12-16,62.021827697753906,82.2098388671875
2016-12-19,61.50486755371094,81.91045379638672
2016-12-20,61.511661529541016,82.11932373046875
2016-12-21,61.40962600708008,82.09146881103516
2016-12-22,61.810951232910156,82.69020080566406
2016-12-23,61.70212173461914,82.44651794433594
2016-12-27,61.72931671142578,82.30728149414062
2016-12-28,61.4232292175293,82.09146881103516
2016-12-29,61.45722961425781,82.02879333496094
2016-12-30,61.39603042602539,81.94524383544922
2017-01-03,61.824554443359375,82.0496826171875
2017-01-04,61.144351959228516,82.02879333496094
2017-01-05,60.23286437988281,81.67372131347656
2017-01-06,60.198848724365234,81.34648132324219
2017-01-09,59.20574951171875,80.65027618408203
2017-01-10,58.4506950378418,80.0376205444336
2017-01-11,59.04928207397461,80.71295928955078
2017-01-12,58.72959518432617,80.87307739257812
2017-01-13,58.73640823364258,81.02623748779297
2017-01-17,59.42338943481445,80.95661926269531
2017-01-18,58.68878173828125,80.71988677978516
2017-01-19,57.63444519042969,80.4692611694336
2017-01-20,58.42346954345703,80.48320770263672
2017-01-23,57.79768371582031,80.33698272705078
2017-01-24,57.879310607910156,81.01927947998047
2017-01-25,58.049373626708984,81.625
2017-01-26,58.22623825073242,81.14461517333984
2017-01-27,58.16501998901367,79.22303009033203
2017-01-30,57.72286605834961,77.85148620605469
2017-01-31,57.06306076049805,77.52425384521484
2017-02-01,56.41686248779297,77.28056335449219
2017-02-02,56.763771057128906,78.12299346923828
2017-02-03,56.82499313354492,79.06986999511719
2017-02-06,56.66854476928711,78.65908813476562
2017-02-07,56.30122375488281,77.55209350585938
2017-02-08,55.930572509765625,77.68438720703125
2017-02-09,56.177669525146484,78.15780639648438
2017-02-10,56.64445495605469,78.70782470703125
2017-02-13,56.973934173583984,79.30657958984375
2017-02-14,56.850372314453125,79.08869934082031
2017-02-15,57.083770751953125,79.12383270263672
2017-02-16,56.49344253540039,77.79535675048828
2017-02-17,56.12274169921875,77.54933166503906
2017-02-21,56.21199417114258,78.52638244628906
2017-02-22,55.55301284790039,77.58451080322266
2017-02-23,56.136470794677734,78.03435516357422
2017-02-24,55.65599060058594,77.4017562866211
2017-02-27,55.971736907958984,78.54745483398438
2017-02-28,55.82072067260742,79.07462310791016
2017-03-01,56.98765563964844,80.04460906982422
2017-03-02,57.179866790771484,79.67911529541016
2017-03-03,56.6032600402832,79.81266784667969
2017-03-06,56.85723876953125,79.54554748535156
2017-03-07,56.64445495605469,78.58963775634766
2017-03-08,55.621665954589844,77.04329681396484
2017-03-09,56.06097412109375,77.34552001953125
2017-03-10,56.019798278808594,77.74617767333984
2017-03-13,55.88936996459961,76.86052703857422
2017-03-14,55.59420394897461,75.46179962158203
2017-03-15,56.28750991821289,76.53018188476562
2017-03-16,56.33556365966797,75.81322479248047
2017-03-17,56.28750991821289,75.68671417236328
2017-03-20,56.28750991821289,75.67265319824219
2017-03-21,56.170806884765625,75.93973541259766
2017-03-22,56.12274169921875,76.1857681274414
2017-03-23,56.19139862060547,75.82025146484375
2017-03-24,55.75895690917969,75.90461730957031
2017-03-27,55.77268981933594,74.70268249511719
2017-03-28,56.177669525146484,75.32825469970703
2017-03-29,56.30121994018555,75.96082305908203
2017-03-30,57.454437255859375,75.75700378417969
2017-03-31,56.29435729980469,75.46883392333984
2017-04-03,56.33556365966797,75.77106475830078
2017-04-04,56.541481018066406,76.37553405761719
2017-04-05,56.651309967041016,76.36148071289062
2017-04-06,56.98078536987305,76.81834411621094
2017-04-07,56.8091926574707,76.51612091064453
2017-04-10,57.063167572021484,76.9167709350586
2017-04-11,56.864097595214844,76.59343719482422
2017-04-12,56.953338623046875,76.59343719482422
2017-04-13,56.07469940185547,74.57614135742188
2017-04-17,55.99919128417969,74.62535858154297
2017-04-18,55.635379791259766,74.28095245361328
2017-04-19,55.25099563598633,73.26178741455078
2017-04-20,55.60792541503906,73.71861267089844
2017-04-21,55.38825607299805,73.72567749023438
2017-04-24,55.676570892333984,74.4566650390625
2017-04-25,56.102169036865234,75.01897430419922
2017-04-26,55.87565231323242,74.56210327148438
2017-04-27,55.779541015625,74.13333129882812
2017-04-28,56.04724884033203,74.99789428710938
2017-05-01,56.32868576049805,74.44963073730469
2017-05-02,56.32182312011719,74.05601501464844
2017-05-03,56.76801300048828,75.0119400024414
2017-05-04,56.04037857055664,73.66943359375
2017-05-05,56.30121994018555,74.3582763671875
2017-05-08,56.89842987060547,74.98385620117188
2017-05-09,56.50029373168945,73.85921478271484
2017-05-10,56.756683349609375,74.8573226928711
2017-05-11,57.241703033447266,74.65347290039062
2017-05-12,57.20014190673828,74.47774505615234
2017-05-15,57.37337112426758,75.10331726074219
2017-05-16,57.20014190673828,75.38446044921875
2017-05-17,56.812103271484375,74.34070587158203
2017-05-18,56.64580154418945,74.6744384765625
2017-05-19,56.770538330078125,75.63297271728516
2017-05-22,57.01999282836914,75.34896087646484
2017-05-23,57.2209358215332,75.45545959472656
2017-05-24,57.01999282836914,75.41997528076172
2017-05-25,56.64580154418945,74.63182830810547
2017-05-26,56.50722122192383,74.35493469238281
2017-05-30,56.19540786743164,73.88629913330078
2017-05-31,55.7796630859375,73.47447204589844
2017-06-01,55.918251037597656,74.035400390625
2017-06-02,55.086753845214844,73.2117691040039
2017-06-05,55.5163459777832,73.26856994628906
2017-06-06,56.27163314819336,73.96440124511719
2017-06-07,56.063758850097656,73.68038940429688
2017-06-08,55.86280822753906,73.84367370605469
2017-06-09,56.90911865234375,75.54779052734375
2017-06-12,57.463436126708984,76.71223449707031
2017-06-13,57.48423767089844,76.77616119384766
2017-06-14,56.86752700805664,75.68978881835938
2017-06-15,56.99919509887695,75.49807739257812
2017-06-16,57.851478576660156,76.9323501586914
2017-06-19,57.34565734863281,76.30043029785156
2017-06-20,57.03384780883789,75.60458374023438
2017-06-21,56.431007385253906,74.19161224365234
2017-06-22,56.181549072265625,74.16322326660156
2017-06-23,56.548805236816406,74.5537338256836
2017-06-26,56.29241180419922,73.9430923461914
2017-06-27,56.20232009887695,73.8934097290039
2017-06-28,56.49337387084961,74.04249572753906
2017-06-29,55.918251037597656,73.92888641357422
2017-06-30,55.93903732299805,74.07799530029297
2017-07-03,56.888328552246094,75.47679138183594
2017-07-05,56.02219009399414,74.28392028808594
2017-07-06,55.5163459777832,73.71590423583984
2017-07-07,55.58564758300781,73.48155975341797
2017-07-10,55.5440673828125,73.16207122802734
2017-07-11,55.84895324707031,73.21887969970703
2017-07-12,56.09840774536133,73.76558685302734
2017-07-13,56.10532760620117,73.93600463867188
2017-07-14,56.32014465332031,74.15612030029297
2017-07-17,56.02909851074219,73.9927978515625
2017-07-18,55.84895324707031,73.64488220214844
2017-07-19,56.02219009399414,74.17030334472656
2017-07-20,56.02909851074219,74.291015625
2017-07-21,55.5163459777832,73.31114196777344
2017-07-24,55.343116760253906,73.27568054199219
2017-07-25,55.62029266357422,74.12061309814453
2017-07-26,55.689579010009766,74.6389389038086
2017-07-27,56.008331298828125,75.34188842773438
2017-07-28,55.15603256225586,76.76903533935547
2017-07-31,55.460906982421875,77.52877807617188
2017-08-01,55.550994873046875,78.65773010253906
2017-08-02,55.84895324707031,78.43053436279297
2017-08-03,55.772727966308594,77.69918823242188
2017-08-04,55.57871627807617,78.1820297241211
2017-08-07,55.5440673828125,77.94770050048828
2017-08-08,55.40546798706055,78.3524169921875
2017-08-09,55.57871627807617,78.73584747314453
2017-08-10,55.249881744384766,78.1820297241211
2017-08-11,54.718177795410156,77.55720520019531
2017-08-14,54.732173919677734,77.18795776367188
2017-08-15,54.59923553466797,77.08856964111328
2017-08-16,54.20045471191406,76.62239074707031
2017-08-17,53.3538932800293,75.96259307861328
2017-08-18,53.6197395324707,76.36421203613281
2017-08-21,53.437843322753906,75.8622055053711
2017-08-22,53.68971252441406,76.27816009521484
2017-08-23,53.59876251220703,76.45745849609375
2017-08-24,53.40287399291992,77.05269622802734
2017-08-25,53.675724029541016,77.61927795410156
2017-08-28,53.500823974609375,77.28219604492188
2017-08-29,53.486812591552734,77.3539047241211
2017-08-30,53.2419548034668,77.26068878173828
2017-08-31,53.40287399291992,77.18180847167969
2017-09-01,53.57076644897461,77.99937438964844
2017-09-05,53.99755096435547,78.4870376586914
2017-09-06,55.11696243286133,80.17239379882812
2017-09-07,55.2918586730957,80.17955017089844
2017-09-08,55.14494323730469,79.44803619384766
2017-09-11,55.44579315185547,80.69593048095703
2017-09-12,55.620704650878906,80.67440032958984
2017-09-13,55.80959701538086,81.88642883300781
2017-09-14,56.03348922729492,82.08004760742188
2017-09-15,56.01948928833008,82.20913696289062
2017-09-18,56.03348922729492,82.61074829101562
2017-09-19,56.12443542480469,83.43550872802734
2017-09-20,56.355323791503906,83.45703125
2017-09-21,55.8935546875,83.52874755859375
2017-09-22,55.914546966552734,84.1168212890625
2017-09-25,56.65616989135742,84.61884307861328
2017-09-26,56.59318923950195,84.28176879882812
2017-09-27,56.970977783203125,84.2315673828125
2017-09-28,57.502708435058594,84.35348510742188
2017-09-29,57.35577392578125,84.26744079589844
2017-10-02,57.11091995239258,84.21721649169922
2017-10-03,57.20185470581055,84.4969253540039
2017-10-04,57.22286605834961,84.32479095458984
2017-10-05,57.383758544921875,85.04194641113281
2017-10-06,57.16688537597656,83.93036651611328
2017-10-09,57.390769958496094,84.41803741455078
2017-10-10,57.55168151855469,85.19975280761719
2017-10-11,57.78955078125,85.579833984375
2017-10-12,57.670616149902344,85.443603515625
2017-10-13,57.6566276550293,85.45793151855469
2017-10-16,57.936466217041016,86.15357208251953
2017-10-17,58.041419982910156,86.2181167602539
2017-10-18,57.9015007019043,84.73357391357422
2017-10-19,57.887508392333984,84.76944732666016
2017-10-20,58.146385192871094,85.08501434326172
2017-10-23,58.237308502197266,85.29296875
2017-10-24,58.39823532104492,85.50811004638672
2017-10-25,58.18834686279297,84.94156646728516
2017-10-26,58.39823532104492,84.94156646728516
2017-10-27,58.56614303588867,81.42741394042969
2017-10-30,58.447227478027344,82.03704071044922
2017-10-31,58.31427764892578,83.11278533935547
2017-11-01,58.678077697753906,83.11995697021484
2017-11-02,58.44020462036133,82.71115112304688
2017-11-03,58.19534683227539,82.46733093261719
2017-11-06,58.59412384033203,83.93753814697266
2017-11-07,58.47519302368164,84.08094787597656
2017-11-08,58.39823532104492,83.67216491699219
2017-11-09,58.74805450439453,84.08094787597656
2017-11-10,58.564456939697266,84.0379409790039
2017-11-13,58.5291633605957,84.07379913330078
2017-11-14,58.07019805908203,83.8514633178711
2017-11-15,57.3428955078125,83.51438903808594
2017-11-16,56.883941650390625,82.935302734375
2017-11-17,56.65799331665039,83.03663635253906
2017-11-20,56.87687683105469,83.04388427734375
2017-11-21,57.10282516479492,83.36962127685547
2017-11-22,57.26521301269531,83.90530395507812
2017-11-24,57.491180419921875,84.33963012695312
2017-11-27,57.27227020263672,83.67363739013672
2017-11-28,57.667701721191406,84.29619598388672
2017-11-29,58.091373443603516,84.82462310791016
2017-11-30,58.81160354614258,86.13485717773438
2017-12-01,58.93162155151367,86.5112533569336
2017-12-04,59.009307861328125,87.47403717041016
2017-12-05,58.5291633605957,87.14828491210938
2017-12-06,58.098419189453125,86.58365631103516
2017-12-07,58.28908157348633,86.59813690185547
2017-12-08,58.36674499511719,86.80805206298828
2017-12-11,58.62800979614258,87.16999816894531
2017-12-12,58.4373664855957,86.63435363769531
2017-12-13,58.69155502319336,86.8153305053711
2017-12-14,58.53619384765625,86.52576446533203
2017-12-15,58.62800979614258,86.67053985595703
2017-12-18,58.564456939697266,86.6488265991211
2017-12-19,58.21141815185547,86.7501449584961
2017-12-20,58.51502990722656,87.51021575927734
2017-12-21,59.207008361816406,90.35508728027344
2017-12-22,59.29175567626953,90.47090148925781
2017-12-26,59.29880142211914,91.1948013305664
2017-12-27,59.242313385009766,90.88352966308594
2017-12-28,59.32706832885742,90.90523529052734
2017-12-29,59.05875015258789,90.62293243408203
2018-01-02,60.04024124145508,92.3530044555664
2018-01-03,61.21942138671875,93.02621459960938
2018-01-04,61.30415344238281,92.73666381835938
2018-01-05,61.25471496582031,92.58465576171875
2018-01-08,61.53010940551758,93.04071044921875
2018-01-09,61.26884078979492,92.54119873046875
2018-01-10,60.78163528442383,93.13480377197266
2018-01-11,61.38181686401367,95.96520233154297
2018-01-12,61.79841995239258,96.71080017089844
2018-01-16,61.41007614135742,95.55982208251953
2018-01-17,62.13736343383789,95.81316375732422
2018-01-18,61.73488235473633,95.25576782226562
2018-01-19,61.53715896606445,95.04586029052734
2018-01-22,62.31386184692383,95.95796966552734
2018-01-23,62.34919738769531,94.84318542480469
2018-01-24,62.511600494384766,95.11099243164062
2018-01-25,62.39862823486328,94.57532501220703
2018-01-26,62.843467712402344,94.96622467041016
2018-01-29,62.144432067871094,93.00450134277344
2018-01-30,61.275909423828125,90.6518783569336
2018-01-31,61.643070220947266,90.73875427246094
2018-02-01,62.89289093017578,90.89801025390625
2018-02-02,59.68717575073242,85.83806610107422
2018-02-05,56.29078674316406,81.52371215820312
2018-02-06,55.323421478271484,84.82462310791016
2018-02-07,54.327816009521484,83.45649719238281
2018-02-08,53.713504791259766,81.29206085205078
2018-02-09,54.055908203125,82.16072845458984
2018-02-12,54.512428283691406,82.5082015991211
2018-02-13,54.42683792114258,82.00872802734375
2018-02-14,54.54096603393555,82.25483703613281
2018-02-15,54.36264419555664,82.26947784423828
2018-02-16,54.598018646240234,81.98433685302734
2018-02-20,54.03449249267578,81.13629150390625
2018-02-21,53.42103958129883,79.73258972167969
2018-02-22,54.112972259521484,80.33938598632812
2018-02-23,55.304237365722656,82.31332397460938
2018-02-26,56.238677978515625,83.7828140258789
2018-02-27,55.2828254699707,83.05903625488281
2018-02-28,54.02737808227539,81.82351684570312
2018-03-01,53.64216232299805,81.91122436523438
2018-03-02,53.89185333251953,81.6187973022461
2018-03-05,54.405433654785156,82.72274780273438
2018-03-06,54.34123229980469,83.0882797241211
2018-03-07,52.97166061401367,83.2271957397461
2018-03-08,52.871788024902344,82.86895751953125
2018-03-09,53.185665130615234,85.69825744628906
2018-03-12,53.670711517333984,85.38390350341797
2018-03-13,53.164249420166016,85.14263916015625
2018-03-14,52.50086212158203,84.1702880859375
2018-03-15,53.08578109741211,84.49927520751953
2018-03-16,53.585105895996094,84.3676986694336
2018-03-19,52.893192291259766,83.26374053955078
2018-03-20,52.779048919677734,83.70970916748047
2018-03-21,53.528038024902344,85.56666564941406
2018-03-22,52.42952346801758,83.12484741210938
2018-03-23,51.994384765625,82.59844970703125
2018-03-26,52.78617477416992,84.33112335205078
2018-03-27,52.572181701660156,83.82667541503906
2018-03-28,51.93732833862305,81.9551010131836
2018-03-29,53.2213134765625,83.3733901977539
2018-04-02,52.229793548583984,82.05744934082031
2018-04-03,53.51377487182617,83.95096588134766
2018-04-04,53.406776428222656,83.69507598876953
2018-04-05,54.227088928222656,85.74945831298828
2018-04-06,53.406776428222656,83.89977264404297
2018-04-09,53.406776428222656,84.7917251586914
2018-04-10,54.976097106933594,86.88993072509766
2018-04-11,55.232887268066406,87.18238067626953
2018-04-12,55.083091735839844,87.1677474975586
2018-04-13,55.525352478027344,87.67220306396484
2018-04-16,56.024681091308594,88.2424545288086
2018-04-17,55.874874114990234,88.79810333251953
2018-04-18,56.50973129272461,90.52348327636719
2018-04-19,56.65242004394531,90.44304656982422
2018-04-20,56.352806091308594,89.41950988769531
2018-04-23,56.759395599365234,90.34800720214844
2018-04-24,55.88914489746094,89.5876693725586
2018-04-25,56.7094841003418,89.7192611694336
2018-04-26,57.67959976196289,90.8158950805664
2018-04-27,55.48970413208008,92.57050323486328
2018-04-30,55.46116638183594,91.4665756225586
2018-05-01,54.8905029296875,91.2837905883789
2018-05-02,54.783512115478516,91.74436950683594
2018-05-03,54.598018646240234,92.12454223632812
2018-05-04,54.8548469543457,91.77360534667969
2018-05-07,55.45402526855469,91.34229278564453
2018-05-08,55.70368957519531,92.53396606445312
2018-05-09,57.016204833984375,94.10581970214844
2018-05-10,58.293060302734375,94.17891693115234
2018-05-11,58.56688690185547,94.92459869384766
2018-05-14,58.96318054199219,95.32670593261719
2018-05-15,58.93437194824219,94.85150909423828
2018-05-16,59.100093841552734,94.71990966796875
2018-05-17,58.999202728271484,95.47212982177734
2018-05-18,58.581298828125,94.29219818115234
2018-05-21,59.287437438964844,95.40576934814453
2018-05-22,58.826290130615234,94.5650405883789
2018-05-23,59.19376754760742,94.91165161132812
2018-05-24,57.839115142822266,93.37035369873047
2018-05-25,56.715049743652344,90.11075592041016
2018-05-29,56.5060920715332,89.52080535888672
2018-05-30,58.725399017333984,92.301025390625
2018-05-31,58.538047790527344,91.66681671142578
2018-06-01,58.96318054199219,91.33494567871094
2018-06-04,58.3434944152832,90.16239929199219
2018-06-05,58.13454818725586,90.50900268554688
2018-06-06,59.1289176940918,90.98834991455078
2018-06-07,59.719764709472656,93.62845611572266
2018-06-08,60.23857498168945,93.24498748779297
2018-06-11,59.878292083740234,94.07093811035156
2018-06-12,59.38829803466797,93.71694946289062
2018-06-13,58.732601165771484,93.70958709716797
2018-06-14,59.00642395019531,93.29659271240234
2018-06-15,58.12014389038086,91.47506713867188
2018-06-18,58.235416412353516,92.89837646484375
2018-06-19,58.148956298828125,92.58125305175781
2018-06-20,57.96880340576172,92.39692687988281
2018-06-21,57.42121124267578,90.4057388305664
2018-06-22,58.638938903808594,92.25677490234375
2018-06-25,57.45722198486328,90.42049407958984
2018-06-26,58.10572052001953,91.5635757446289
2018-06-27,58.87671661376953,92.92052459716797
2018-06-28,59.0640869140625,92.66978454589844
2018-06-29,59.611698150634766,93.23760223388672
2018-07-02,58.912750244140625,91.62994384765625
2018-07-03,59.258609771728516,91.98395538330078
2018-07-05,59.309059143066406,91.43081665039062
2018-07-06,59.32347106933594,91.54879760742188
2018-07-09,59.73418426513672,92.91312408447266
2018-07-10,60.28181076049805,94.09306335449219
2018-07-11,59.51079177856445,91.09159088134766
2018-07-12,59.58285140991211,91.6373062133789
2018-07-13,60.02959060668945,91.47506713867188
2018-07-16,59.4387321472168,90.69334411621094
2018-07-17,59.309059143066406,89.9042739868164
2018-07-18,59.244205474853516,89.62403869628906
2018-07-19,59.09288787841797,89.72728729248047
2018-07-20,58.65336608886719,90.16975402832031
2018-07-23,58.65336608886719,89.47654724121094
2018-07-24,59.81344223022461,91.33494567871094
2018-07-25,60.23135757446289,92.1092758178711
2018-07-26,60.699729919433594,91.40868377685547
2018-07-27,59.02802658081055,92.89837646484375
2018-07-30,58.89833450317383,94.27005767822266
2018-07-31,58.732601165771484,93.11961364746094
2018-08-01,57.92558288574219,92.47065734863281
2018-08-02,57.57972717285156,91.26859283447266
2018-08-03,57.788665771484375,91.48245239257812
2018-08-06,57.77426528930664,91.66681671142578
2018-08-07,58.55967712402344,92.31578063964844
2018-08-08,58.17058563232422,91.35706329345703
2018-08-09,57.875152587890625,90.36148834228516
2018-08-10,57.81691360473633,90.95885467529297
2018-08-13,57.19083023071289,90.29512786865234
2018-08-14,57.00883102416992,90.39836883544922
2018-08-15,56.011474609375,86.97655487060547
2018-08-16,56.783164978027344,87.60193634033203
2018-08-17,56.97243118286133,87.70618438720703
2018-08-20,57.37282943725586,87.6689682006836
2018-08-21,57.38739776611328,87.81043243408203
2018-08-22,58.21001052856445,88.54004669189453
2018-08-23,57.56937789916992,87.9295425415039
2018-08-24,57.962501525878906,88.6070785522461
2018-08-27,58.53031921386719,89.6047592163086
2018-08-28,58.4429817199707,89.23990631103516
2018-08-29,58.86520004272461,89.5079345703125
2018-08-30,58.61041259765625,89.20270538330078
2018-08-31,58.36288070678711,88.19757843017578
2018-09-04,58.450252532958984,88.50283813476562
2018-09-05,59.229209899902344,88.54004669189453
2018-09-06,58.57401657104492,85.792724609375
2018-09-07,59.57137680053711,85.32366943359375
2018-09-10,59.483978271484375,85.23432159423828
2018-09-11,60.321189880371094,85.63636016845703
2018-09-12,60.51774215698242,86.20964813232422
2018-09-13,59.92806625366211,86.58938598632812
2018-09-14,60.3648681640625,87.39349365234375
2018-09-17,60.72157287597656,87.49026489257812
2018-09-18,60.881744384765625,87.95185852050781
2018-09-19,61.60972595214844,88.97931671142578
2018-09-20,61.748043060302734,88.9123306274414
2018-09-21,62.00284194946289,90.18545532226562
2018-09-24,63.04384994506836,91.29483032226562
2018-09-25,62.97105407714844,91.85323333740234
2018-09-26,62.446903228759766,90.79598236083984
2018-09-27,62.43962478637695,91.18313598632812
2018-09-28,61.893646240234375,91.04170227050781
2018-10-01,62.46875,92.61266326904297
2018-10-02,62.94194793701172,92.87325286865234
2018-10-03,62.71628189086914,93.29765319824219
2018-10-04,62.30131530761719,93.02960205078125
2018-10-05,62.12660598754883,93.31253814697266
2018-10-08,62.70170211791992,92.94770050048828
2018-10-09,62.97835159301758,94.421875
2018-10-10,61.52965545654297,91.2799301147461
2018-10-11,59.4039192199707,88.17523193359375
2018-10-12,59.243751525878906,87.68385314941406
2018-10-15,58.83607864379883,87.06590270996094
2018-10-16,59.11272430419922,87.49026489257812
2018-10-17,59.33112716674805,87.32646942138672
2018-10-18,59.5859260559082,87.46048736572266
2018-10-19,59.67326354980469,87.95932006835938
2018-10-22,59.076316833496094,87.26689147949219
2018-10-23,58.122650146484375,84.43022918701172
2018-10-24,56.50653839111328,82.05514526367188
2018-10-25,57.00883102416992,83.0751724243164
2018-10-26,56.44099807739258,83.0379409790039
2018-10-29,56.09158706665039,81.10216522216797
2018-10-30,57.350982666015625,82.53165435791016
2018-10-31,58.00618362426758,83.12727355957031
2018-11-01,58.72688293457031,82.76992797851562
2018-11-02,59.65872573852539,85.42044067382812
2018-11-05,59.433048248291016,88.55494689941406
2018-11-06,59.68783187866211,88.52517700195312
2018-11-07,60.444942474365234,89.99190521240234
2018-11-08,59.483978271484375,88.8676528930664
2018-11-09,59.46928405761719,88.97931671142578
2018-11-12,58.70451736450195,87.40091705322266
2018-11-13,57.3587760925293,85.88206481933594
2018-11-14,56.91020965576172,86.15755462646484
2018-11-15,57.49850845336914,87.92430877685547
2018-11-16,58.06473922729492,89.51063537597656
2018-11-19,58.255924224853516,89.78128051757812
2018-11-20,56.60134506225586,87.2852554321289
2018-11-21,57.03521728515625,88.39042663574219
2018-11-23,55.51300811767578,85.40573120117188
2018-11-26,56.60871505737305,86.44324493408203
2018-11-27,56.660186767578125,86.61614990234375
2018-11-28,57.68970489501953,88.81896209716797
2018-11-29,58.138275146484375,89.35272216796875
2018-11-30,58.461830139160156,89.42041015625
2018-12-03,59.726661682128906,90.7210464477539
2018-12-04,58.41035842895508,88.14231872558594
2018-12-06,57.64558792114258,87.14242553710938
2018-12-07,57.09406661987305,86.82666015625
2018-12-10,56.28514862060547,86.41316223144531
2018-12-11,56.38811492919922,86.81163787841797
2018-12-12,55.90275955200195,86.92440032958984
2018-12-13,56.60871505737305,87.16497802734375
2018-12-14,55.579193115234375,85.57865142822266
2018-12-17,54.44672775268555,84.5411376953125
2018-12-18,52.946563720703125,82.50375366210938
2018-12-19,52.04942321777344,81.06780242919922
2018-12-20,50.468379974365234,78.92514038085938
2018-12-21,50.09333801269531,78.34622192382812
2018-12-24,48.17403030395508,75.92539978027344
2018-12-26,50.47572708129883,80.73698425292969
2018-12-27,50.696346282958984,82.18798828125
2018-12-28,50.130104064941406,81.68428802490234
2018-12-31,50.14481735229492,81.78954315185547
2019-01-02,51.247867584228516,83.21797180175781
2019-01-03,50.461029052734375,81.62410736083984
2019-01-04,52.321510314941406,83.3156967163086
2019-01-07,52.59360122680664,84.39830780029297
2019-01-08,52.97599411010742,84.02992248535156
2019-01-09,53.25541305541992,85.15763854980469
2019-01-10,52.983341217041016,85.29296875
2019-01-11,52.740665435791016,84.60881805419922
2019-01-14,52.67449188232422,83.99234008789062
2019-01-15,52.703895568847656,84.29304504394531
2019-01-16,52.681827545166016,83.75175476074219
2019-01-17,53.04216766357422,84.17276763916016
2019-01-18,53.67457962036133,85.9846420288086
2019-01-22,52.86567687988281,84.45845031738281
2019-01-23,52.43180847167969,83.7442398071289
2019-01-24,52.50534439086914,85.33808898925781
2019-01-25,52.740665435791016,85.12003326416016
2019-01-28,52.38768005371094,84.3306655883789
2019-01-29,52.58623123168945,84.07503509521484
2019-01-30,53.159828186035156,84.96216583251953
2019-01-31,53.88784408569336,86.19512939453125
2019-02-01,55.82920837402344,88.99187469482422
2019-02-04,55.020301818847656,90.02186584472656
2019-02-05,55.58654022216797,89.8263931274414
2019-02-06,55.343875885009766,89.37531280517578
2019-02-07,54.91737747192383,88.8866195678711
2019-02-08,55.00658416748047,88.39793395996094
2019-02-11,55.09580612182617,87.92430877685547
2019-02-12,56.06241226196289,89.25502014160156
2019-02-13,56.69440841674805,89.89405059814453
2019-02-14,56.70927429199219,89.72698974609375
2019-02-15,57.77996826171875,90.63064575195312
2019-02-19,58.16660690307617,90.60027313232422
2019-02-20,58.38967514038086,91.33686065673828
2019-02-21,57.861759185791016,90.47116088867188
2019-02-22,58.30786895751953,90.66102600097656
2019-02-25,58.36735534667969,90.83568572998047
2019-02-26,58.486331939697266,91.07864379882812
2019-02-27,59.08858108520508,91.18496704101562
2019-02-28,58.76143264770508,90.8052978515625
2019-03-01,59.48264694213867,92.66573333740234
2019-03-04,59.7131462097168,92.73407745361328
2019-03-05,59.623931884765625,93.62256622314453
2019-03-06,58.947303771972656,93.8047866821289
2019-03-07,59.60163497924805,92.59740447998047
2019-03-08,58.74654769897461,92.3543930053711
2019-03-11,59.319068908691406,93.87313842773438
2019-03-12,59.48264694213867,94.08576965332031
2019-03-13,60.010562896728516,94.67046356201172
2019-03-14,59.80979919433594,94.6173095703125
2019-03-15,59.59417724609375,95.1564712524414
2019-03-18,60.28567886352539,95.58931732177734
2019-03-19,60.1295166015625,95.13369750976562
2019-03-20,60.4641227722168,94.68567657470703
2019-03-21,60.81358337402344,95.57412719726562
2019-03-22,59.83954620361328,93.47065734863281
2019-03-25,59.42317199707031,93.31877899169922
2019-03-26,60.196449279785156,94.26040649414062
2019-03-27,59.735450744628906,93.24285888671875
2019-03-28,60.032859802246094,93.41751098632812
2019-03-29,60.07746505737305,93.53901672363281
2019-04-01,60.76897048950195,94.87549591064453
2019-04-02,60.50872039794922,94.867919921875
2019-04-03,60.15183639526367,94.07817077636719
2019-04-04,61.006900787353516,94.76920318603516
2019-04-05,61.33406066894531,95.99935913085938
2019-04-08,61.71324920654297,96.19679260253906
2019-04-09,60.91765594482422,95.33113098144531
2019-04-10,60.64255142211914,95.29314422607422
2019-04-11,60.93253707885742,95.6728515625
2019-04-12,60.16670227050781,90.94197082519531
2019-04-15,59.9659538269043,91.23052215576172
2019-04-16,60.374881744384766,92.01268005371094
2019-04-17,60.5459098815918,91.32925415039062
2019-04-18,60.32284927368164,91.01790618896484
2019-04-22,61.6389045715332,92.56702423095703
2019-04-23,61.99580383300781,92.65814208984375
2019-04-24,60.79126739501953,89.818115234375
2019-04-25,61.1332893371582,89.5295639038086
2019-04-26,59.84699249267578,88.92205810546875
2019-04-29,59.46034240722656,89.39286804199219
2019-04-30,59.69084930419922,91.16976928710938
2019-05-01,58.49374008178711,89.46121215820312
2019-05-02,57.467681884765625,88.37530517578125
2019-05-03,57.60151290893555,89.05113983154297
2019-05-06,57.34871292114258,89.90924072265625
2019-05-07,57.04384994506836,89.81051635742188
2019-05-08,57.13307571411133,89.22581481933594
2019-05-09,57.081016540527344,92.02786254882812
2019-05-10,57.577396392822266,92.6353530883789
2019-05-13,56.938140869140625,91.45833587646484
2019-05-14,57.01336669921875,92.36958312988281
2019-05-15,57.43452072143555,92.749267578125
2019-05-16,57.42699432373047,92.63423919677734
2019-05-17,57.08856964111328,92.41954040527344
2019-05-20,57.08103942871094,92.66492462158203
2019-05-21,57.34426498413086,93.04833221435547
2019-05-22,56.82532501220703,92.4578857421875
2019-05-23,55.49421310424805,90.38742065429688
2019-05-24,55.72734069824219,91.03156280517578
2019-05-28,54.60676956176758,90.72481536865234
2019-05-29,54.26835250854492,89.54387664794922
2019-05-30,54.125465393066406,88.47796630859375
2019-05-31,53.22298812866211,87.30471801757812
2019-06-03,54.05776596069336,88.94574737548828
2019-06-04,55.343772888183594,89.95030212402344
2019-06-05,54.88503646850586,90.21870422363281
2019-06-06,55.8852653503418,92.5422134399414
2019-06-07,56.08832931518555,93.15571594238281
2019-06-10,56.33649826049805,93.77685546875
2019-06-11,56.283851623535156,92.91796875
2019-06-12,55.67469787597656,92.16647338867188
2019-06-13,56.16354751586914,92.71861267089844
2019-06-14,55.91534423828125,92.64189910888672
2019-06-17,56.471858978271484,93.08668518066406
2019-06-18,56.9607048034668,94.26762390136719
2019-06-19,56.64485549926758,94.2369384765625
2019-06-20,57.614994049072266,95.30284118652344
2019-06-21,58.427223205566406,95.8012924194336
2019-06-24,57.870697021484375,95.78598022460938
2019-06-25,57.35930252075195,94.81205749511719
2019-06-26,57.60748291015625,95.03446197509766
2019-06-27,57.02088928222656,94.4056396484375
2019-06-28,57.63003158569336,95.42555236816406
2019-07-01,57.577396392822266,95.7322769165039
2019-07-02,56.94566345214844,94.26762390136719
2019-07-03,57.48716354370117,94.58969116210938
2019-07-05,57.25401306152344,94.73538970947266
2019-07-08,57.517234802246094,94.78140258789062
2019-07-09,57.4796257019043,94.58969116210938
2019-07-10,58.29185104370117,96.1923828125
2019-07-11,58.336971282958984,96.18472290039062
2019-07-12,58.38209915161133,96.60647583007812
2019-07-15,57.96847915649414,96.4071044921875
2019-07-16,57.10361099243164,95.6709213256836
2019-07-17,56.76517868041992,95.19549560546875
2019-07-18,56.283851623535156,95.60958862304688
2019-07-19,56.396671295166016,95.88565826416016
2019-07-22,56.45683288574219,96.09269714355469
2019-07-23,56.68245315551758,96.4837875366211
2019-07-24,56.674930572509766,97.03590393066406
2019-07-25,56.35154724121094,96.33808135986328
2019-07-26,56.26130294799805,94.87342071533203
2019-07-29,56.65989303588867,95.26449584960938
2019-07-30,56.66740798950195,95.34886932373047
2019-07-31,55.92287063598633,94.4056396484375
2019-08-01,54.49396896362305,92.5882339477539
2019-08-02,53.96001052856445,92.58056640625
2019-08-05,52.854496002197266,91.05455780029297
2019-08-06,53.36587905883789,91.54534149169922
2019-08-07,53.01994705200195,91.33062744140625
2019-08-08,54.43381118774414,94.49768829345703
2019-08-09,53.27562713623047,93.87651824951172
2019-08-12,53.016754150390625,93.20938110351562
2019-08-13,53.67156219482422,93.85353088378906
2019-08-14,51.50918197631836,90.2877197265625
2019-08-15,51.204612731933594,89.6819076538086
2019-08-16,52.004085540771484,89.72066497802734
2019-08-19,52.87969970703125,90.88273620605469
2019-08-20,52.559913635253906,89.96855926513672
2019-08-21,53.08527755737305,91.32433319091797
2019-08-22,52.9710693359375,91.20811462402344
2019-08-23,51.38734817504883,89.23257446289062
2019-08-26,51.661441802978516,89.66641235351562
2019-08-27,51.1589241027832,89.73616790771484
2019-08-28,51.532012939453125,90.51087188720703
2019-08-29,52.10307693481445,91.04542541503906
2019-08-30,52.141136169433594,91.20037078857422
2019-09-03,52.202049255371094,90.07701873779297
2019-09-04,52.757877349853516,90.83625030517578
2019-09-05,53.504051208496094,91.13837432861328
2019-09-06,54.006595611572266,91.61872863769531
2019-09-09,54.4329833984375,92.49415588378906
2019-09-10,54.87458801269531,94.39997100830078
2019-09-11,54.76799392700195,93.95838928222656
2019-09-12,54.806068420410156,94.06684112548828
2019-09-13,55.30858612060547,94.12882995605469
2019-09-16,56.13853073120117,96.15860748291016
2019-09-17,55.71213150024414,95.98040771484375
2019-09-18,55.44564437866211,96.20507049560547
2019-09-19,55.07257080078125,95.80221557617188
2019-09-20,54.882205963134766,96.31352996826172
2019-09-23,54.92028045654297,96.76287841796875
2019-09-24,54.166481018066406,95.86419677734375
2019-09-25,54.32637023925781,95.68601989746094
2019-09-26,54.037044525146484,93.09068298339844
2019-09-27,54.425376892089844,91.88212585449219
2019-09-30,53.762943267822266,91.88212585449219
2019-10-01,52.499000549316406,89.8755874633789
2019-10-02,51.12847900390625,86.99363708496094
2019-10-03,51.76043701171875,87.65989685058594
2019-10-04,52.51423645019531,88.20217895507812
2019-10-07,51.79090118408203,87.74510955810547
2019-10-08,50.785831451416016,86.54427337646484
2019-10-09,51.349281311035156,87.65215301513672
2019-10-10,51.96601867675781,88.77546691894531
2019-10-11,52.5218391418457,89.98403930664062
2019-10-14,52.674129486083984,90.0073013305664
2019-10-15,52.85688018798828,90.10800170898438
2019-10-16,51.95078659057617,89.17835998535156
2019-10-17,51.88225555419922,89.36427307128906
2019-10-18,51.47872543334961,88.89169311523438
2019-10-21,52.33910369873047,90.34043884277344
2019-10-22,52.6056022644043,91.26234436035156
2019-10-23,53.10813903808594,91.40181732177734
2019-10-24,52.6056022644043,91.0919189453125
2019-10-25,52.727420806884766,91.93636322021484
2019-10-28,52.26295852661133,91.7891616821289
2019-10-29,52.11069869995117,91.51800537109375
2019-10-30,51.562477111816406,90.14674377441406
2019-10-31,51.44826126098633,89.97630310058594
2019-11-01,52.993919372558594,90.0305404663086
2019-11-04,54.57002639770508,94.18304443359375
2019-11-05,55.65121841430664,94.4697036743164
2019-11-06,54.4329833984375,92.88926696777344
2019-11-07,55.59031677246094,94.43096923828125
2019-11-08,54.53459930419922,93.68722534179688
2019-11-11,54.20325469970703,93.59425354003906
2019-11-12,53.455780029296875,93.71046447753906
2019-11-13,53.01654815673828,94.73310852050781
2019-11-14,52.785377502441406,94.48519897460938
2019-11-15,53.31706619262695,94.38348388671875
2019-11-18,52.800777435302734,92.74835205078125
2019-11-19,52.26136779785156,91.10540771484375
2019-11-20,52.423194885253906,91.80168914794922
2019-11-21,53.68696594238281,92.92047882080078
2019-11-22,53.455780029296875,92.81095123291016
2019-11-25,53.10131072998047,92.61536407470703
2019-11-26,52.97030258178711,92.15377807617188
2019-11-27,52.93947982788086,92.37283325195312
2019-11-29,52.5002555847168,91.63741302490234
2019-12-02,52.72371292114258,91.37922668457031
2019-12-03,52.307594299316406,90.66731262207031
2019-12-04,52.900962829589844,91.48877716064453
2019-12-05,52.71601486206055,91.01153564453125
2019-12-06,53.56366729736328,92.32588958740234
2019-12-09,53.679256439208984,91.7704086303711
2019-12-10,53.216888427734375,92.23200225830078
2019-12-11,53.13984680175781,90.93328857421875
2019-12-12,54.20325469970703,92.95176696777344
2019-12-13,53.347896575927734,92.28678131103516
2019-12-16,53.941246032714844,93.382080078125
2019-12-17,53.694664001464844,92.78746795654297
2019-12-18,53.84107971191406,92.74835205078125
2019-12-19,53.4712028503418,92.41976928710938
2019-12-20,53.895023345947266,93.6324234008789
2019-12-23,54.16472244262695,94.14095306396484
2019-12-24,53.956661224365234,94.14876556396484
2019-12-26,54.04143142700195,94.35218048095703
2019-12-27,53.85648727416992,94.11750030517578
2019-12-30,53.54054641723633,93.76541900634766
2019-12-31,53.7717170715332,94.28178405761719
2020-01-02,54.63478469848633,95.00154113769531
2020-01-03,54.19554901123047,94.67295837402344
2020-01-06,54.61166763305664,94.35218048095703
2020-01-07,54.16472244262695,93.14736938476562
2020-01-08,53.347896575927734,92.0833511352539
2020-01-09,53.75631332397461,91.93470764160156
2020-01-10,53.27853775024414,91.09759521484375
2020-01-13,53.78713607788086,91.26969909667969
2020-01-14,53.32478713989258,90.98808288574219
2020-01-15,53.24001693725586,90.85505676269531
2020-01-16,53.031951904296875,91.44965362548828
2020-01-17,52.831600189208984,90.42476654052734
2020-01-21,52.0764274597168,88.6488265991211
2020-01-22,51.77589416503906,88.32803344726562
2020-01-23,51.45224380493164,88.48450469970703
2020-01-24,51.10548782348633,87.5065689086914
2020-01-27,49.88795852661133,86.36432647705078
2020-01-28,49.8185920715332,86.93545532226562
2020-01-29,49.402488708496094,86.34869384765625
2020-01-30,49.92648696899414,87.15450286865234
2020-01-31,47.86900329589844,83.82167053222656
2020-02-03,46.797882080078125,83.14883422851562
2020-02-04,46.21223449707031,83.59477996826172
2020-02-05,48.339073181152344,86.27826690673828
2020-02-06,47.68406677246094,85.66020202636719
2020-02-07,47.36811828613281,85.22992706298828
2020-02-10,46.86786651611328,85.8949203491211
2020-02-11,47.31340408325195,87.00587463378906
2020-02-12,47.89183807373047,87.65520477294922
2020-02-13,47.626068115234375,87.35794067382812
2020-02-14,47.407203674316406,87.12840270996094
2020-02-18,46.805328369140625,87.25502014160156
2020-02-19,47.16489028930664,87.65077209472656
2020-02-20,46.78969192504883,86.91468811035156
2020-02-21,46.21910095214844,86.28147888183594
2020-02-24,44.053924560546875,82.8780288696289
2020-02-25,42.36555099487305,79.7120132446289
2020-02-26,41.43539810180664,77.5987319946289
2020-02-27,38.94190979003906,74.50394439697266
2020-02-28,40.20819091796875,73.878662109375
2020-03-02,42.11542510986328,76.45105743408203
2020-03-03,40.098758697509766,74.70975494384766
2020-03-04,40.97421646118164,77.98655700683594
2020-03-05,39.168601989746094,76.92594146728516
2020-03-06,37.27699661254883,75.44584655761719
2020-03-09,32.719966888427734,63.85034942626953
2020-03-10,33.931522369384766,67.26172637939453
2020-03-11,32.81375503540039,65.71829223632812
2020-03-12,29.061830520629883,60.35983657836914
2020-03-13,29.79658317565918,66.02699279785156
2020-03-16,26.959182739257812,55.16758728027344
2020-03-17,28.772619247436523,55.9511833190918
2020-03-18,25.888320922851562,43.572113037109375
2020-03-19,26.912281036376953,45.424224853515625
2020-03-20,25.591297149658203,47.007225036621094
2020-03-23,24.582963943481445,42.9151725769043
2020-03-24,27.701749801635742,52.67436599731445
2020-03-25,29.147809982299805,54.82725143432617
2020-03-26,30.343734741210938,60.454830169677734
2020-03-27,28.88204574584961,54.439414978027344
2020-03-30,29.31195831298828,56.948463439941406
2020-03-31,29.679338455200195,57.352134704589844
2020-04-01,29.335403442382812,54.265289306640625
2020-04-02,31.578746795654297,60.2490348815918
2020-04-03,30.64858055114746,59.449623107910156
2020-04-06,31.633468627929688,63.628726959228516
2020-04-07,32.2353401184082,64.0482406616211
2020-04-08,34.275455474853516,68.05323791503906
2020-04-09,33.71266174316406,66.7314224243164
2020-04-13,33.42344665527344,67.20630645751953
2020-04-14,33.16550827026367,66.96885681152344
2020-04-15,31.64128303527832,65.2908935546875
2020-04-16,30.6016902923584,63.312129974365234
2020-04-17,33.78300476074219,68.99510955810547
2020-04-20,32.18844223022461,66.14570617675781
2020-04-21,32.016475677490234,64.61812591552734
2020-04-22,32.93101501464844,66.83430480957031
2020-04-23,33.962791442871094,68.7022476196289
2020-04-24,34.18165588378906,68.86847686767578
2020-04-27,34.345802307128906,71.00553131103516
2020-04-28,35.150901794433594,71.1638412475586
2020-04-29,37.09721374511719,74.89180755615234
2020-04-30,36.32337951660156,72.81806182861328
2020-05-01,33.7204704284668,70.79180908203125
2020-05-04,35.08055114746094,72.37480163574219
2020-05-05,35.04145812988281,73.52249908447266
2020-05-06,34.38488006591797,71.27464294433594
2020-05-07,34.58029556274414,73.32462310791016
2020-05-08,36.09669876098633,75.56454467773438
2020-05-11,35.75278091430664,73.90241241455078
2020-05-12,35.15516662597656,72.10570526123047
2020-05-13,33.41014862060547,70.20610809326172
2020-05-14,33.704978942871094,71.27464294433594
2020-05-15,33.4659309387207,70.5701904296875
2020-05-18,36.12727737426758,74.32878875732422
2020-05-19,35.011749267578125,71.97564697265625
2020-05-20,36.15117645263672,74.69021606445312
2020-05-21,35.50575256347656,73.91920471191406
2020-05-22,35.53763198852539,72.50572204589844
2020-05-26,36.581459045410156,74.93115997314453
2020-05-27,36.844398498535156,75.41300964355469
2020-05-28,35.88823699951172,72.97955322265625
2020-05-29,36.23086166381836,73.64616394042969
2020-06-01,36.87627410888672,74.52156066894531
2020-06-02,37.69698715209961,76.04747772216797
2020-06-03,39.234825134277344,78.04724884033203
2020-06-04,39.123268127441406,77.3244400024414
2020-06-05,42.29457092285156,80.96257781982422
2020-06-08,43.617271423339844,82.91413879394531
2020-06-09,42.64516067504883,81.54081726074219
2020-06-10,40.35832595825195,78.36849975585938
2020-06-11,36.79658889770508,71.77488708496094
2020-06-12,37.58543014526367,74.20030212402344
2020-06-15,37.5615234375,73.2686996459961
2020-06-16,38.40614318847656,75.51741790771484
2020-06-17,37.155155181884766,73.51765441894531
2020-06-18,37.38622283935547,73.83890533447266
2020-06-19,36.637229919433594,72.78681945800781
2020-06-22,36.987815856933594,73.55780029296875
2020-06-23,37.21092987060547,73.43732452392578
2020-06-24,35.45795440673828,70.38549041748047
2020-06-25,35.99181365966797,71.64636993408203
2020-06-26,34.75675582885742,69.43778991699219
2020-06-29,35.31452560424805,70.40958404541016
2020-06-30,35.633243560791016,71.66244506835938
2020-07-01,34.8284797668457,70.3694076538086
2020-07-02,35.12329864501953,70.92354583740234
2020-07-06,35.37031173706055,71.13237762451172
2020-07-07,34.453983306884766,69.31732177734375
2020-07-08,34.37429428100586,69.34944152832031
2020-07-09,32.95597839355469,66.45021057128906
2020-07-10,33.98386764526367,68.44994354248047
2020-07-13,33.9918327331543,68.58649444580078
2020-07-14,35.11532211303711,70.95569610595703
2020-07-15,35.561546325683594,71.3893814086914
2020-07-16,35.282649993896484,70.96373748779297
2020-07-17,34.67707443237305,70.02406311035156
2020-07-20,33.86433792114258,68.48207092285156
2020-07-21,35.57747268676758,73.39718627929688
2020-07-22,34.74879455566406,73.11608123779297
2020-07-23,34.82050704956055,73.09199523925781
2020-07-24,34.60536193847656,72.38522338867188
2020-07-27,35.11532211303711,73.11608123779297
2020-07-28,34.700984954833984,71.5660629272461
2020-07-29,35.08345413208008,72.3370590209961
2020-07-30,33.36235046386719,69.28520202636719
2020-07-31,33.52968215942383,67.41393280029297
2020-08-03,33.66513442993164,68.11266326904297
2020-08-04,34.637237548828125,69.4618911743164
2020-08-05,34.94002914428711,70.03211212158203
2020-08-06,34.7726936340332,70.24896240234375
2020-08-07,34.61333084106445,69.71086120605469
2020-08-10,35.465911865234375,72.06400299072266
2020-08-11,35.83245849609375,71.97564697265625
2020-08-12,35.82432556152344,72.85910034179688
2020-08-13,34.94679260253906,72.13629913330078
2020-08-14,35.10117721557617,72.56195068359375
2020-08-17,34.64617156982422,72.89925384521484
2020-08-18,34.47553634643555,71.39204406738281
2020-08-19,34.09364700317383,70.3818359375
2020-08-20,33.57363510131836,69.09461212158203
2020-08-21,33.32175064086914,69.31456756591797
2020-08-24,34.30490493774414,71.0417251586914
2020-08-25,33.21611404418945,70.17001342773438
2020-08-26,32.50921630859375,69.07015991210938
2020-08-27,32.28983688354492,69.17607879638672
2020-08-28,33.06173324584961,69.76265716552734
2020-08-31,32.45233154296875,68.37767791748047
2020-09-01,32.0379524230957,67.6851806640625
2020-09-02,31.84294319152832,67.7748031616211
2020-09-03,31.777938842773438,67.03343200683594
2020-09-04,31.753568649291992,66.74827575683594
2020-09-08,31.022296905517578,64.33675384521484
2020-09-09,30.835407257080078,65.20034790039062
2020-09-10,30.063514709472656,63.6687126159668
2020-09-11,29.98225975036621,63.293949127197266
2020-09-14,29.787246704101562,62.96806716918945
2020-09-15,29.47036361694336,62.202239990234375
2020-09-16,30.721662521362305,64.00272369384766
2020-09-17,30.713531494140625,64.19011688232422
2020-09-18,30.217897415161133,63.71759796142578
2020-09-21,29.600372314453125,62.161529541015625
2020-09-22,28.869091033935547,61.53420639038086
2020-09-23,27.942813873291016,58.61757278442383
2020-09-24,27.885934829711914,58.4953727722168
2020-09-25,28.145944595336914,58.51982498168945
2020-09-28,28.690338134765625,60.23068618774414
2020-09-29,27.853435516357422,58.576839447021484
2020-09-30,27.894060134887695,58.65831756591797
2020-10-01,26.919029235839844,57.3711051940918
2020-10-02,26.797149658203125,57.998416900634766
2020-10-05,27.414670944213867,59.228614807128906
2020-10-06,27.130290985107422,58.90272903442383
2020-10-07,27.21965980529785,60.10847091674805
2020-10-08,28.649709701538086,61.28164291381836
2020-10-09,28.22719955444336,60.287715911865234
2020-10-12,28.1378231048584,60.703224182128906
2020-10-13,27.804689407348633,59.79889678955078
2020-10-14,27.747806549072266,59.432273864746094
2020-10-15,27.991567611694336,59.88850784301758
2020-10-16,27.70718002319336,59.383399963378906
2020-10-19,27.154664993286133,58.071720123291016
2020-10-20,27.382169723510742,58.397613525390625
2020-10-21,26.94340705871582,57.73771667480469
2020-10-22,28.324697494506836,59.79889678955078
2020-10-23,27.755929946899414,59.1226921081543
2020-10-26,27.0977840423584,57.79473114013672
2020-10-27,26.667144775390625,56.62971496582031
2020-10-28,25.651487350463867,54.48704528808594
2020-10-29,26.789026260375977,56.05127716064453
2020-10-30,26.504636764526367,56.62156295776367
2020-11-02,27.6178035736084,58.78050231933594
2020-11-03,27.14653778076172,58.44649887084961
2020-11-04,27.00028419494629,58.470924377441406
2020-11-05,26.951528549194336,58.77238082885742
2020-11-06,26.6346435546875,57.96580505371094
2020-11-09,30.006635665893555,64.68709564208984
2020-11-10,30.672344207763672,67.67703247070312
2020-11-11,30.35612678527832,67.18006896972656
2020-11-12,29.31596565246582,65.72173309326172
2020-11-13,30.02327537536621,67.64443969726562
2020-11-16,31.75409507751465,72.47560119628906
2020-11-17,32.178497314453125,71.95479583740234
2020-11-18,30.96358299255371,69.67313385009766
2020-11-19,31.121692657470703,70.87184143066406
2020-11-20,30.738908767700195,70.92143249511719
2020-11-23,32.75266647338867,75.25328063964844
2020-11-24,34.93284606933594,79.0477523803711
2020-11-25,33.95925521850586,76.1708984375
2020-11-27,33.44333267211914,75.48474884033203
2020-11-30,31.729145050048828,72.07052612304688
2020-12-01,32.037025451660156,72.29371643066406
2020-12-02,33.23529815673828,74.2943115234375
2020-12-03,33.45997619628906,74.23645782470703
2020-12-04,34.68320846557617,77.11331176757812
2020-12-07,34.034141540527344,75.03006744384766
2020-12-08,35.14920425415039,75.67488098144531
2020-12-09,35.61520004272461,74.76553344726562
2020-12-10,36.622074127197266,77.17118835449219
2020-12-11,36.447322845458984,76.42716979980469
2020-12-14,35.1325569152832,73.93885040283203
2020-12-15,35.81491470336914,73.88096618652344
2020-12-16,36.36410903930664,73.31884002685547
2020-12-17,36.18104553222656,73.08735656738281
2020-12-18,35.55693817138672,72.07879638671875
2020-12-21,34.90788269042969,71.16944885253906
2020-12-22,34.31707000732422,69.73926544189453
2020-12-23,34.75810623168945,70.83876037597656
2020-12-24,34.616634368896484,70.54115295410156
2020-12-28,34.73313522338867,70.1856689453125
2020-12-29,34.342037200927734,69.94593811035156
2020-12-30,34.616634368896484,70.54115295410156
2020-12-31,34.30043411254883,69.81367492675781
2021-01-04,34.53342819213867,70.02861785888672
2021-01-05,36.19769287109375,71.92172241210938
2021-01-06,37.12134552001953,74.23645782470703
2021-01-07,37.41259002685547,74.58367156982422
2021-01-08,37.82866668701172,75.29460144042969
2021-01-11,38.97700500488281,75.72449493408203
2021-01-12,39.84242248535156,77.16292572021484
2021-01-13,40.29176330566406,77.08853912353516
2021-01-14,41.864498138427734,78.9402847290039
2021-01-15,39.850738525390625,76.12956237792969
2021-01-19,40.64126968383789,78.13013458251953
2021-01-20,41.21542739868164,78.84935760498047
2021-01-21,40.0338020324707,76.06343078613281
2021-01-22,39.46796417236328,75.83194732666016
2021-01-25,39.02692413330078,75.14579772949219
2021-01-26,38.169837951660156,73.8727035522461
2021-01-27,37.73712158203125,72.91374206542969
2021-01-28,38.327938079833984,73.59163665771484
2021-01-29,37.312744140625,70.43368530273438
2021-02-01,37.379302978515625,71.4339828491211
2021-02-02,37.970123291015625,71.97130584716797
2021-02-03,39.45963668823242,73.54202270507812
2021-02-04,40.216880798339844,73.5750961303711
2021-02-05,41.5649299621582,73.79003143310547
2021-02-08,43.35401153564453,75.62529754638672
2021-02-09,42.846248626708984,75.19540405273438
2021-02-10,43.26091766357422,76.48503112792969
2021-02-11,42.17770767211914,76.07168579101562
2021-02-12,42.753170013427734,76.50982666015625
2021-02-16,44.039485931396484,78.07758331298828
2021-02-17,44.7249641418457,80.41664123535156
2021-02-18,44.02255630493164,79.64534759521484
2021-02-19,44.31874084472656,80.31605529785156
2021-02-22,45.952030181884766,82.48743438720703
2021-02-23,46.586734771728516,83.52700805664062
2021-02-24,47.98305892944336,86.61222839355469
2021-02-25,47.18758010864258,85.80738067626953
2021-02-26,46.01126480102539,83.83720397949219
2021-03-01,47.729183197021484,85.55587768554688
2021-03-02,47.449913024902344,85.88284301757812
2021-03-03,47.83073425292969,86.84696197509766
2021-03-04,49.68404769897461,87.60987854003906
2021-03-05,51.56275177001953,91.38256072998047
2021-03-08,51.5119743347168,92.01136016845703
2021-03-09,50.716487884521484,91.80175018310547
2021-03-10,52.27361297607422,93.36951446533203
2021-03-11,51.88433837890625,93.2186050415039
2021-03-12,52.44287109375,93.5287857055664
2021-03-15,51.10577392578125,92.43052673339844
2021-03-16,50.02256393432617,90.24237823486328
2021-03-17,50.242576599121094,90.56934356689453
2021-03-18,48.07615661621094,87.29130554199219
2021-03-19,47.80534744262695,86.67090606689453
2021-03-22,47.31450653076172,85.9666748046875
2021-03-23,46.73060607910156,85.48880004882812
2021-03-24,47.678409576416016,87.7775650024414
2021-03-25,47.542999267578125,88.0877456665039
2021-03-26,48.837791442871094,90.10823059082031
2021-03-29,48.575443267822266,89.63874053955078
2021-03-30,47.97460174560547,88.80875396728516
2021-03-31,47.24681854248047,87.85301971435547
2021-04-01,48.566986083984375,88.65785217285156
2021-04-05,47.813812255859375,87.61827087402344
2021-04-06,47.678409576416016,86.83859252929688
2021-04-07,47.88998031616211,87.35000610351562
2021-04-08,47.390682220458984,86.36909484863281
2021-04-09,47.28066635131836,86.2852554321289
2021-04-12,46.96754837036133,85.32951354980469
2021-04-13,47.14527130126953,85.71516418457031
2021-04-14,48.50775146484375,87.41705322265625
2021-04-15,48.22001647949219,86.70443725585938
2021-04-16,47.949214935302734,86.31878662109375
2021-04-19,47.7968864440918,86.57030487060547
2021-04-20,46.789833068847656,84.95223999023438
2021-04-21,47.390682220458984,86.1259536743164
2021-04-22,46.772911071777344,84.63368225097656
2021-04-23,47.02678680419922,85.1366958618164
2021-04-26,47.11988067626953,85.11154174804688
2021-04-27,47.737648010253906,86.1008071899414
2021-04-28,49.17629623413086,88.21351623535156
2021-04-29,49.878684997558594,89.62198638916016
2021-04-30,48.44004821777344,86.4110107421875
2021-05-03,49.77713394165039,88.4734115600586
2021-05-04,50.09025192260742,88.95966339111328
2021-05-05,51.59659957885742,91.34902954101562
2021-05-06,52.087432861328125,91.39933013916016
2021-05-07,52.8321418762207,92.2376937866211
2021-05-10,52.95909118652344,91.86042785644531
2021-05-11,51.2750244140625,89.45431518554688
2021-05-12,51.54977798461914,90.01599884033203
2021-05-13,50.91442108154297,89.43753814697266
2021-05-14,52.17654037475586,91.7765884399414
2021-05-17,53.3957405090332,92.9000015258789
2021-05-18,51.88462829589844,90.10800170898438
2021-05-19,50.63966751098633,87.57906341552734
2021-05-20,50.519466400146484,87.88456726074219
2021-05-21,50.5881462097168,88.35981750488281
2021-05-24,51.180580139160156,89.61578369140625
2021-05-25,50.02147674560547,88.14766693115234
2021-05-26,50.60531997680664,88.35981750488281
2021-05-27,50.27906036376953,87.41783142089844
2021-05-28,50.11592102050781,88.07976531982422
2021-06-01,51.91037368774414,90.50686645507812
2021-06-02,52.32250213623047,91.72039794921875
2021-06-03,52.52857208251953,91.30458068847656
2021-06-04,52.7603874206543,92.0344009399414
2021-06-07,52.41695022583008,91.44034576416016
2021-06-08,53.3442268371582,92.27202606201172
2021-06-09,53.79069519042969,91.46582794189453
2021-06-10,53.876548767089844,92.00047302246094
2021-06-11,53.378570556640625,91.5761489868164
2021-06-14,53.2927131652832,91.6270523071289
2021-06-15,55.23312759399414,93.6043930053711
2021-06-16,55.035648345947266,93.06973266601562
2021-06-17,53.224029541015625,90.86329650878906
2021-06-18,51.8588752746582,87.4347915649414
2021-06-21,53.73918151855469,89.9976806640625
2021-06-22,54.76948928833008,90.2947006225586
2021-06-23,55.17303466796875,90.18437957763672
2021-06-24,55.39625549316406,90.92269897460938
2021-06-25,55.51646423339844,91.05847930908203
2021-06-28,54.09978103637695,88.24949645996094
2021-06-29,53.76493835449219,88.0542984008789
2021-06-30,54.159889221191406,88.8859634399414
2021-07-01,54.31443405151367,90.13347625732422
2021-07-02,54.237159729003906,90.01465606689453
2021-07-06,52.69169616699219,88.24949645996094
2021-07-07,51.86744689941406,87.34994506835938
2021-07-08,51.6356315612793,87.06989288330078
2021-07-09,52.571495056152344,88.3173828125
2021-07-12,52.51996994018555,88.49559783935547
2021-07-13,52.270992279052734,88.1985855102539
2021-07-14,51.11189270019531,86.53524780273438
2021-07-15,50.6139030456543,85.9666748046875
2021-07-16,49.21440887451172,83.69232177734375
2021-07-19,47.522979736328125,81.43496704101562
2021-07-20,48.04671859741211,81.91868591308594
2021-07-21,49.592185974121094,84.71068572998047
2021-07-22,49.03410339355469,83.86205291748047
2021-07-23,48.97400665283203,83.89599609375
2021-07-26,50.210365295410156,85.66966247558594
2021-07-27,49.65229415893555,85.38111877441406
2021-07-28,49.98713684082031,85.86483001708984
2021-07-29,50.596736907958984,87.04442596435547
2021-07-30,49.429054260253906,86.39947509765625
2021-08-02,49.43764114379883,86.24671936035156
2021-08-03,49.969974517822266,87.06989288330078
2021-08-04,48.80228805541992,85.11803436279297
2021-08-05,49.11137390136719,85.90726470947266
2021-08-06,49.67805099487305,86.51827239990234
2021-08-09,49.11137390136719,85.07561492919922
2021-08-10,49.952796936035156,86.62862396240234
2021-08-11,50.098758697509766,87.28205871582031
2021-08-12,49.985450744628906,87.10385131835938
2021-08-13,49.47993087768555,86.52677917480469
2021-08-16,48.75650405883789,85.64418029785156
2021-08-17,48.42531204223633,85.48294830322266
2021-08-18,47.40555191040039,83.1693344116211
2021-08-19,45.95872116088867,81.0965576171875
2021-08-20,45.967445373535156,81.10516357421875
2021-08-23,47.858768463134766,83.19514465332031
2021-08-24,48.25099563598633,84.14982604980469
2021-08-25,48.3381462097168,84.72608184814453
2021-08-26,47.6844596862793,83.6165771484375
2021-08-27,48.60834503173828,84.83787536621094
2021-08-30,48.0766716003418,84.62287139892578
2021-08-31,47.518856048583984,83.22953796386719
2021-09-01,46.86516571044922,82.31786346435547
2021-09-02,48.00695037841797,84.03801727294922
2021-09-03,47.82390594482422,83.84880065917969
2021-09-07,47.54500961303711,83.47897338867188
2021-09-08,47.10920715332031,82.90271759033203
2021-09-09,47.144081115722656,82.56727600097656
2021-09-10,47.04820251464844,82.62748718261719
2021-09-13,48.25970458984375,84.26165008544922
2021-09-14,47.57115936279297,82.73931884765625
2021-09-15,49.17487716674805,84.49385070800781
2021-09-16,48.651920318603516,83.70259094238281
2021-09-17,48.0766716003418,83.220947265625
2021-09-20,46.795448303222656,81.51799774169922
2021-09-21,46.75186538696289,81.57817840576172
2021-09-22,48.12025833129883,83.9778060913086
2021-09-23,49.7501220703125,86.05919647216797
2021-09-24,50.19463348388672,86.52364349365234
2021-09-27,51.6850471496582,88.56201171875
2021-09-28,52.225425720214844,88.89744567871094
2021-09-29,52.19057083129883,88.87165069580078
2021-09-30,51.26667785644531,87.25469207763672
2021-10-01,53.1057243347168,89.73171997070312
2021-10-04,53.79427719116211,90.0671615600586
2021-10-05,53.707122802734375,91.0476303100586
2021-10-06,52.72222900390625,90.24774932861328
2021-10-07,52.87040328979492,90.89283752441406
2021-10-08,54.19520950317383,92.93118286132812
2021-10-11,53.65481948852539,92.13992309570312
2021-10-12,53.37592315673828,92.15715026855469
2021-10-13,53.227752685546875,92.70758819580078
2021-10-14,54.0383186340332,93.58487701416016
2021-10-15,54.55255889892578,94.27294158935547
2021-10-18,54.52640914916992,94.22991943359375
2021-10-19,55.345699310302734,96.07047271728516
2021-10-20,55.6507568359375,97.32617950439453
2021-10-21,54.639713287353516,96.10487365722656
2021-10-22,55.01449966430664,97.01656341552734
2021-10-25,56.0865592956543,97.91963958740234
2021-10-26,57.38520812988281,98.13465881347656
2021-10-27,55.89480209350586,96.38870239257812
2021-10-28,56.05168533325195,97.29177856445312
2021-10-29,56.19114685058594,98.4700927734375
2021-11-01,57.202171325683594,98.50448608398438
2021-11-02,56.496192932128906,97.90245819091797
2021-11-03,55.720489501953125,97.19718170166016
2021-11-04,56.138851165771484,97.6272201538086
2021-11-05,56.67051315307617,98.68509674072266
2021-11-08,57.28062438964844,99.0377426147461
2021-11-09,57.83843994140625,99.76880645751953
2021-11-10,56.69899368286133,98.17765808105469
2021-11-11,56.80497741699219,98.18627166748047
2021-11-12,56.37215805053711,98.2464828491211
2021-11-15,56.85798263549805,100.47406005859375
2021-11-16,57.43212127685547,100.86969757080078
2021-11-17,56.80497741699219,100.41730499267578
2021-11-18,56.18666458129883,99.57337188720703
2021-11-19,53.58976745605469,97.36353302001953
2021-11-22,54.33173751831055,99.10356903076172
2021-11-23,55.76268005371094,101.18290710449219
2021-11-24,56.07183837890625,101.95722198486328
2021-11-26,54.10206985473633,99.62557983398438
2021-11-29,54.40240478515625,99.92137908935547
2021-11-30,52.856624603271484,98.19874572753906
2021-12-01,52.812469482421875,97.52883911132812
2021-12-02,54.12858200073242,100.17369842529297
2021-12-03,53.78410339355469,99.53858947753906
2021-12-06,54.39356994628906,101.09590148925781
2021-12-07,55.0030517578125,102.59233856201172
2021-12-08,55.16204833984375,103.05343627929688
2021-12-09,55.30337142944336,102.78373718261719
2021-12-10,55.65668487548828,102.95774841308594
2021-12-13,54.43773651123047,100.81751251220703
2021-12-14,54.35824203491211,101.1133041381836
2021-12-15,54.119754791259766,100.53910827636719
2021-12-16,54.20808410644531,101.47872161865234
2021-12-17,53.02445602416992,98.83387756347656
2021-12-20,52.25598907470703,98.87736511230469
2021-12-21,53.43960189819336,100.46080017089844
2021-12-22,53.87242889404297,101.0350112915039
2021-12-23,53.898929595947266,101.27864074707031
2021-12-27,54.667388916015625,103.34925842285156
2021-12-28,54.49073791503906,103.14913940429688
2021-12-29,54.013755798339844,102.61843872070312
2021-12-30,53.69576644897461,102.1660385131836
2021-12-31,54.04907989501953,102.096435546875
2022-01-03,56.12484359741211,103.7581558227539
2022-01-04,58.23592758178711,105.64610290527344
2022-01-05,58.96023178100586,106.33340454101562
2022-01-06,60.347015380859375,107.23822021484375
2022-01-07,60.84164810180664,108.77815246582031
2022-01-10,60.47950744628906,108.8477554321289
2022-01-11,63.02340316772461,111.33601379394531
2022-01-12,62.83791732788086,110.77920532226562
2022-01-13,62.387413024902344,110.31809997558594
2022-01-14,63.48271942138672,112.19731903076172
2022-01-18,64.55150604248047,112.56273651123047
2022-01-19,64.57801055908203,112.15382385253906
2022-01-20,64.71935272216797,111.75360870361328
2022-01-21,63.74771499633789,110.41378784179688
2022-01-24,64.29536437988281,110.64869689941406
2022-01-25,66.18562316894531,115.35546875
2022-01-26,65.51429748535156,115.44247436523438
2022-01-27,66.35345458984375,117.77410888671875
2022-01-28,66.49476623535156,113.63284301757812
2022-01-31,67.09541320800781,114.2592544555664
2022-02-01,71.39708709716797,117.26950073242188
2022-02-02,71.21160125732422,117.80892181396484
2022-02-03,70.38129425048828,116.75621032714844
2022-02-04,71.90940856933594,118.21782684326172
2022-02-07,72.77503204345703,120.54077911376953
2022-02-08,70.89359283447266,118.70502471923828
2022-02-09,70.55422973632812,119.87954711914062
2022-02-10,69.87548828125,118.35700225830078
2022-02-11,71.63487243652344,120.7669677734375
2022-02-14,70.53638458251953,118.9051513671875
2022-02-15,69.6521987915039,118.03475952148438
2022-02-16,69.97372436523438,118.0699462890625
2022-02-17,69.8665542602539,117.46331787109375
2022-02-18,69.08956146240234,117.29630279541016
2022-02-22,68.28577423095703,116.39958190917969
2022-02-23,68.5626220703125,119.16888427734375
2022-02-24,67.69633483886719,118.553466796875
2022-02-25,69.51825714111328,123.4151840209961
2022-02-28,70.0362319946289,126.59772491455078
2022-03-01,70.7060775756836,131.62646484375
2022-03-02,71.920654296875,135.5122833251953
2022-03-03,72.37612915039062,137.3409423828125
2022-03-04,75.10006713867188,139.47726440429688
2022-03-07,77.8061294555664,142.4575958251953
2022-03-08,78.39556121826172,149.92160034179688
2022-03-09,73.93905639648438,146.17640686035156
2022-03-10,76.23429107666016,150.17654418945312
2022-03-11,75.8413314819336,150.2468719482422
2022-03-14,73.12632751464844,146.572021484375
2022-03-15,68.96452331542969,139.1519775390625
2022-03-16,68.70552825927734,138.65090942382812
2022-03-17,70.53638458251953,141.0509490966797
2022-03-18,70.2594985961914,142.18505859375
2022-03-21,73.41211700439453,144.74339294433594
2022-03-22,73.09060668945312,144.25985717773438
2022-03-23,74.24268341064453,145.81593322753906
2022-03-24,74.46597290039062,146.20278930664062
2022-03-25,76.09140014648438,148.84901428222656
2022-03-28,73.95690155029297,146.2467498779297
2022-03-29,73.56395721435547,144.46205139160156
2022-03-30,74.8232192993164,145.48187255859375
2022-03-31,73.76042175292969,143.1521453857422
2022-04-01,74.23375701904297,144.3741455078125
2022-04-04,74.26950073242188,144.50601196289062
2022-04-05,73.88545989990234,143.6180877685547
2022-04-06,74.70710754394531,144.89285278320312
2022-04-07,75.95743560791016,146.9061279296875
2022-04-08,77.5560531616211,149.3940887451172
2022-04-11,74.88572692871094,145.55221557617188
2022-04-12,76.4486312866211,148.58529663085938
2022-04-13,77.52928161621094,150.92381286621094
2022-04-14,78.44023132324219,150.8534698486328
2022-04-18,79.08325958251953,152.87554931640625
2022-04-19,78.37770080566406,151.0644989013672
2022-04-20,78.55632781982422,151.6798858642578
2022-04-21,77.72576141357422,144.69064331054688
2022-04-22,76.02889251708984,141.49929809570312
2022-04-25,73.4656982421875,138.45745849609375
2022-04-26,73.49250793457031,137.61346435546875
2022-04-27,75.59127044677734,137.3585205078125
2022-04-28,77.87757873535156,142.23782348632812
2022-04-29,76.13605499267578,137.73655700683594
2022-05-02,77.17204284667969,140.44436645507812
2022-05-03,78.7617416381836,142.8531951904297
2022-05-04,81.896484375,147.33689880371094
2022-05-05,80.65509033203125,146.16761779785156
2022-05-06,81.88756561279297,150.06224060058594
2022-05-09,75.4305191040039,140.0047607421875
2022-05-10,75.93063354492188,141.34983825683594
2022-05-11,77.51141357421875,143.4422607421875
2022-05-12,77.86328125,144.804931640625
2022-05-13,80.17302703857422,147.58303833007812
2022-05-16,82.05870056152344,152.1018829345703
2022-05-17,83.10530090332031,152.9986114501953
2022-05-18,81.78803253173828,148.96556091308594
2022-05-19,82.2301254272461,147.9019012451172
2022-05-20,82.8797378540039,148.75283813476562
2022-05-23,84.7112808227539,152.209716796875
2022-05-24,85.17144012451172,153.02520751953125
2022-05-25,86.88568878173828,155.48048400878906
2022-05-26,87.19245147705078,156.52639770507812
2022-05-27,88.049560546875,158.02439880371094
2022-05-31,86.61500549316406,154.815673828125
2022-06-01,88.27513885498047,156.28709411621094
2022-06-02,88.12174987792969,156.0034637451172
2022-06-03,89.40293884277344,157.42166137695312
2022-06-06,89.1773681640625,156.73915100097656
2022-06-07,93.26451873779297,159.7262420654297
2022-06-08,94.36524200439453,160.5505828857422
2022-06-09,92.3261947631836,157.3507537841797
2022-06-10,90.63899993896484,155.4716339111328
2022-06-13,86.47968292236328,148.31851196289062
2022-06-14,86.7052230834961,148.51351928710938
2022-06-15,85.61351776123047,145.59730529785156
2022-06-16,82.4556884765625,137.8148651123047
2022-06-17,77.70088958740234,131.5215606689453
2022-06-21,82.53688049316406,137.0260009765625
2022-06-22,79.2707748413086,131.06951904296875
2022-06-23,76.87985229492188,126.24757385253906
2022-06-24,78.40462493896484,128.32171630859375
2022-06-27,80.32640075683594,130.8035888671875
2022-06-28,82.55494689941406,132.90431213378906
2022-06-29,79.50537109375,130.2805938720703
2022-06-30,77.26780700683594,128.33055114746094
2022-07-01,78.99109649658203,129.864013671875
2022-07-05,76.51895141601562,126.4514389038086
2022-07-06,75.13851928710938,124.7850341796875
2022-07-07,77.53849029541016,127.2137222290039
2022-07-08,77.664794921875,126.5489501953125
2022-07-11,77.26780700683594,125.43209838867188
2022-07-12,76.23925018310547,123.1363525390625
2022-07-13,76.54601287841797,122.31201171875
2022-07-14,75.01220703125,120.49493408203125
2022-07-15,76.27534484863281,122.0106430053711
2022-07-18,77.68282318115234,123.72135162353516
2022-07-19,79.64068603515625,128.17990112304688
2022-07-20,80.51586151123047,129.87289428710938
2022-07-21,79.17153930664062,128.88011169433594
2022-07-22,78.56703186035156,127.80762481689453
2022-07-25,81.18353271484375,131.6102294921875
2022-07-26,80.86774444580078,130.58200073242188
2022-07-27,82.61810302734375,132.30157470703125
2022-07-28,83.58348846435547,133.3031768798828
2022-07-29,87.45409393310547,145.17184448242188
2022-08-01,85.24360656738281,142.2733612060547
2022-08-02,84.87368774414062,141.0590362548828
2022-08-03,82.12185668945312,137.70848083496094
2022-08-04,78.6662826538086,133.96798706054688
2022-08-05,79.8031005859375,136.18394470214844
2022-08-08,80.25422668457031,135.98004150390625
2022-08-09,81.73389434814453,137.75282287597656
2022-08-10,82.50981903076172,138.1162567138672
2022-08-11,84.89665985107422,141.48451232910156
2022-08-12,85.63457489013672,141.6883544921875
2022-08-15,84.10408020019531,138.99374389648438
2022-08-16,83.32062530517578,138.6392059326172
2022-08-17,83.99476623535156,139.78262329101562
2022-08-18,85.98075103759766,142.23341369628906
2022-08-19,85.70744323730469,141.04380798339844
2022-08-22,85.64369201660156,140.3372039794922
2022-08-23,89.27859497070312,144.889892578125
2022-08-24,89.80697631835938,145.96322631835938
2022-08-25,90.27159881591797,147.24221801757812
2022-08-26,89.16016387939453,146.1599578857422
2022-08-29,91.20993041992188,147.25119018554688
2022-08-30,87.7389907836914,143.6644744873047
2022-08-31,87.08306121826172,141.374755859375
2022-09-01,85.51614379882812,139.12075805664062
2022-09-02,87.08306121826172,141.1868896484375
2022-09-06,86.50003814697266,140.5339813232422
2022-09-07,85.7621078491211,138.73614501953125
2022-09-08,86.46359252929688,139.48745727539062
2022-09-09,87.9120864868164,143.08309936523438
2022-09-12,88.92330169677734,145.34600830078125
2022-09-13,86.84619903564453,142.58224487304688
2022-09-14,88.97795867919922,146.03477478027344
2022-09-15,86.39070892333984,143.6644744873047
2022-09-16,84.91487884521484,139.93467712402344
2022-09-19,84.90576171875,140.3372039794922
2022-09-20,84.2134017944336,139.78262329101562
2022-09-21,82.85600280761719,138.6466827392578
2022-09-22,82.50982666015625,138.53936767578125
2022-09-23,78.1187744140625,129.4876708984375
2022-09-26,76.50629425048828,126.07987976074219
2022-09-27,78.10966491699219,126.13352966308594
2022-09-28,80.9520034790039,130.3910369873047
2022-09-29,80.78801727294922,129.4876708984375
2022-09-30,79.53993225097656,128.5037841796875
2022-10-03,83.73967742919922,135.71290588378906
2022-10-04,86.79155731201172,140.99014282226562
2022-10-05,90.2989273071289,141.7951202392578
2022-10-06,92.97727966308594,144.38003540039062
2022-10-07,92.03894805908203,143.1367645263672
2022-10-10,90.04383850097656,140.55184936523438
2022-10-11,89.27859497070312,140.5786895751953
2022-10-12,89.67032623291016,140.9990692138672
2022-10-13,92.80419921875,147.83258056640625
2022-10-14,90.36271667480469,143.23513793945312
2022-10-17,91.66542053222656,144.28163146972656
2022-10-18,91.82942962646484,145.54281616210938
2022-10-19,94.5533218383789,150.26544189453125
2022-10-20,94.68086242675781,151.1240692138672
2022-10-21,96.4391098022461,154.90756225585938
2022-10-24,97.11324310302734,154.8538818359375
2022-10-25,96.45732879638672,156.46389770507812
2022-10-26,97.60519409179688,158.3958740234375
2022-10-27,97.97869873046875,159.12034606933594
2022-10-28,100.84838104248047,160.98077392578125
2022-10-31,100.9485855102539,161.80368041992188
2022-11-01,101.95069885253906,162.98434448242188
2022-11-02,99.8553695678711,159.6570281982422
2022-11-03,101.21277618408203,162.0093994140625
2022-11-04,102.31510162353516,164.05767822265625
2022-11-07,103.52674102783203,166.0164794921875
2022-11-08,103.85469818115234,165.7749786376953
2022-11-09,99.20857238769531,159.14720153808594
2022-11-10,100.66618347167969,162.1614532470703
2022-11-11,103.80915069580078,166.77674865722656
2022-11-14,104.11219787597656,166.8572540283203
2022-11-15,104.81013488769531,168.1988983154297
2022-11-16,103.68975830078125,165.4619140625
2022-11-17,103.82750701904297,165.9306182861328
2022-11-18,102.92753601074219,164.93914794921875
2022-11-21,101.90817260742188,163.36175537109375
2022-11-22,104.85604858398438,167.55307006835938
2022-11-23,104.33258819580078,166.06585693359375
2022-11-25,103.96527099609375,165.57908630371094
2022-11-28,100.84291076660156,160.765869140625
2022-11-29,101.51329803466797,163.1724853515625
2022-11-30,102.24795532226562,165.2275390625
2022-12-01,101.75206756591797,164.48846435546875
2022-12-02,100.88882446289062,163.1724853515625
2022-12-05,98.12461853027344,159.14341735839844
2022-12-06,95.39714813232422,155.042236328125
2022-12-07,95.18592834472656,155.50193786621094
2022-12-08,95.89305114746094,156.42132568359375
2022-12-09,95.08491516113281,151.4278106689453
2022-12-12,97.42668914794922,153.00518798828125
2022-12-13,98.49195098876953,156.41229248046875
2022-12-14,97.76646423339844,155.33065795898438
2022-12-15,96.82975769042969,154.1679229736328
2022-12-16,96.15017700195312,152.07681274414062
2022-12-19,96.58180236816406,153.1223602294922
2022-12-20,97.97767639160156,155.63714599609375
2022-12-21,99.23580169677734,157.46690368652344
2022-12-22,97.23383331298828,155.10533142089844
2022-12-23,99.80517578125,159.9005584716797
2022-12-27,101.19188690185547,161.91058349609375
2022-12-28,99.52967071533203,159.52198791503906
2022-12-29,100.28271484375,160.7297821044922
2022-12-30,101.29289245605469,161.78439331054688
2023-01-03,97.81239318847656,156.82693481445312
2023-01-04,98.09706115722656,155.15940856933594
2023-01-05,100.29190063476562,157.95362854003906
2023-01-06,101.50410461425781,159.14341735839844
2023-01-09,99.61233520507812,157.8995361328125
2023-01-10,101.10004425048828,158.67469787597656
2023-01-11,102.27552032470703,157.91757202148438
2023-01-12,103.97445678710938,159.6121368408203
2023-01-13,103.91016387939453,160.04478454589844
2023-01-17,103.7081298828125,162.68577575683594
2023-01-18,101.57759094238281,159.74732971191406
2023-01-19,102.22959899902344,161.3427276611328
2023-01-20,104.09383392333984,163.0552978515625
2023-01-23,103.55200958251953,162.83900451660156
2023-01-24,104.51626586914062,162.99220275878906
2023-01-25,103.96527099609375,161.41485595703125
2023-01-26,108.14372253417969,169.26564025878906
2023-01-27,106.16926574707031,161.7483367919922
2023-01-30,104.28668212890625,157.01622009277344
2023-01-31,106.53660583496094,156.8539581298828
2023-02-01,105.37031555175781,154.4563446044922
2023-02-02,102.07347869873047,152.3381805419922
2023-02-03,102.78060913085938,152.73477172851562
2023-02-06,102.60612487792969,152.9060516357422
2023-02-07,105.53562927246094,156.9170684814453
2023-02-08,104.6172866821289,153.2305145263672
2023-02-09,105.01217651367188,151.8244171142578
2023-02-10,109.43856811523438,155.0061798095703
2023-02-13,109.01287078857422,154.14088439941406
2023-02-14,107.73580932617188,155.32167053222656
2023-02-15,107.41192626953125,153.6848907470703
2023-02-16,107.0972900390625,151.46615600585938
2023-02-17,102.9792251586914,148.0834503173828
2023-02-21,102.87743377685547,146.40118408203125
2023-02-22,101.54485321044922,145.81015014648438
2023-02-23,102.4795150756836,147.24685668945312
2023-02-24,102.48876953125,147.68333435058594
2023-02-27,102.3036880493164,148.05616760253906
2023-02-28,101.71142578125,146.1920623779297
2023-03-01,102.61831665039062,147.35598754882812
2023-03-02,103.09028625488281,147.8197479248047
2023-03-03,104.39510345458984,150.0021514892578
2023-03-06,105.32051086425781,151.1024169921875
2023-03-07,103.28461456298828,149.15646362304688
2023-03-08,101.77620697021484,148.2107696533203
2023-03-09,100.98959350585938,145.95562744140625
2023-03-10,99.74031066894531,145.19180297851562
2023-03-13,98.59280395507812,144.31886291503906
2023-03-14,98.96297454833984,146.18296813964844
2023-03-15,94.03981018066406,139.8540496826172
2023-03-16,93.49380493164062,140.29962158203125
2023-03-17,92.39257049560547,138.52642822265625
2023-03-20,94.8078842163086,140.5633087158203
2023-03-21,99.05550384521484,144.8644561767578
2023-03-22,96.78825378417969,141.91824340820312
2023-03-23,95.69628143310547,140.5087890625
2023-03-24,95.80733489990234,141.90911865234375
2023-03-27,97.90800476074219,143.3549346923828
2023-03-28,99.1295394897461,145.02810668945312
2023-03-29,100.83229064941406,146.27389526367188
2023-03-30,101.32273864746094,147.6651611328125
2023-03-31,101.4800796508789,148.36534118652344
2023-04-03,107.46744537353516,154.5396270751953
2023-04-04,106.44025421142578,153.712158203125
2023-04-05,108.2633056640625,154.47598266601562
2023-04-06,106.46800994873047,152.44821166992188
2023-04-10,105.99605560302734,153.03018188476562
2023-04-11,106.7456283569336,153.87583923339844
2023-04-12,106.63459014892578,154.42144775390625
2023-04-13,107.13430786132812,156.48558044433594
2023-04-14,107.39342498779297,156.80384826660156
2023-04-17,106.14411163330078,155.42169189453125
2023-04-18,108.21703338623047,155.05795288085938
2023-04-19,107.87461853027344,155.20346069335938
2023-04-20,107.01400756835938,154.44871520996094
2023-04-21,107.35639190673828,153.78489685058594
2023-04-24,109.3830337524414,155.930908203125
2023-04-25,107.828369140625,153.66668701171875
2023-04-26,106.83817291259766,150.9296417236328
2023-04-27,108.11522674560547,151.8116912841797
2023-04-28,109.5125961303711,153.29388427734375
2023-05-01,106.1163558959961,152.07540893554688
2023-05-02,101.88724517822266,145.52822875976562
2023-05-03,99.87911987304688,142.6093292236328
2023-05-04,98.13009643554688,142.05462646484375
2023-05-05,100.57318115234375,145.68284606933594
2023-05-08,100.97110748291016,145.10995483398438
2023-05-09,100.99884796142578,144.69166564941406
2023-05-10,99.70328521728516,142.84573364257812
2023-05-11,97.89875030517578,142.05462646484375
2023-05-12,97.88948059082031,142.41836547851562
2023-05-15,98.07617950439453,142.9457550048828
2023-05-16,95.6958999633789,139.59034729003906
2023-05-17,97.84281158447266,141.59088134765625
2023-05-18,98.72957611083984,141.4163818359375
2023-05-19,99.18697357177734,142.53665161132812
2023-05-22,97.98283386230469,139.97479248046875
2023-05-23,99.31764221191406,144.02418518066406
2023-05-24,100.42843627929688,144.40985107421875
2023-05-25,98.62690734863281,141.92141723632812
2023-05-26,97.98283386230469,141.48068237304688
2023-05-30,97.11474609375,140.59918212890625
2023-05-31,95.3785400390625,138.30361938476562
2023-06-01,96.4800033569336,139.7176971435547
2023-06-02,98.72025299072266,143.48240661621094
2023-06-05,98.28153991699219,142.7937469482422
2023-06-06,99.08428192138672,143.0508575439453
2023-06-07,101.30586242675781,146.76048278808594
2023-06-08,100.9885025024414,146.21875
2023-06-09,100.24176025390625,145.86981201171875
2023-06-12,99.33631896972656,144.46493530273438
2023-06-13,99.35499572753906,145.54843139648438
2023-06-14,98.16018676757812,144.24453735351562
2023-06-15,98.84159851074219,145.33721923828125
2023-06-16,98.13218688964844,144.400634765625
2023-06-20,95.88261413574219,141.11337280273438
2023-06-21,96.9560546875,142.21530151367188
2023-06-22,96.42400360107422,140.1584014892578
2023-06-23,95.58390808105469,138.97390747070312
2023-06-26,97.34809112548828,141.4163818359375
2023-06-27,97.59080505371094,140.97564697265625
2023-06-28,98.38420867919922,142.25198364257812
2023-06-29,99.59767150878906,143.4640655517578
2023-06-30,100.1110610961914,144.48329162597656
2023-07-03,100.30708312988281,144.35475158691406
2023-07-05,99.79370880126953,143.52830505371094
2023-07-06,96.06929016113281,140.37879943847656
2023-07-07,96.29331970214844,141.60922241210938
2023-07-10,97.72147369384766,142.5550079345703
2023-07-11,98.9162826538086,145.19033813476562
2023-07-12,99.40164947509766,146.58602905273438
2023-07-13,97.58145904541016,144.63021850585938
2023-07-14,94.22108459472656,141.0215606689453
2023-07-17,94.63180541992188,140.89300537109375
2023-07-18,94.20240783691406,141.17767333984375
2023-07-19,94.8558349609375,142.0408172607422
2023-07-20,96.52667236328125,143.61093139648438
2023-07-21,96.97473907470703,145.71371459960938
2023-07-24,98.4962158203125,148.5877685546875
2023-07-25,98.64557647705078,149.2672576904297
2023-07-26,98.09484100341797,148.1470489501953
2023-07-27,98.40287780761719,146.60440063476562
2023-07-28,97.22674560546875,145.87899780273438
2023-07-31,100.10174560546875,150.2772979736328
2023-08-01,99.52300262451172,149.0285186767578
2023-08-02,98.28153991699219,146.66868591308594
2023-08-03,99.98973083496094,146.6135711669922
2023-08-04,100.26976013183594,146.28302001953125
2023-08-07,100.06439208984375,146.81558227539062
2023-08-08,100.55912780761719,146.59521484375
2023-08-09,102.2673110961914,146.78802490234375
2023-08-10,102.7900390625,147.67872619628906
2023-08-11,104.3862075805664,150.72723388671875
2023-08-14,104.47022247314453,150.6170654296875
2023-08-15,101.78811645507812,146.21875
2023-08-16,100.07532501220703,145.6586456298828
2023-08-17,102.01398468017578,148.09678649902344
2023-08-18,103.55736541748047,149.16287231445312
2023-08-21,102.30570983886719,148.6622772216797
2023-08-22,101.73164367675781,147.43853759765625
2023-08-23,100.8376235961914,147.6332550048828
2023-08-24,100.08474731445312,146.41879272460938
2023-08-25,101.87281036376953,147.51272583007812
2023-08-28,102.72920989990234,148.52320861816406
2023-08-29,103.34090423583984,148.29144287109375
2023-08-30,104.3478775024414,148.49537658691406
2023-08-31,104.63961029052734,149.3483123779297
2023-09-01,106.83234405517578,152.31488037109375
2023-09-05,106.84175109863281,154.31732177734375
2023-09-06,107.76403045654297,154.4748992919922
2023-09-07,107.23700714111328,154.48419189453125
2023-09-08,108.79923248291016,155.01258850097656
2023-09-11,107.43466186523438,151.8142547607422
2023-09-12,110.5684585571289,154.6417694091797
2023-09-13,109.58032989501953,154.07627868652344
2023-09-14,111.53778076171875,155.03111267089844
2023-09-15,109.82500457763672,154.35440063476562
2023-09-18,110.7096176147461,155.02186584472656
2023-09-19,110.41788482666016,155.00332641601562
2023-09-20,109.54268646240234,154.53053283691406
2023-09-21,107.99930572509766,153.1399383544922
2023-09-22,108.16869354248047,154.15042114257812
2023-09-25,109.38269805908203,156.40316772460938
2023-09-26,109.5521011352539,155.5595703125
2023-09-27,113.11881256103516,158.56320190429688
2023-09-28,112.43181610107422,158.14602661132812
2023-09-29,110.65316009521484,156.31973266601562
2023-10-02,108.81803894042969,154.39146423339844
2023-10-03,109.00626373291016,154.7530059814453
2023-10-04,104.93135070800781,151.1467742919922
2023-10-05,102.5692138671875,151.94403076171875
2023-10-06,100.85643005371094,150.39584350585938
2023-10-09,104.38551330566406,154.55833435058594
2023-10-10,103.94319915771484,154.39146423339844
2023-10-11,100.21648406982422,149.3483123779297
2023-10-12,100.19769287109375,149.4687957763672
2023-10-13,103.39738464355469,152.09237670898438
2023-10-16,103.47265625,153.3346405029297
2023-10-17,104.82781982421875,155.36488342285156
2023-10-18,106.29592895507812,156.5978546142578
2023-10-19,106.36180877685547,156.76470947265625
2023-10-20,104.53610229492188,154.66030883789062
2023-10-23,103.00210571289062,148.95889282226562
2023-10-24,102.00457000732422,145.22288513183594
2023-10-25,102.19277954101562,144.4998016357422
2023-10-26,101.26110076904297,143.4615020751953
2023-10-27,99.33187103271484,133.8201446533203
2023-10-30,99.6424331665039,135.43321228027344
2023-10-31,99.61419677734375,135.09950256347656
2023-11-01,99.41656494140625,133.4771270751953
2023-11-02,102.6821517944336,137.90846252441406
2023-11-03,101.43050384521484,136.84234619140625
2023-11-06,99.6330337524414,136.27684020996094
2023-11-07,98.07080841064453,133.87579345703125
2023-11-08,96.86622619628906,132.0124053955078
2023-11-09,96.89445495605469,131.58595275878906
2023-11-10,97.6379165649414,132.52227783203125
2023-11-13,98.6636962890625,133.4956817626953
2023-11-14,99.04357147216797,134.46910095214844
2023-11-15,98.44528198242188,134.94189453125
2023-11-16,97.30563354492188,132.80606079101562
2023-11-17,99.67987823486328,135.32595825195312
2023-11-20,99.2430191040039,135.2510223388672
2023-11-21,99.20503234863281,134.93251037597656
2023-11-22,98.77767181396484,135.2041778564453
2023-11-24,99.30949401855469,135.73812866210938
2023-11-27,98.73018646240234,135.2322998046875
2023-11-28,98.67320251464844,136.3095703125
2023-11-29,97.19166564941406,134.8107452392578
2023-11-30,97.57154846191406,134.52035522460938
2023-12-01,97.8089828491211,135.65382385253906
2023-12-04,97.27714538574219,135.7100372314453
2023-12-05,95.38726806640625,133.82711791992188
2023-12-06,94.1241683959961,133.5179901123047
2023-12-07,93.46887969970703,133.41494750976562
2023-12-08,94.54203796386719,135.1854248046875
2023-12-11,94.60851287841797,135.22291564941406
2023-12-12,93.11749267578125,133.48988342285156
2023-12-13,93.9437255859375,135.4664764404297
2023-12-14,96.46990203857422,140.45008850097656
2023-12-15,95.82412719726562,139.90676879882812
2023-12-18,96.53639221191406,140.21591186523438
2023-12-19,97.8089828491211,142.05197143554688
2023-12-20,96.1755142211914,140.74986267089844
2023-12-21,96.61235809326172,141.18080139160156
2023-12-22,96.78331756591797,141.49928283691406
2023-12-26,97.00173950195312,142.77330017089844
2023-12-27,96.54589080810547,142.30491638183594
2023-12-28,95.14984130859375,140.3002166748047
2023-12-29,94.9504165649414,139.72877502441406
2024-01-02,97.21067810058594,140.02854919433594
2024-01-03,98.02742004394531,142.6983642578125
2024-01-04,97.17267608642578,141.13394165039062
2024-01-05,97.46709442138672,140.89036560058594
2024-01-08,95.84310913085938,140.04730224609375
2024-01-09,94.65599060058594,136.48756408691406
2024-01-10,93.72529602050781,135.3634033203125
2024-01-11,93.706298828125,136.0941162109375
2024-01-12,94.92191314697266,137.9582977294922
2024-01-16,92.77560424804688,134.60462951660156
2024-01-17,92.101318359375,134.07069396972656
2024-01-18,91.93037414550781,132.85287475585938
2024-01-19,92.07282257080078,133.246337890625
2024-01-22,91.9493637084961,133.4805145263672
2024-01-23,92.98454284667969,133.1057891845703
2024-01-24,94.58951568603516,135.75686645507812
2024-01-25,96.99224090576172,139.1761016845703
2024-01-26,97.81847381591797,139.7100372314453
2024-01-29,97.94194030761719,139.65383911132812
2024-01-30,99.57540893554688,140.62808227539062
2024-01-31,97.63802337646484,138.108154296875
2024-02-01,97.2391586303711,138.5390625
2024-02-02,96.84029388427734,142.61402893066406
2024-02-05,96.44141387939453,142.6983642578125
2024-02-06,97.10620880126953,142.7170867919922
2024-02-07,97.07772064208984,142.51100158691406
2024-02-08,98.73968505859375,144.31895446777344
2024-02-09,96.65035247802734,141.4899139404297
2024-02-12,97.97992706298828,142.4641571044922
2024-02-13,97.13642120361328,141.07772827148438
2024-02-14,96.65715789794922,141.4617919921875
2024-02-15,99.42729949951172,146.2725372314453
2024-02-16,99.42729949951172,146.4335174560547
2024-02-20,98.48794555664062,145.8369140625
2024-02-21,100.50082397460938,147.20057678222656
2024-02-22,100.4145736694336,147.19110107421875
2024-02-23,99.53271484375,146.46192932128906
2024-02-26,99.92572021484375,146.2630615234375
2024-02-27,99.71484375,144.09446716308594
2024-02-28,99.99281311035156,144.264892578125
2024-02-29,100.18451690673828,143.95237731933594
2024-03-01,101.44976806640625,144.70999145507812
2024-03-04,100.03115844726562,140.9883270263672
2024-03-05,101.25804901123047,141.66067504882812
2024-03-06,102.34117889404297,140.46746826171875
2024-03-07,102.91630554199219,141.4523468017578
2024-03-08,103.8843994140625,141.93531799316406
2024-03-11,104.49785614013672,143.9429473876953
2024-03-12,103.82689666748047,143.83877563476562
2024-03-13,104.98670196533203,145.73272705078125
2024-03-14,106.84623718261719,147.4468231201172
2024-03-15,106.65452575683594,147.3047637939453
2024-03-18,107.64181518554688,147.17218017578125
2024-03-19,108.39904022216797,148.3180389404297
2024-03-20,108.30318450927734,146.35777282714844
2024-03-21,108.78244018554688,146.65133666992188
2024-03-22,108.78244018554688,146.46192932128906
2024-03-25,109.89432525634766,148.1759796142578
2024-03-26,109.07000732421875,147.0395965576172
2024-03-27,110.2010498046875,148.06236267089844
2024-03-28,111.41837310791016,149.378662109375
2024-04-01,112.13726043701172,150.6476287841797
2024-04-02,114.332275390625,151.31053161621094
2024-04-03,114.35145568847656,151.935546875
2024-04-04,114.7540283203125,152.1722869873047
2024-04-05,116.33558654785156,153.0340576171875
2024-04-08,115.54959869384766,152.7215576171875
2024-04-09,116.1534652709961,153.41287231445312
2024-04-10,117.13114929199219,154.04733276367188
2024-04-11,116.7381591796875,153.3086700439453
2024-04-12,115.37705993652344,150.53402709960938
2024-04-15,114.7156753540039,149.2366180419922
2024-04-16,113.76675415039062,147.99606323242188
2024-04-17,113.70923614501953,148.1096954345703
2024-04-18,113.60379028320312,149.21768188476562
2024-04-19,114.90738677978516,151.5188751220703
2024-04-22,115.55917358398438,153.33709716796875
2024-04-23,116.00968170166016,154.2178192138672
2024-04-24,116.02886199951172,154.89964294433594
2024-04-25,116.29723358154297,156.5189971923828
2024-04-26,113.06703186035156,157.09666442871094
2024-04-29,114.6773452758789,157.51333618164062
2024-04-30,113.36417388916016,152.7215576171875
2024-05-01,111.21707916259766,151.16848754882812
2024-05-02,111.41837310791016,152.21017456054688
2024-05-03,111.1883316040039,151.75563049316406
2024-05-06,111.90721893310547,153.69696044921875
2024-05-07,111.35127258300781,154.04733276367188
2024-05-08,111.33210754394531,153.9242401123047
2024-05-09,113.5271224975586,156.67999267578125
2024-05-10,113.06703186035156,157.03036499023438
2024-05-13,113.01910400390625,155.8087615966797
2024-05-14,113.70518493652344,154.93751525878906
2024-05-15,114.58451843261719,154.40719604492188
2024-05-16,113.8984375,154.09152221679688
2024-05-17,115.60880279541016,155.6029052734375
2024-05-20,114.6714859008789,154.13937377929688
2024-05-21,113.87911224365234,153.02020263671875
2024-05-22,111.58898162841797,150.72447204589844
2024-05-23,109.68534851074219,150.12184143066406
2024-05-24,109.59837341308594,150.8966522216797
2024-05-28,110.9898681640625,152.13059997558594
2024-05-29,109.80130004882812,150.08355712890625
2024-05-30,110.149169921875,151.3844757080078
2024-05-31,113.30899810791016,155.24896240234375
2024-06-03,110.59367370605469,150.61924743652344
2024-06-04,108.87364959716797,149.3470458984375
2024-06-05,109.3084945678711,148.24697875976562
2024-06-06,110.12985229492188,149.15570068359375
2024-06-07,108.95095825195312,149.2991943359375
2024-06-10,109.26982879638672,149.93052673339844
2024-06-11,108.3905029296875,149.69140625
2024-06-12,107.19227600097656,147.52000427246094
2024-06-13,106.33226776123047,146.199951171875
2024-06-14,105.43360137939453,145.9416961669922
2024-06-17,104.70887756347656,146.53475952148438
2024-06-18,105.69450378417969,146.66868591308594
2024-06-20,107.97498321533203,149.83486938476562
2024-06-21,107.02801513671875,148.53395080566406
2024-06-24,110.20716094970703,152.3888702392578
2024-06-25,110.51637268066406,151.57582092285156
2024-06-26,110.5550308227539,149.17483520507812
2024-06-27,111.02851104736328,149.52879333496094
2024-06-28,111.24110412597656,149.62442016601562
2024-07-01,111.08648681640625,149.7200927734375
2024-07-02,110.332763671875,149.94007873535156
2024-07-03,110.89323425292969,149.90182495117188
2024-07-05,109.55006408691406,147.60609436035156
2024-07-08,108.40016174316406,147.62522888183594
2024-07-09,107.20193481445312,146.33387756347656
2024-07-10,108.14892578125,148.39047241210938
2024-07-11,109.43411254882812,148.5148162841797
2024-07-12,109.45343017578125,148.83047485351562
2024-07-15,111.32806396484375,151.17404174804688
2024-07-16,112.1301040649414,150.915771484375
2024-07-17,113.67618560791016,154.22544860839844
2024-07-18,114.79710388183594,154.93331909179688
2024-07-19,112.15908813476562,152.23582458496094
2024-07-22,111.38603973388672,150.16966247558594
2024-07-23,109.58872985839844,147.3956298828125
2024-07-24,111.13481140136719,148.3330841064453
2024-07-25,113.47325897216797,150.6957550048828
2024-07-26,113.37663269042969,150.98272705078125
2024-07-29,112.18807983398438,149.796630859375
2024-07-30,114.1883316040039,152.6375732421875
2024-07-31,114.59417724609375,153.4984893798828
2024-08-01,113.00943756103516,145.98951721191406
2024-08-02,112.9417953491211,142.09634399414062
2024-08-05,110.90288543701172,138.37535095214844
2024-08-06,110.3134536743164,137.00746154785156
2024-08-07,111.78223419189453,136.22308349609375
2024-08-08,113.91776275634766,138.21273803710938
2024-08-09,114.84542083740234,138.6909942626953
2024-08-12,114.99037170410156,138.71969604492188
2024-08-13,113.88877868652344,137.88746643066406
2024-08-14,114.94205474853516,138.38490295410156
2024-08-15,115.65313720703125,140.42236328125
2024-08-16,115.1076431274414,140.8719482421875
2024-08-19,115.45830535888672,142.0229949951172
2024-08-20,111.61067962646484,139.95303344726562
2024-08-21,110.89959716796875,140.5624237060547
2024-08-22,111.75679779052734,140.958984375
2024-08-23,113.30558013916016,142.78712463378906
2024-08-26,115.7310562133789,143.63832092285156
2024-08-27,114.63034057617188,142.1390380859375
2024-08-28,113.50040435791016,141.22015380859375
2024-08-29,115.06867980957031,142.5936737060547
2024-08-30,114.88360595703125,143.10630798339844
2024-09-03,112.47761535644531,139.92404174804688
2024-09-04,111.10415649414062,137.4188232421875
2024-09-05,110.23722076416016,136.31613159179688
2024-09-06,109.720947265625,134.0237274169922
2024-09-09,112.029541015625,135.70677185058594
2024-09-10,107.9481201171875,133.70452880859375
2024-09-11,106.87663269042969,133.3660125732422
2024-09-12,108.34749603271484,134.6524658203125
2024-09-13,108.26956939697266,136.00662231445312
2024-09-16,109.78913879394531,137.4381561279297
2024-09-17,111.22103881835938,138.71495056152344
2024-09-18,111.61067962646484,139.2469482421875
2024-09-19,112.99388122558594,140.24322509765625
2024-09-20,112.28279113769531,140.91061401367188
2024-09-23,114.31864166259766,142.70973205566406
2024-09-24,114.01667022705078,142.6226806640625
2024-09-25,111.79574584960938,139.25662231445312
2024-09-26,109.87681579589844,137.34144592285156
2024-09-27,112.81854248046875,140.72686767578125
2024-09-30,114.1822738647461,142.44857788085938
2024-10-01,116.82203674316406,144.79901123046875
2024-10-02,118.3708267211914,146.0081024169922
2024-10-03,119.40335845947266,146.29827880859375
2024-10-04,121.59505462646484,145.80499267578125
2024-10-07,122.12106323242188,146.1725311279297
2024-10-08,118.87735748291016,143.880126953125
2024-10-09,118.92605590820312,144.7506561279297
2024-10-10,119.9488525390625,145.68890380859375
2024-10-11,120.40666961669922,146.4627227783203
2024-10-14,120.86449432373047,146.81092834472656
2024-10-15,117.23114776611328,142.89352416992188
2024-10-16,117.53311920166016,143.86077880859375
2024-10-17,117.23114776611328,146.2499237060547
2024-10-18,116.89995574951172,145.81463623046875
2024-10-21,116.96814727783203,145.94039916992188
2024-10-22,117.57207489013672,145.9790802001953
2024-10-23,117.1532211303711,145.55348205566406
2024-10-24,116.4908447265625,145.5244598388672
2024-10-25,116.3934326171875,145.8726806640625
2024-10-28,115.8187255859375,145.6115264892578
2024-10-29,114.24070739746094,143.6576690673828
2024-10-30,113.66600036621094,143.20303344726562
2024-10-31,113.75366973876953,143.94784545898438
2024-11-01,111.9710922241211,148.05870056152344
2024-11-04,115.53623962402344,148.92922973632812
2024-11-05,115.87716674804688,148.3875732421875
2024-11-06,117.86431121826172,152.55645751953125
2024-11-07,118.01042175292969,151.63755798339844
2024-11-08,117.97145080566406,151.7923126220703
2024-11-11,117.3480453491211,151.3764190673828
2024-11-12,117.23114776611328,150.2060089111328
2024-11-13,118.32212829589844,153.5237274169922
2024-11-14,118.40069580078125,156.5028839111328
2024-11-15,117.17308044433594,156.13531494140625
2024-11-18,118.1551742553711,157.0831298828125
2024-11-19,116.50525665283203,155.94967651367188
2024-11-20,118.16499328613281,157.64010620117188
2024-11-21,119.74615478515625,157.93324279785156
2024-11-22,119.6086654663086,158.64654541015625
2024-11-25,117.82125854492188,156.69227600097656
2024-11-26,115.85708618164062,158.81265258789062
2024-11-27,115.5526351928711,158.40225219726562
2024-11-29,115.84725952148438,158.22637939453125
2024-12-02,115.73922729492188,158.49996948242188
2024-12-03,115.56245422363281,158.21661376953125
2024-12-04,112.2331771850586,154.69894409179688
2024-12-05,112.72421264648438,155.68585205078125
2024-12-06,111.535888671875,151.68939208984375
2024-12-09,110.87789154052734,153.48731994628906
2024-12-10,110.6520004272461,153.4091339111328
2024-12-11,109.91544342041016,152.63720703125
2024-12-12,109.81723022460938,151.1715087890625
2024-12-13,108.85477447509766,150.3507080078125
2024-12-16,106.52722930908203,145.94387817382812
2024-12-17,106.07547760009766,144.7224578857422
2024-12-18,104.51395416259766,140.78465270996094
2024-12-19,103.62024688720703,137.92164611816406
2024-12-20,103.97380065917969,139.58277893066406
2024-12-23,104.39610290527344,139.7000274658203
2024-12-24,104.49430847167969,140.5501251220703
2024-12-26,104.58269500732422,140.6869354248047
2024-12-27,104.57288360595703,140.7064666748047
2024-12-30,103.86577606201172,139.79774475097656
